Date,Time,Northing (m),Easting (m)
2/21/2024,11:46:30,-12.80183,-102.960289
2/21/2024,11:46:31,-12.78183,-102.940289
2/21/2024,11:46:31,-12.78183,-102.940289
2/21/2024,11:46:31,-12.66183,-102.980289
2/21/2024,11:46:31,-12.58183,-103.030289
2/21/2024,11:46:31,-12.53183,-103.070289
2/21/2024,11:46:32,-12.48183,-103.120289
2/21/2024,11:46:32,-12.43183,-103.150289
2/21/2024,11:46:32,-12.40183,-103.120289
2/21/2024,11:46:32,-12.36183,-103.080289
2/21/2024,11:46:32,-13.07183,-102.880289
2/21/2024,11:46:33,-13.06183,-102.870289
2/21/2024,11:46:33,-13.04183,-102.850289
2/21/2024,11:46:33,-13.04183,-102.830289
2/21/2024,11:46:33,-13.03183,-102.830289
2/21/2024,11:46:33,-13.03183,-102.830289
2/21/2024,11:46:34,-13.04183,-102.850289
2/21/2024,11:46:34,-13.04183,-102.870289
2/21/2024,11:46:34,-13.05183,-102.890289
2/21/2024,11:46:34,-13.05183,-102.900289
2/21/2024,11:46:34,-13.04183,-102.890289
2/21/2024,11:46:35,-13.02183,-102.870289
2/21/2024,11:46:35,-13.01183,-102.850289
2/21/2024,11:46:35,-12.99183,-102.830289
2/21/2024,11:46:35,-12.99183,-102.820289
2/21/2024,11:46:35,-12.98183,-102.820289
2/21/2024,11:46:36,-12.99183,-102.830289
2/21/2024,11:46:36,-12.99183,-102.840289
2/21/2024,11:46:36,-13.00183,-102.860289
2/21/2024,11:46:36,-13.01183,-102.880289
2/21/2024,11:46:36,-13.02183,-102.890289
2/21/2024,11:46:37,-13.01183,-102.880289
2/21/2024,11:46:37,-13.00183,-102.860289
2/21/2024,11:46:37,-13.00183,-102.830289
2/21/2024,11:46:37,-12.99183,-102.820289
2/21/2024,11:46:37,-12.99183,-102.810289
2/21/2024,11:46:38,-13.00183,-102.810289
2/21/2024,11:46:38,-13.01183,-102.820289
2/21/2024,11:46:38,-13.01183,-102.840289
2/21/2024,11:46:38,-13.02183,-102.850289
2/21/2024,11:46:38,-13.02183,-102.850289
2/21/2024,11:46:39,-13.03183,-102.850289
2/21/2024,11:46:39,-13.03183,-102.850289
2/21/2024,11:46:39,-13.04183,-102.840289
2/21/2024,11:46:39,-13.04183,-102.830289
2/21/2024,11:46:39,-13.05183,-102.830289
2/21/2024,11:46:40,-13.05183,-102.830289
2/21/2024,11:46:40,-13.05183,-102.830289
2/21/2024,11:46:40,-13.05183,-102.830289
2/21/2024,11:46:40,-13.05183,-102.840289
2/21/2024,11:46:40,-13.05183,-102.840289
2/21/2024,11:46:41,-13.06183,-102.850289
2/21/2024,11:46:41,-13.06183,-102.850289
2/21/2024,11:46:41,-13.06183,-102.860289
2/21/2024,11:46:41,-13.06183,-102.870289
2/21/2024,11:46:41,-13.07183,-102.870289
2/21/2024,11:46:42,-13.08183,-102.870289
2/21/2024,11:46:42,-13.07183,-102.870289
2/21/2024,11:46:42,-13.07183,-102.860289
2/21/2024,11:46:42,-13.07183,-102.850289
2/21/2024,11:46:42,-13.06183,-102.840289
2/21/2024,11:46:43,-13.05183,-102.840289
2/21/2024,11:46:43,-13.06183,-102.850289
2/21/2024,11:46:43,-13.06183,-102.850289
2/21/2024,11:46:43,-13.07183,-102.860289
2/21/2024,11:46:43,-13.06183,-102.870289
2/21/2024,11:46:44,-13.07183,-102.870289
2/21/2024,11:46:44,-13.07183,-102.860289
2/21/2024,11:46:44,-13.07183,-102.850289
2/21/2024,11:46:44,-13.06183,-102.840289
2/21/2024,11:46:44,-13.05183,-102.830289
2/21/2024,11:46:45,-13.05183,-102.840289
2/21/2024,11:46:45,-13.04183,-102.840289
2/21/2024,11:46:45,-13.03183,-102.840289
2/21/2024,11:46:45,-13.03183,-102.840289
2/21/2024,11:46:45,-13.02183,-102.840289
2/21/2024,11:46:46,-13.02183,-102.850289
2/21/2024,11:46:46,-13.02183,-102.860289
2/21/2024,11:46:46,-13.02183,-102.860289
2/21/2024,11:46:46,-13.02183,-102.860289
2/21/2024,11:46:46,-13.01183,-102.860289
2/21/2024,11:46:47,-13.01183,-102.860289
2/21/2024,11:46:47,-13.01183,-102.850289
2/21/2024,11:46:47,-13.00183,-102.840289
2/21/2024,11:46:47,-12.99183,-102.830289
2/21/2024,11:46:47,-13.00183,-102.830289
2/21/2024,11:46:48,-13.00183,-102.840289
2/21/2024,11:46:48,-13.01183,-102.850289
2/21/2024,11:46:48,-13.01183,-102.860289
2/21/2024,11:46:48,-13.03183,-102.880289
2/21/2024,11:46:48,-13.03183,-102.890289
2/21/2024,11:46:49,-13.03183,-102.880289
2/21/2024,11:46:49,-13.03183,-102.880289
2/21/2024,11:46:49,-13.02183,-102.860289
2/21/2024,11:46:49,-13.02183,-102.850289
2/21/2024,11:46:49,-13.02183,-102.850289
2/21/2024,11:46:50,-13.02183,-102.860289
2/21/2024,11:46:50,-13.03183,-102.870289
2/21/2024,11:46:50,-13.03183,-102.880289
2/21/2024,11:46:50,-13.04183,-102.890289
2/21/2024,11:46:50,-13.04183,-102.900289
2/21/2024,11:46:51,-13.04183,-102.900289
2/21/2024,11:46:51,-13.04183,-102.900289
2/21/2024,11:46:51,-13.04183,-102.890289
2/21/2024,11:46:51,-13.03183,-102.890289
2/21/2024,11:46:51,-13.04183,-102.890289
2/21/2024,11:46:52,-13.04183,-102.890289
2/21/2024,11:46:52,-13.04183,-102.900289
2/21/2024,11:46:52,-13.04183,-102.900289
2/21/2024,11:46:52,-13.05183,-102.900289
2/21/2024,11:46:52,-13.05183,-102.900289
2/21/2024,11:46:53,-13.04183,-102.890289
2/21/2024,11:46:53,-13.04183,-102.880289
2/21/2024,11:46:53,-13.04183,-102.880289
2/21/2024,11:46:53,-13.04183,-102.870289
2/21/2024,11:46:53,-13.04183,-102.880289
2/21/2024,11:46:54,-13.04183,-102.880289
2/21/2024,11:46:54,-13.05183,-102.890289
2/21/2024,11:46:54,-13.05183,-102.890289
2/21/2024,11:46:54,-13.05183,-102.880289
2/21/2024,11:46:54,-13.05183,-102.870289
2/21/2024,11:46:55,-13.03183,-102.850289
2/21/2024,11:46:55,-13.03183,-102.830289
2/21/2024,11:46:55,-13.02183,-102.820289
2/21/2024,11:46:55,-13.03183,-102.830289
2/21/2024,11:46:55,-13.03183,-102.840289
2/21/2024,11:46:56,-13.04183,-102.850289
2/21/2024,11:46:56,-13.04183,-102.870289
2/21/2024,11:46:56,-13.04183,-102.870289
2/21/2024,11:46:56,-13.03183,-102.860289
2/21/2024,11:46:56,-13.03183,-102.840289
2/21/2024,11:46:57,-13.01183,-102.820289
2/21/2024,11:46:57,-13.00183,-102.810289
2/21/2024,11:46:57,-13.00183,-102.810289
2/21/2024,11:46:57,-13.01183,-102.810289
2/21/2024,11:46:57,-13.01183,-102.830289
2/21/2024,11:46:58,-13.01183,-102.840289
2/21/2024,11:46:58,-13.01183,-102.850289
2/21/2024,11:46:58,-13.02183,-102.850289
2/21/2024,11:46:58,-13.01183,-102.850289
2/21/2024,11:46:58,-13.01183,-102.840289
2/21/2024,11:46:59,-13.01183,-102.830289
2/21/2024,11:46:59,-13.00183,-102.820289
2/21/2024,11:46:59,-13.00183,-102.820289
2/21/2024,11:46:59,-13.01183,-102.830289
2/21/2024,11:46:59,-13.01183,-102.830289
2/21/2024,11:47:00,-13.01183,-102.830289
2/21/2024,11:47:00,-13.01183,-102.840289
2/21/2024,11:47:00,-13.02183,-102.850289
2/21/2024,11:47:00,-13.02183,-102.850289
2/21/2024,11:47:00,-13.02183,-102.860289
2/21/2024,11:47:01,-13.02183,-102.860289
2/21/2024,11:47:01,-13.02183,-102.850289
2/21/2024,11:47:01,-13.02183,-102.840289
2/21/2024,11:47:01,-13.02183,-102.840289
2/21/2024,11:47:01,-13.02183,-102.840289
2/21/2024,11:47:02,-13.02183,-102.840289
2/21/2024,11:47:02,-13.03183,-102.850289
2/21/2024,11:47:02,-13.03183,-102.860289
2/21/2024,11:47:02,-13.03183,-102.870289
2/21/2024,11:47:02,-13.04183,-102.880289
2/21/2024,11:47:03,-13.04183,-102.880289
2/21/2024,11:47:03,-13.04183,-102.880289
2/21/2024,11:47:03,-13.03183,-102.870289
2/21/2024,11:47:03,-13.03183,-102.860289
2/21/2024,11:47:03,-13.02183,-102.850289
2/21/2024,11:47:04,-13.02183,-102.850289
2/21/2024,11:47:04,-13.03183,-102.850289
2/21/2024,11:47:04,-13.03183,-102.850289
2/21/2024,11:47:04,-13.03183,-102.860289
2/21/2024,11:47:04,-13.04183,-102.870289
2/21/2024,11:47:05,-13.04183,-102.870289
2/21/2024,11:47:05,-13.04183,-102.870289
2/21/2024,11:47:05,-13.05183,-102.870289
2/21/2024,11:47:05,-13.03183,-102.850289
2/21/2024,11:47:05,-13.03183,-102.840289
2/21/2024,11:47:06,-13.02183,-102.830289
2/21/2024,11:47:06,-13.01183,-102.820289
2/21/2024,11:47:06,-13.01183,-102.820289
2/21/2024,11:47:06,-13.02183,-102.820289
2/21/2024,11:47:06,-13.02183,-102.830289
2/21/2024,11:47:07,-13.03183,-102.840289
2/21/2024,11:47:07,-13.04183,-102.850289
2/21/2024,11:47:07,-13.04183,-102.850289
2/21/2024,11:47:07,-13.04183,-102.840289
2/21/2024,11:47:07,-13.04183,-102.830289
2/21/2024,11:47:08,-13.03183,-102.820289
2/21/2024,11:47:08,-13.02183,-102.810289
2/21/2024,11:47:08,-13.02183,-102.810289
2/21/2024,11:47:08,-13.02183,-102.820289
2/21/2024,11:47:08,-13.02183,-102.830289
2/21/2024,11:47:09,-13.02183,-102.850289
2/21/2024,11:47:09,-13.03183,-102.860289
2/21/2024,11:47:09,-13.03183,-102.870289
2/21/2024,11:47:09,-13.03183,-102.870289
2/21/2024,11:47:09,-13.02183,-102.860289
2/21/2024,11:47:10,-13.00183,-102.850289
2/21/2024,11:47:10,-13.00183,-102.840289
2/21/2024,11:47:10,-12.99183,-102.850289
2/21/2024,11:47:10,-13.00183,-102.860289
2/21/2024,11:47:10,-13.00183,-102.870289
2/21/2024,11:47:11,-13.01183,-102.880289
2/21/2024,11:47:11,-13.02183,-102.900289
2/21/2024,11:47:11,-13.02183,-102.900289
2/21/2024,11:47:11,-13.02183,-102.900289
2/21/2024,11:47:11,-13.01183,-102.890289
2/21/2024,11:47:12,-13.01183,-102.880289
2/21/2024,11:47:12,-13.00183,-102.880289
2/21/2024,11:47:12,-13.00183,-102.880289
2/21/2024,11:47:12,-13.01183,-102.890289
2/21/2024,11:47:12,-13.01183,-102.900289
2/21/2024,11:47:13,-13.02183,-102.900289
2/21/2024,11:47:13,-13.02183,-102.910289
2/21/2024,11:47:13,-13.02183,-102.910289
2/21/2024,11:47:13,-13.02183,-102.900289
2/21/2024,11:47:13,-13.02183,-102.900289
2/21/2024,11:47:14,-13.02183,-102.900289
2/21/2024,11:47:14,-13.02183,-102.900289
2/21/2024,11:47:14,-13.02183,-102.910289
2/21/2024,11:47:14,-13.02183,-102.910289
2/21/2024,11:47:14,-13.02183,-102.890289
2/21/2024,11:47:15,-13.02183,-102.880289
2/21/2024,11:47:15,-13.01183,-102.880289
2/21/2024,11:47:15,-13.01183,-102.880289
2/21/2024,11:47:15,-13.02183,-102.890289
2/21/2024,11:47:15,-13.02183,-102.900289
2/21/2024,11:47:16,-13.03183,-102.900289
2/21/2024,11:47:16,-13.03183,-102.900289
2/21/2024,11:47:16,-13.03183,-102.900289
2/21/2024,11:47:16,-13.02183,-102.880289
2/21/2024,11:47:16,-13.02183,-102.870289
2/21/2024,11:47:17,-13.01183,-102.850289
2/21/2024,11:47:17,-13.01183,-102.840289
2/21/2024,11:47:17,-13.01183,-102.840289
2/21/2024,11:47:17,-13.01183,-102.840289
2/21/2024,11:47:17,-13.01183,-102.850289
2/21/2024,11:47:18,-13.02183,-102.860289
2/21/2024,11:47:18,-13.03183,-102.860289
2/21/2024,11:47:18,-13.03183,-102.860289
2/21/2024,11:47:18,-13.02183,-102.850289
2/21/2024,11:47:18,-13.02183,-102.830289
2/21/2024,11:47:19,-13.01183,-102.810289
2/21/2024,11:47:19,-13.00183,-102.800289
2/21/2024,11:47:19,-13.00183,-102.810289
2/21/2024,11:47:19,-13.00183,-102.810289
2/21/2024,11:47:19,-13.01183,-102.830289
2/21/2024,11:47:20,-13.01183,-102.840289
2/21/2024,11:47:20,-13.01183,-102.860289
2/21/2024,11:47:20,-13.02183,-102.860289
2/21/2024,11:47:20,-13.01183,-102.860289
2/21/2024,11:47:20,-13.01183,-102.850289
2/21/2024,11:47:21,-13.00183,-102.840289
2/21/2024,11:47:21,-13.00183,-102.840289
2/21/2024,11:47:21,-12.99183,-102.840289
2/21/2024,11:47:21,-13.00183,-102.840289
2/21/2024,11:47:21,-13.00183,-102.850289
2/21/2024,11:47:22,-13.01183,-102.860289
2/21/2024,11:47:22,-13.02183,-102.880289
2/21/2024,11:47:22,-13.02183,-102.880289
2/21/2024,11:47:22,-13.03183,-102.880289
2/21/2024,11:47:22,-13.03183,-102.880289
2/21/2024,11:47:23,-13.03183,-102.870289
2/21/2024,11:47:23,-13.03183,-102.860289
2/21/2024,11:47:23,-13.03183,-102.860289
2/21/2024,11:47:23,-13.04183,-102.870289
2/21/2024,11:47:23,-13.04183,-102.880289
2/21/2024,11:47:24,-13.05183,-102.880289
2/21/2024,11:47:24,-13.05183,-102.890289
2/21/2024,11:47:24,-13.04183,-102.890289
2/21/2024,11:47:24,-13.05183,-102.890289
2/21/2024,11:47:24,-13.04183,-102.880289
2/21/2024,11:47:25,-13.04183,-102.880289
2/21/2024,11:47:25,-13.03183,-102.870289
2/21/2024,11:47:25,-13.03183,-102.860289
2/21/2024,11:47:25,-13.02183,-102.860289
2/21/2024,11:47:25,-13.03183,-102.860289
2/21/2024,11:47:26,-13.03183,-102.860289
2/21/2024,11:47:26,-13.02183,-102.870289
2/21/2024,11:47:26,-13.03183,-102.870289
2/21/2024,11:47:26,-13.03183,-102.880289
2/21/2024,11:47:26,-13.03183,-102.870289
2/21/2024,11:47:27,-13.02183,-102.860289
2/21/2024,11:47:27,-13.02183,-102.850289
2/21/2024,11:47:27,-13.01183,-102.830289
2/21/2024,11:47:27,-13.01183,-102.820289
2/21/2024,11:47:27,-13.01183,-102.820289
2/21/2024,11:47:28,-13.01183,-102.820289
2/21/2024,11:47:28,-13.01183,-102.840289
2/21/2024,11:47:28,-13.02183,-102.850289
2/21/2024,11:47:28,-13.03183,-102.860289
2/21/2024,11:47:28,-13.03183,-102.860289
2/21/2024,11:47:29,-13.02183,-102.850289
2/21/2024,11:47:29,-13.01183,-102.840289
2/21/2024,11:47:29,-13.00183,-102.820289
2/21/2024,11:47:29,-12.99183,-102.810289
2/21/2024,11:47:29,-12.99183,-102.820289
2/21/2024,11:47:30,-13.00183,-102.830289
2/21/2024,11:47:30,-13.00183,-102.850289
2/21/2024,11:47:30,-13.02183,-102.870289
2/21/2024,11:47:30,-13.03183,-102.890289
2/21/2024,11:47:30,-13.03183,-102.900289
2/21/2024,11:47:31,-13.03183,-102.890289
2/21/2024,11:47:31,-13.02183,-102.880289
2/21/2024,11:47:31,-12.99183,-102.870289
2/21/2024,11:47:31,-12.99183,-102.870289
2/21/2024,11:47:31,-12.99183,-102.880289
2/21/2024,11:47:32,-13.00183,-102.890289
2/21/2024,11:47:32,-13.01183,-102.910289
2/21/2024,11:47:32,-13.02183,-102.930289
2/21/2024,11:47:32,-13.03183,-102.940289
2/21/2024,11:47:32,-13.03183,-102.940289
2/21/2024,11:47:33,-13.01183,-102.930289
2/21/2024,11:47:33,-13.01183,-102.920289
2/21/2024,11:47:33,-13.00183,-102.900289
2/21/2024,11:47:33,-13.00183,-102.900289
2/21/2024,11:47:33,-13.00183,-102.910289
2/21/2024,11:47:34,-13.01183,-102.910289
2/21/2024,11:47:34,-13.01183,-102.920289
2/21/2024,11:47:34,-13.02183,-102.920289
2/21/2024,11:47:34,-13.02183,-102.930289
2/21/2024,11:47:34,-13.02183,-102.920289
2/21/2024,11:47:35,-13.02183,-102.910289
2/21/2024,11:47:35,-13.01183,-102.900289
2/21/2024,11:47:35,-12.99183,-102.890289
2/21/2024,11:47:35,-12.99183,-102.880289
2/21/2024,11:47:35,-12.99183,-102.890289
2/21/2024,11:47:36,-12.99183,-102.890289
2/21/2024,11:47:36,-13.00183,-102.890289
2/21/2024,11:47:36,-13.00183,-102.900289
2/21/2024,11:47:36,-13.00183,-102.900289
2/21/2024,11:47:36,-13.00183,-102.890289
2/21/2024,11:47:37,-13.00183,-102.880289
2/21/2024,11:47:37,-13.00183,-102.860289
2/21/2024,11:47:37,-12.99183,-102.850289
2/21/2024,11:47:37,-12.99183,-102.840289
2/21/2024,11:47:37,-13.00183,-102.840289
2/21/2024,11:47:38,-13.00183,-102.840289
2/21/2024,11:47:38,-13.00183,-102.850289
2/21/2024,11:47:38,-13.01183,-102.840289
2/21/2024,11:47:38,-13.02183,-102.840289
2/21/2024,11:47:38,-13.02183,-102.840289
2/21/2024,11:47:39,-13.02183,-102.840289
2/21/2024,11:47:39,-13.02183,-102.840289
2/21/2024,11:47:39,-13.00183,-102.840289
2/21/2024,11:47:39,-13.00183,-102.830289
2/21/2024,11:47:39,-13.00183,-102.820289
2/21/2024,11:47:40,-13.00183,-102.810289
2/21/2024,11:47:40,-13.00183,-102.810289
2/21/2024,11:47:40,-13.00183,-102.820289
2/21/2024,11:47:40,-13.01183,-102.830289
2/21/2024,11:47:40,-13.01183,-102.850289
2/21/2024,11:47:41,-13.02183,-102.860289
2/21/2024,11:47:41,-13.03183,-102.870289
2/21/2024,11:47:41,-13.03183,-102.870289
2/21/2024,11:47:41,-13.02183,-102.860289
2/21/2024,11:47:41,-13.02183,-102.850289
2/21/2024,11:47:42,-13.02183,-102.840289
2/21/2024,11:47:42,-13.02183,-102.830289
2/21/2024,11:47:42,-13.03183,-102.840289
2/21/2024,11:47:42,-13.04183,-102.850289
2/21/2024,11:47:42,-13.05183,-102.870289
2/21/2024,11:47:43,-13.05183,-102.880289
2/21/2024,11:47:43,-13.06183,-102.890289
2/21/2024,11:47:43,-13.05183,-102.900289
2/21/2024,11:47:43,-13.05183,-102.900289
2/21/2024,11:47:43,-13.05183,-102.890289
2/21/2024,11:47:44,-13.04183,-102.880289
2/21/2024,11:47:44,-13.04183,-102.870289
2/21/2024,11:47:44,-13.04183,-102.870289
2/21/2024,11:47:44,-13.04183,-102.870289
2/21/2024,11:47:44,-13.04183,-102.870289
2/21/2024,11:47:45,-13.05183,-102.880289
2/21/2024,11:47:45,-13.05183,-102.890289
2/21/2024,11:47:45,-13.06183,-102.900289
2/21/2024,11:47:45,-13.07183,-102.900289
2/21/2024,11:47:45,-13.06183,-102.900289
2/21/2024,11:47:46,-13.05183,-102.890289
2/21/2024,11:47:46,-13.04183,-102.870289
2/21/2024,11:47:46,-13.04183,-102.860289
2/21/2024,11:47:46,-13.03183,-102.850289
2/21/2024,11:47:46,-13.04183,-102.860289
2/21/2024,11:47:47,-13.04183,-102.860289
2/21/2024,11:47:47,-13.04183,-102.860289
2/21/2024,11:47:47,-13.05183,-102.860289
2/21/2024,11:47:47,-13.05183,-102.870289
2/21/2024,11:47:47,-13.05183,-102.860289
2/21/2024,11:47:48,-13.04183,-102.850289
2/21/2024,11:47:48,-13.04183,-102.840289
2/21/2024,11:47:48,-13.03183,-102.840289
2/21/2024,11:47:48,-13.03183,-102.840289
2/21/2024,11:47:48,-13.03183,-102.840289
2/21/2024,11:47:49,-13.02183,-102.850289
2/21/2024,11:47:49,-13.02183,-102.850289
2/21/2024,11:47:49,-13.01183,-102.850289
2/21/2024,11:47:49,-13.01183,-102.850289
2/21/2024,11:47:49,-13.01183,-102.860289
2/21/2024,11:47:50,-13.00183,-102.860289
2/21/2024,11:47:50,-13.00183,-102.860289
2/21/2024,11:47:50,-12.99183,-102.860289
2/21/2024,11:47:50,-12.99183,-102.860289
2/21/2024,11:47:50,-12.99183,-102.860289
2/21/2024,11:47:51,-13.00183,-102.860289
2/21/2024,11:47:51,-13.00183,-102.860289
2/21/2024,11:47:51,-12.99183,-102.860289
2/21/2024,11:47:51,-13.00183,-102.860289
2/21/2024,11:47:51,-13.00183,-102.870289
2/21/2024,11:47:52,-13.00183,-102.880289
2/21/2024,11:47:52,-13.00183,-102.880289
2/21/2024,11:47:52,-13.00183,-102.880289
2/21/2024,11:47:52,-13.00183,-102.880289
2/21/2024,11:47:52,-13.00183,-102.870289
2/21/2024,11:47:53,-13.00183,-102.870289
2/21/2024,11:47:53,-13.00183,-102.860289
2/21/2024,11:47:53,-13.00183,-102.860289
2/21/2024,11:47:53,-13.01183,-102.870289
2/21/2024,11:47:53,-13.01183,-102.880289
2/21/2024,11:47:54,-13.01183,-102.890289
2/21/2024,11:47:54,-13.02183,-102.900289
2/21/2024,11:47:54,-13.02183,-102.900289
2/21/2024,11:47:54,-13.02183,-102.900289
2/21/2024,11:47:54,-13.02183,-102.890289
2/21/2024,11:47:55,-13.02183,-102.880289
2/21/2024,11:47:55,-13.01183,-102.860289
2/21/2024,11:47:55,-13.01183,-102.860289
2/21/2024,11:47:55,-13.01183,-102.860289
2/21/2024,11:47:55,-13.02183,-102.860289
2/21/2024,11:47:56,-13.02183,-102.880289
2/21/2024,11:47:56,-13.03183,-102.890289
2/21/2024,11:47:56,-13.04183,-102.910289
2/21/2024,11:47:56,-13.05183,-102.910289
2/21/2024,11:47:56,-13.05183,-102.910289
2/21/2024,11:47:57,-13.04183,-102.900289
2/21/2024,11:47:57,-13.04183,-102.880289
2/21/2024,11:47:57,-13.03183,-102.860289
2/21/2024,11:47:57,-13.03183,-102.850289
2/21/2024,11:47:57,-13.03183,-102.850289
2/21/2024,11:47:58,-13.04183,-102.850289
2/21/2024,11:47:58,-13.04183,-102.870289
2/21/2024,11:47:58,-13.06183,-102.890289
2/21/2024,11:47:58,-13.07183,-102.910289
2/21/2024,11:47:58,-13.08183,-102.910289
2/21/2024,11:47:59,-13.07183,-102.900289
2/21/2024,11:47:59,-13.06183,-102.880289
2/21/2024,11:47:59,-13.06183,-102.850289
2/21/2024,11:47:59,-13.06183,-102.830289
2/21/2024,11:47:59,-13.05183,-102.830289
2/21/2024,11:48:00,-13.06183,-102.830289
2/21/2024,11:48:00,-13.06183,-102.840289
2/21/2024,11:48:00,-13.07183,-102.850289
2/21/2024,11:48:00,-13.07183,-102.860289
2/21/2024,11:48:00,-13.08183,-102.870289
2/21/2024,11:48:01,-13.08183,-102.870289
2/21/2024,11:48:01,-13.06183,-102.860289
2/21/2024,11:48:01,-13.06183,-102.840289
2/21/2024,11:48:01,-13.05183,-102.830289
2/21/2024,11:48:01,-13.05183,-102.820289
2/21/2024,11:48:02,-13.05183,-102.820289
2/21/2024,11:48:02,-13.05183,-102.830289
2/21/2024,11:48:02,-13.05183,-102.850289
2/21/2024,11:48:02,-13.05183,-102.860289
2/21/2024,11:48:02,-13.05183,-102.870289
2/21/2024,11:48:03,-13.05183,-102.880289
2/21/2024,11:48:03,-13.05183,-102.880289
2/21/2024,11:48:03,-13.03183,-102.870289
2/21/2024,11:48:03,-13.03183,-102.850289
2/21/2024,11:48:03,-13.02183,-102.830289
2/21/2024,11:48:04,-13.01183,-102.830289
2/21/2024,11:48:04,-13.01183,-102.830289
2/21/2024,11:48:04,-13.01183,-102.840289
2/21/2024,11:48:04,-13.01183,-102.860289
2/21/2024,11:48:04,-13.02183,-102.870289
2/21/2024,11:48:05,-13.02183,-102.880289
2/21/2024,11:48:05,-13.02183,-102.890289
2/21/2024,11:48:05,-13.01183,-102.880289
2/21/2024,11:48:05,-13.00183,-102.850289
2/21/2024,11:48:05,-13.00183,-102.840289
2/21/2024,11:48:06,-12.98183,-102.830289
2/21/2024,11:48:06,-12.99183,-102.840289
2/21/2024,11:48:06,-12.99183,-102.850289
2/21/2024,11:48:06,-12.99183,-102.860289
2/21/2024,11:48:06,-12.99183,-102.870289
2/21/2024,11:48:07,-13.00183,-102.880289
2/21/2024,11:48:07,-13.01183,-102.880289
2/21/2024,11:48:07,-13.00183,-102.870289
2/21/2024,11:48:07,-12.99183,-102.860289
2/21/2024,11:48:07,-12.99183,-102.840289
2/21/2024,11:48:08,-12.99183,-102.830289
2/21/2024,11:48:08,-12.99183,-102.830289
2/21/2024,11:48:08,-12.99183,-102.840289
2/21/2024,11:48:08,-12.99183,-102.860289
2/21/2024,11:48:08,-13.00183,-102.860289
2/21/2024,11:48:09,-13.00183,-102.860289
2/21/2024,11:48:09,-13.00183,-102.860289
2/21/2024,11:48:09,-13.00183,-102.860289
2/21/2024,11:48:09,-13.00183,-102.840289
2/21/2024,11:48:09,-13.00183,-102.830289
2/21/2024,11:48:10,-13.00183,-102.830289
2/21/2024,11:48:10,-13.01183,-102.840289
2/21/2024,11:48:10,-13.01183,-102.840289
2/21/2024,11:48:10,-13.02183,-102.840289
2/21/2024,11:48:10,-13.03183,-102.850289
2/21/2024,11:48:11,-13.03183,-102.850289
2/21/2024,11:48:11,-13.03183,-102.850289
2/21/2024,11:48:11,-13.01183,-102.840289
2/21/2024,11:48:11,-13.01183,-102.830289
2/21/2024,11:48:11,-13.01183,-102.830289
2/21/2024,11:48:12,-13.02183,-102.830289
2/21/2024,11:48:12,-13.02183,-102.840289
2/21/2024,11:48:12,-13.02183,-102.850289
2/21/2024,11:48:12,-13.02183,-102.850289
2/21/2024,11:48:12,-13.02183,-102.860289
2/21/2024,11:48:13,-13.02183,-102.860289
2/21/2024,11:48:13,-13.02183,-102.850289
2/21/2024,11:48:13,-13.02183,-102.850289
2/21/2024,11:48:13,-13.02183,-102.850289
2/21/2024,11:48:13,-13.03183,-102.850289
2/21/2024,11:48:14,-13.03183,-102.850289
2/21/2024,11:48:14,-13.03183,-102.850289
2/21/2024,11:48:14,-13.04183,-102.850289
2/21/2024,11:48:14,-13.04183,-102.850289
2/21/2024,11:48:14,-13.04183,-102.850289
2/21/2024,11:48:15,-13.04183,-102.860289
2/21/2024,11:48:15,-13.04183,-102.860289
2/21/2024,11:48:15,-13.04183,-102.860289
2/21/2024,11:48:15,-13.04183,-102.860289
2/21/2024,11:48:15,-13.04183,-102.860289
2/21/2024,11:48:16,-13.04183,-102.850289
2/21/2024,11:48:16,-13.04183,-102.850289
2/21/2024,11:48:16,-13.04183,-102.860289
2/21/2024,11:48:16,-13.05183,-102.860289
2/21/2024,11:48:16,-13.05183,-102.860289
2/21/2024,11:48:17,-13.05183,-102.860289
2/21/2024,11:48:17,-13.05183,-102.860289
2/21/2024,11:48:17,-13.05183,-102.860289
2/21/2024,11:48:17,-13.05183,-102.860289
2/21/2024,11:48:17,-13.05183,-102.850289
2/21/2024,11:48:18,-13.05183,-102.850289
2/21/2024,11:48:18,-13.05183,-102.850289
2/21/2024,11:48:18,-13.05183,-102.850289
2/21/2024,11:48:18,-13.06183,-102.850289
2/21/2024,11:48:18,-13.06183,-102.860289
2/21/2024,11:48:19,-13.06183,-102.870289
2/21/2024,11:48:19,-13.06183,-102.860289
2/21/2024,11:48:19,-13.06183,-102.860289
2/21/2024,11:48:19,-13.06183,-102.850289
2/21/2024,11:48:19,-13.06183,-102.840289
2/21/2024,11:48:20,-13.06183,-102.840289
2/21/2024,11:48:20,-13.06183,-102.840289
2/21/2024,11:48:20,-13.06183,-102.840289
2/21/2024,11:48:20,-13.06183,-102.850289
2/21/2024,11:48:20,-13.06183,-102.860289
2/21/2024,11:48:21,-13.06183,-102.860289
2/21/2024,11:48:21,-13.07183,-102.860289
2/21/2024,11:48:21,-13.06183,-102.860289
2/21/2024,11:48:21,-13.06183,-102.850289
2/21/2024,11:48:21,-13.06183,-102.840289
2/21/2024,11:48:22,-13.06183,-102.830289
2/21/2024,11:48:22,-13.05183,-102.830289
2/21/2024,11:48:22,-13.06183,-102.830289
2/21/2024,11:48:22,-13.05183,-102.840289
2/21/2024,11:48:22,-13.05183,-102.850289
2/21/2024,11:48:23,-13.05183,-102.850289
2/21/2024,11:48:23,-13.05183,-102.850289
2/21/2024,11:48:23,-13.05183,-102.860289
2/21/2024,11:48:23,-13.05183,-102.850289
2/21/2024,11:48:23,-13.05183,-102.850289
2/21/2024,11:48:24,-13.05183,-102.840289
2/21/2024,11:48:24,-13.05183,-102.840289
2/21/2024,11:48:24,-13.04183,-102.840289
2/21/2024,11:48:24,-13.04183,-102.850289
2/21/2024,11:48:24,-13.04183,-102.850289
2/21/2024,11:48:25,-13.04183,-102.850289
2/21/2024,11:48:25,-13.04183,-102.850289
2/21/2024,11:48:25,-13.03183,-102.850289
2/21/2024,11:48:25,-13.04183,-102.850289
2/21/2024,11:48:25,-13.03183,-102.860289
2/21/2024,11:48:26,-13.03183,-102.860289
2/21/2024,11:48:26,-13.03183,-102.860289
2/21/2024,11:48:26,-13.03183,-102.860289
2/21/2024,11:48:26,-13.03183,-102.860289
2/21/2024,11:48:26,-13.02183,-102.860289
2/21/2024,11:48:27,-13.02183,-102.860289
2/21/2024,11:48:27,-13.02183,-102.850289
2/21/2024,11:48:27,-13.02183,-102.850289
2/21/2024,11:48:27,-13.02183,-102.850289
2/21/2024,11:48:27,-13.02183,-102.870289
2/21/2024,11:48:28,-13.02183,-102.880289
2/21/2024,11:48:28,-13.02183,-102.880289
2/21/2024,11:48:28,-13.02183,-102.880289
2/21/2024,11:48:28,-13.02183,-102.880289
2/21/2024,11:48:28,-13.01183,-102.870289
2/21/2024,11:48:29,-13.01183,-102.860289
2/21/2024,11:48:29,-13.01183,-102.850289
2/21/2024,11:48:29,-13.01183,-102.850289
2/21/2024,11:48:29,-13.01183,-102.870289
2/21/2024,11:48:29,-13.01183,-102.880289
2/21/2024,11:48:30,-13.01183,-102.890289
2/21/2024,11:48:30,-13.02183,-102.890289
2/21/2024,11:48:30,-13.02183,-102.890289
2/21/2024,11:48:30,-13.02183,-102.890289
2/21/2024,11:48:30,-13.01183,-102.880289
2/21/2024,11:48:31,-13.01183,-102.870289
2/21/2024,11:48:31,-13.02183,-102.860289
2/21/2024,11:48:31,-13.02183,-102.850289
2/21/2024,11:48:31,-13.02183,-102.860289
2/21/2024,11:48:31,-13.01183,-102.860289
2/21/2024,11:48:32,-13.01183,-102.870289
2/21/2024,11:48:32,-13.02183,-102.880289
2/21/2024,11:48:32,-13.03183,-102.880289
2/21/2024,11:48:32,-13.02183,-102.880289
2/21/2024,11:48:32,-13.02183,-102.870289
2/21/2024,11:48:33,-13.02183,-102.860289
2/21/2024,11:48:33,-13.03183,-102.850289
2/21/2024,11:48:33,-13.03183,-102.850289
2/21/2024,11:48:33,-13.03183,-102.850289
2/21/2024,11:48:33,-13.03183,-102.850289
2/21/2024,11:48:34,-13.03183,-102.850289
2/21/2024,11:48:34,-13.03183,-102.850289
2/21/2024,11:48:34,-13.03183,-102.850289
2/21/2024,11:48:34,-13.04183,-102.850289
2/21/2024,11:48:34,-13.03183,-102.850289
2/21/2024,11:48:35,-13.04183,-102.840289
2/21/2024,11:48:35,-13.04183,-102.840289
2/21/2024,11:48:35,-13.03183,-102.830289
2/21/2024,11:48:35,-13.03183,-102.830289
2/21/2024,11:48:35,-13.03183,-102.820289
2/21/2024,11:48:36,-13.03183,-102.830289
2/21/2024,11:48:36,-13.03183,-102.830289
2/21/2024,11:48:36,-13.03183,-102.840289
2/21/2024,11:48:36,-13.03183,-102.850289
2/21/2024,11:48:36,-13.03183,-102.850289
2/21/2024,11:48:37,-13.03183,-102.850289
2/21/2024,11:48:37,-13.03183,-102.850289
2/21/2024,11:48:37,-13.02183,-102.850289
2/21/2024,11:48:37,-13.02183,-102.830289
2/21/2024,11:48:37,-13.02183,-102.830289
2/21/2024,11:48:38,-13.01183,-102.830289
2/21/2024,11:48:38,-13.01183,-102.840289
2/21/2024,11:48:38,-13.01183,-102.850289
2/21/2024,11:48:38,-13.00183,-102.870289
2/21/2024,11:48:38,-13.01183,-102.880289
2/21/2024,11:48:39,-13.01183,-102.880289
2/21/2024,11:48:39,-13.01183,-102.890289
2/21/2024,11:48:39,-13.00183,-102.880289
2/21/2024,11:48:39,-13.00183,-102.870289
2/21/2024,11:48:39,-13.00183,-102.860289
2/21/2024,11:48:40,-12.99183,-102.860289
2/21/2024,11:48:40,-12.99183,-102.860289
2/21/2024,11:48:40,-13.00183,-102.870289
2/21/2024,11:48:40,-13.00183,-102.890289
2/21/2024,11:48:40,-13.00183,-102.900289
2/21/2024,11:48:41,-13.01183,-102.910289
2/21/2024,11:48:41,-13.01183,-102.910289
2/21/2024,11:48:41,-13.00183,-102.910289
2/21/2024,11:48:41,-12.99183,-102.900289
2/21/2024,11:48:41,-12.99183,-102.880289
2/21/2024,11:48:42,-12.99183,-102.870289
2/21/2024,11:48:42,-12.99183,-102.860289
2/21/2024,11:48:42,-12.99183,-102.860289
2/21/2024,11:48:42,-13.00183,-102.870289
2/21/2024,11:48:42,-13.00183,-102.880289
2/21/2024,11:48:43,-13.00183,-102.880289
2/21/2024,11:48:43,-13.01183,-102.890289
2/21/2024,11:48:43,-13.02183,-102.890289
2/21/2024,11:48:43,-13.02183,-102.890289
2/21/2024,11:48:43,-13.01183,-102.880289
2/21/2024,11:48:44,-13.01183,-102.860289
2/21/2024,11:48:44,-13.02183,-102.850289
2/21/2024,11:48:44,-13.02183,-102.850289
2/21/2024,11:48:44,-13.02183,-102.850289
2/21/2024,11:48:44,-13.02183,-102.850289
2/21/2024,11:48:45,-13.03183,-102.850289
2/21/2024,11:48:45,-13.04183,-102.860289
2/21/2024,11:48:45,-13.04183,-102.860289
2/21/2024,11:48:45,-13.05183,-102.860289
2/21/2024,11:48:45,-13.04183,-102.860289
2/21/2024,11:48:46,-13.04183,-102.850289
2/21/2024,11:48:46,-13.04183,-102.850289
2/21/2024,11:48:46,-13.04183,-102.840289
2/21/2024,11:48:46,-13.05183,-102.840289
2/21/2024,11:48:46,-13.05183,-102.840289
2/21/2024,11:48:47,-13.05183,-102.840289
2/21/2024,11:48:47,-13.05183,-102.840289
2/21/2024,11:48:47,-13.05183,-102.840289
2/21/2024,11:48:47,-13.05183,-102.840289
2/21/2024,11:48:47,-13.05183,-102.850289
2/21/2024,11:48:48,-13.05183,-102.850289
2/21/2024,11:48:48,-13.05183,-102.850289
2/21/2024,11:48:48,-13.05183,-102.850289
2/21/2024,11:48:48,-13.05183,-102.850289
2/21/2024,11:48:48,-13.05183,-102.850289
2/21/2024,11:48:49,-13.05183,-102.850289
2/21/2024,11:48:49,-13.05183,-102.840289
2/21/2024,11:48:49,-13.05183,-102.850289
2/21/2024,11:48:49,-13.05183,-102.850289
2/21/2024,11:48:49,-13.05183,-102.850289
2/21/2024,11:48:50,-13.05183,-102.850289
2/21/2024,11:48:50,-13.05183,-102.860289
2/21/2024,11:48:50,-13.05183,-102.850289
2/21/2024,11:48:50,-13.05183,-102.850289
2/21/2024,11:48:50,-13.06183,-102.850289
2/21/2024,11:48:51,-13.05183,-102.850289
2/21/2024,11:48:51,-13.05183,-102.860289
2/21/2024,11:48:51,-13.05183,-102.870289
2/21/2024,11:48:51,-13.05183,-102.870289
2/21/2024,11:48:51,-13.04183,-102.870289
2/21/2024,11:48:52,-13.05183,-102.870289
2/21/2024,11:48:52,-13.04183,-102.870289
2/21/2024,11:48:52,-13.05183,-102.860289
2/21/2024,11:48:52,-13.05183,-102.860289
2/21/2024,11:48:52,-13.05183,-102.860289
2/21/2024,11:48:53,-13.05183,-102.860289
2/21/2024,11:48:53,-13.04183,-102.870289
2/21/2024,11:48:53,-13.04183,-102.870289
2/21/2024,11:48:53,-13.04183,-102.880289
2/21/2024,11:48:53,-13.04183,-102.880289
2/21/2024,11:48:54,-13.04183,-102.880289
2/21/2024,11:48:54,-13.04183,-102.880289
2/21/2024,11:48:54,-13.04183,-102.880289
2/21/2024,11:48:54,-13.04183,-102.880289
2/21/2024,11:48:54,-13.04183,-102.870289
2/21/2024,11:48:55,-13.04183,-102.860289
2/21/2024,11:48:55,-13.04183,-102.850289
2/21/2024,11:48:55,-13.04183,-102.850289
2/21/2024,11:48:55,-13.04183,-102.860289
2/21/2024,11:48:55,-13.04183,-102.870289
2/21/2024,11:48:56,-13.04183,-102.880289
2/21/2024,11:48:56,-13.04183,-102.880289
2/21/2024,11:48:56,-13.04183,-102.870289
2/21/2024,11:48:56,-13.04183,-102.860289
2/21/2024,11:48:56,-13.04183,-102.850289
2/21/2024,11:48:57,-13.04183,-102.830289
2/21/2024,11:48:57,-13.03183,-102.830289
2/21/2024,11:48:57,-13.04183,-102.830289
2/21/2024,11:48:57,-13.04183,-102.830289
2/21/2024,11:48:57,-13.04183,-102.840289
2/21/2024,11:48:58,-13.04183,-102.840289
2/21/2024,11:48:58,-13.04183,-102.840289
2/21/2024,11:48:58,-13.04183,-102.840289
2/21/2024,11:48:58,-13.04183,-102.840289
2/21/2024,11:48:58,-13.04183,-102.840289
2/21/2024,11:48:59,-13.04183,-102.830289
2/21/2024,11:48:59,-13.04183,-102.810289
2/21/2024,11:48:59,-13.03183,-102.800289
2/21/2024,11:48:59,-13.03183,-102.800289
2/21/2024,11:48:59,-13.03183,-102.810289
2/21/2024,11:49:00,-13.03183,-102.830289
2/21/2024,11:49:00,-13.03183,-102.840289
2/21/2024,11:49:00,-13.04183,-102.840289
2/21/2024,11:49:00,-13.04183,-102.850289
2/21/2024,11:49:00,-13.03183,-102.850289
2/21/2024,11:49:01,-13.02183,-102.840289
2/21/2024,11:49:01,-13.02183,-102.830289
2/21/2024,11:49:01,-13.01183,-102.820289
2/21/2024,11:49:01,-13.01183,-102.810289
2/21/2024,11:49:01,-13.01183,-102.820289
2/21/2024,11:49:02,-13.01183,-102.830289
2/21/2024,11:49:02,-13.02183,-102.850289
2/21/2024,11:49:02,-13.03183,-102.860289
2/21/2024,11:49:02,-13.03183,-102.860289
2/21/2024,11:49:02,-13.04183,-102.870289
2/21/2024,11:49:03,-13.03183,-102.860289
2/21/2024,11:49:03,-13.02183,-102.850289
2/21/2024,11:49:03,-13.02183,-102.830289
2/21/2024,11:49:03,-13.02183,-102.820289
2/21/2024,11:49:03,-13.02183,-102.820289
2/21/2024,11:49:04,-13.03183,-102.830289
2/21/2024,11:49:04,-13.03183,-102.850289
2/21/2024,11:49:04,-13.03183,-102.860289
2/21/2024,11:49:04,-13.04183,-102.880289
2/21/2024,11:49:04,-13.06183,-102.890289
2/21/2024,11:49:05,-13.05183,-102.880289
2/21/2024,11:49:05,-13.04183,-102.870289
2/21/2024,11:49:05,-13.04183,-102.840289
2/21/2024,11:49:05,-13.02183,-102.830289
2/21/2024,11:49:05,-13.02183,-102.820289
2/21/2024,11:49:06,-13.03183,-102.830289
2/21/2024,11:49:06,-13.04183,-102.840289
2/21/2024,11:49:06,-13.05183,-102.860289
2/21/2024,11:49:06,-13.05183,-102.880289
2/21/2024,11:49:06,-13.07183,-102.890289
2/21/2024,11:49:07,-13.06183,-102.880289
2/21/2024,11:49:07,-13.05183,-102.870289
2/21/2024,11:49:07,-13.04183,-102.840289
2/21/2024,11:49:07,-13.04183,-102.820289
2/21/2024,11:49:07,-13.04183,-102.820289
2/21/2024,11:49:08,-13.04183,-102.830289
2/21/2024,11:49:08,-13.05183,-102.840289
2/21/2024,11:49:08,-13.05183,-102.860289
2/21/2024,11:49:08,-13.06183,-102.870289
2/21/2024,11:49:08,-13.06183,-102.870289
2/21/2024,11:49:09,-13.06183,-102.870289
2/21/2024,11:49:09,-13.05183,-102.870289
2/21/2024,11:49:09,-13.04183,-102.850289
2/21/2024,11:49:09,-13.04183,-102.830289
2/21/2024,11:49:09,-13.04183,-102.830289
2/21/2024,11:49:10,-13.04183,-102.830289
2/21/2024,11:49:10,-13.04183,-102.840289
2/21/2024,11:49:10,-13.04183,-102.850289
2/21/2024,11:49:10,-13.04183,-102.860289
2/21/2024,11:49:10,-13.05183,-102.860289
2/21/2024,11:49:11,-13.05183,-102.870289
2/21/2024,11:49:11,-13.04183,-102.870289
2/21/2024,11:49:11,-13.04183,-102.870289
2/21/2024,11:49:11,-13.04183,-102.850289
2/21/2024,11:49:11,-13.03183,-102.840289
2/21/2024,11:49:12,-13.04183,-102.840289
2/21/2024,11:49:12,-13.04183,-102.840289
2/21/2024,11:49:12,-13.03183,-102.850289
2/21/2024,11:49:12,-13.04183,-102.860289
2/21/2024,11:49:12,-13.04183,-102.860289
2/21/2024,11:49:13,-13.05183,-102.870289
2/21/2024,11:49:13,-13.05183,-102.870289
2/21/2024,11:49:13,-13.04183,-102.870289
2/21/2024,11:49:13,-13.04183,-102.860289
2/21/2024,11:49:13,-13.03183,-102.850289
2/21/2024,11:49:14,-13.03183,-102.840289
2/21/2024,11:49:14,-13.04183,-102.850289
2/21/2024,11:49:14,-13.03183,-102.860289
2/21/2024,11:49:14,-13.03183,-102.870289
2/21/2024,11:49:14,-13.04183,-102.880289
2/21/2024,11:49:15,-13.05183,-102.880289
2/21/2024,11:49:15,-13.05183,-102.880289
2/21/2024,11:49:15,-13.05183,-102.870289
2/21/2024,11:49:15,-13.05183,-102.860289
2/21/2024,11:49:15,-13.04183,-102.850289
2/21/2024,11:49:16,-13.04183,-102.850289
2/21/2024,11:49:16,-13.05183,-102.860289
2/21/2024,11:49:16,-13.05183,-102.870289
2/21/2024,11:49:16,-13.05183,-102.880289
2/21/2024,11:49:16,-13.06183,-102.880289
2/21/2024,11:49:17,-13.06183,-102.880289
2/21/2024,11:49:17,-13.06183,-102.880289
2/21/2024,11:49:17,-13.07183,-102.870289
2/21/2024,11:49:17,-13.07183,-102.850289
2/21/2024,11:49:17,-13.06183,-102.850289
2/21/2024,11:49:18,-13.07183,-102.850289
2/21/2024,11:49:18,-13.07183,-102.860289
2/21/2024,11:49:18,-13.07183,-102.870289
2/21/2024,11:49:18,-13.08183,-102.880289
2/21/2024,11:49:18,-13.08183,-102.880289
2/21/2024,11:49:19,-13.08183,-102.880289
2/21/2024,11:49:19,-13.08183,-102.870289
2/21/2024,11:49:19,-13.08183,-102.850289
2/21/2024,11:49:19,-13.07183,-102.840289
2/21/2024,11:49:19,-13.07183,-102.840289
2/21/2024,11:49:20,-13.07183,-102.840289
2/21/2024,11:49:20,-13.07183,-102.860289
2/21/2024,11:49:20,-13.08183,-102.860289
2/21/2024,11:49:20,-13.08183,-102.870289
2/21/2024,11:49:20,-13.08183,-102.870289
2/21/2024,11:49:21,-13.07183,-102.870289
2/21/2024,11:49:21,-13.07183,-102.860289
2/21/2024,11:49:21,-13.06183,-102.840289
2/21/2024,11:49:21,-13.06183,-102.840289
2/21/2024,11:49:21,-13.06183,-102.830289
2/21/2024,11:49:22,-13.06183,-102.840289
2/21/2024,11:49:22,-13.06183,-102.850289
2/21/2024,11:49:22,-13.06183,-102.850289
2/21/2024,11:49:22,-13.06183,-102.860289
2/21/2024,11:49:22,-13.06183,-102.860289
2/21/2024,11:49:23,-13.06183,-102.850289
2/21/2024,11:49:23,-13.06183,-102.840289
2/21/2024,11:49:23,-13.05183,-102.840289
2/21/2024,11:49:23,-13.05183,-102.840289
2/21/2024,11:49:23,-13.05183,-102.840289
2/21/2024,11:49:24,-13.05183,-102.850289
2/21/2024,11:49:24,-13.05183,-102.860289
2/21/2024,11:49:24,-13.05183,-102.850289
2/21/2024,11:49:24,-13.04183,-102.850289
2/21/2024,11:49:24,-13.04183,-102.850289
2/21/2024,11:49:25,-13.04183,-102.850289
2/21/2024,11:49:25,-13.04183,-102.850289
2/21/2024,11:49:25,-13.03183,-102.860289
2/21/2024,11:49:25,-13.03183,-102.860289
2/21/2024,11:49:25,-13.03183,-102.870289
2/21/2024,11:49:26,-13.03183,-102.870289
2/21/2024,11:49:26,-13.03183,-102.870289
2/21/2024,11:49:26,-13.02183,-102.860289
2/21/2024,11:49:26,-13.02183,-102.860289
2/21/2024,11:49:26,-13.02183,-102.860289
2/21/2024,11:49:27,-13.02183,-102.860289
2/21/2024,11:49:27,-13.01183,-102.870289
2/21/2024,11:49:27,-13.02183,-102.870289
2/21/2024,11:49:27,-13.02183,-102.880289
2/21/2024,11:49:27,-13.02183,-102.880289
2/21/2024,11:49:28,-13.02183,-102.880289
2/21/2024,11:49:28,-13.02183,-102.880289
2/21/2024,11:49:28,-13.02183,-102.880289
2/21/2024,11:49:28,-13.02183,-102.870289
2/21/2024,11:49:28,-13.02183,-102.860289
2/21/2024,11:49:29,-13.02183,-102.860289
2/21/2024,11:49:29,-13.02183,-102.860289
2/21/2024,11:49:29,-13.02183,-102.860289
2/21/2024,11:49:29,-13.02183,-102.870289
2/21/2024,11:49:29,-13.02183,-102.870289
2/21/2024,11:49:30,-13.02183,-102.870289
2/21/2024,11:49:30,-13.02183,-102.870289
2/21/2024,11:49:30,-13.02183,-102.870289
2/21/2024,11:49:30,-13.03183,-102.870289
2/21/2024,11:49:30,-13.03183,-102.870289
2/21/2024,11:49:31,-13.03183,-102.870289
2/21/2024,11:49:31,-13.03183,-102.860289
2/21/2024,11:49:31,-13.03183,-102.840289
2/21/2024,11:49:31,-13.02183,-102.830289
2/21/2024,11:49:31,-13.02183,-102.830289
2/21/2024,11:49:32,-13.02183,-102.830289
2/21/2024,11:49:32,-13.02183,-102.840289
2/21/2024,11:49:32,-13.02183,-102.850289
2/21/2024,11:49:32,-13.04183,-102.850289
2/21/2024,11:49:32,-13.04183,-102.850289
2/21/2024,11:49:33,-13.04183,-102.840289
2/21/2024,11:49:33,-13.04183,-102.840289
2/21/2024,11:49:33,-13.03183,-102.830289
2/21/2024,11:49:33,-13.03183,-102.820289
2/21/2024,11:49:33,-13.03183,-102.810289
2/21/2024,11:49:34,-13.03183,-102.810289
2/21/2024,11:49:34,-13.02183,-102.820289
2/21/2024,11:49:34,-13.02183,-102.830289
2/21/2024,11:49:34,-13.02183,-102.840289
2/21/2024,11:49:34,-13.02183,-102.850289
2/21/2024,11:49:35,-13.03183,-102.860289
2/21/2024,11:49:35,-13.03183,-102.870289
2/21/2024,11:49:35,-13.03183,-102.870289
2/21/2024,11:49:35,-13.02183,-102.860289
2/21/2024,11:49:35,-13.02183,-102.840289
2/21/2024,11:49:36,-13.01183,-102.830289
2/21/2024,11:49:36,-13.00183,-102.830289
2/21/2024,11:49:36,-13.01183,-102.830289
2/21/2024,11:49:36,-13.01183,-102.850289
2/21/2024,11:49:36,-13.01183,-102.870289
2/21/2024,11:49:37,-13.02183,-102.880289
2/21/2024,11:49:37,-13.03183,-102.890289
2/21/2024,11:49:37,-13.03183,-102.900289
2/21/2024,11:49:37,-13.03183,-102.900289
2/21/2024,11:49:37,-13.02183,-102.880289
2/21/2024,11:49:38,-13.02183,-102.870289
2/21/2024,11:49:38,-13.02183,-102.860289
2/21/2024,11:49:38,-13.02183,-102.860289
2/21/2024,11:49:38,-13.02183,-102.860289
2/21/2024,11:49:38,-13.02183,-102.870289
2/21/2024,11:49:39,-13.02183,-102.880289
2/21/2024,11:49:39,-13.02183,-102.880289
2/21/2024,11:49:39,-13.03183,-102.890289
2/21/2024,11:49:39,-13.05183,-102.890289
2/21/2024,11:49:39,-13.05183,-102.890289
2/21/2024,11:49:40,-13.04183,-102.890289
2/21/2024,11:49:40,-13.03183,-102.880289
2/21/2024,11:49:40,-13.03183,-102.870289
2/21/2024,11:49:40,-13.03183,-102.850289
2/21/2024,11:49:40,-13.03183,-102.840289
2/21/2024,11:49:41,-13.04183,-102.840289
2/21/2024,11:49:41,-13.03183,-102.850289
2/21/2024,11:49:41,-13.03183,-102.870289
2/21/2024,11:49:41,-13.04183,-102.870289
2/21/2024,11:49:41,-13.05183,-102.880289
2/21/2024,11:49:42,-13.05183,-102.880289
2/21/2024,11:49:42,-13.04183,-102.870289
2/21/2024,11:49:42,-13.04183,-102.860289
2/21/2024,11:49:42,-13.04183,-102.850289
2/21/2024,11:49:42,-13.04183,-102.850289
2/21/2024,11:49:43,-13.04183,-102.840289
2/21/2024,11:49:43,-13.04183,-102.840289
2/21/2024,11:49:43,-13.04183,-102.840289
2/21/2024,11:49:43,-13.03183,-102.840289
2/21/2024,11:49:43,-13.03183,-102.840289
2/21/2024,11:49:44,-13.03183,-102.850289
2/21/2024,11:49:44,-13.03183,-102.850289
2/21/2024,11:49:44,-13.03183,-102.860289
2/21/2024,11:49:44,-13.04183,-102.870289
2/21/2024,11:49:44,-13.04183,-102.870289
2/21/2024,11:49:45,-13.03183,-102.870289
2/21/2024,11:49:45,-13.02183,-102.870289
2/21/2024,11:49:45,-13.02183,-102.850289
2/21/2024,11:49:45,-13.02183,-102.840289
2/21/2024,11:49:45,-13.02183,-102.840289
2/21/2024,11:49:46,-13.02183,-102.850289
2/21/2024,11:49:46,-13.02183,-102.860289
2/21/2024,11:49:46,-13.02183,-102.870289
2/21/2024,11:49:46,-13.03183,-102.880289
2/21/2024,11:49:46,-13.04183,-102.890289
2/21/2024,11:49:47,-13.03183,-102.890289
2/21/2024,11:49:47,-13.02183,-102.880289
2/21/2024,11:49:47,-13.02183,-102.870289
2/21/2024,11:49:47,-13.02183,-102.860289
2/21/2024,11:49:47,-13.02183,-102.860289
2/21/2024,11:49:48,-13.03183,-102.860289
2/21/2024,11:49:48,-13.03183,-102.870289
2/21/2024,11:49:48,-13.03183,-102.870289
2/21/2024,11:49:48,-13.03183,-102.880289
2/21/2024,11:49:48,-13.03183,-102.880289
2/21/2024,11:49:49,-13.04183,-102.880289
2/21/2024,11:49:49,-13.04183,-102.880289
2/21/2024,11:49:49,-13.04183,-102.880289
2/21/2024,11:49:49,-13.04183,-102.880289
2/21/2024,11:49:49,-13.04183,-102.880289
2/21/2024,11:49:50,-13.05183,-102.870289
2/21/2024,11:49:50,-13.05183,-102.860289
2/21/2024,11:49:50,-13.05183,-102.860289
2/21/2024,11:49:50,-13.05183,-102.850289
2/21/2024,11:49:50,-13.06183,-102.850289
2/21/2024,11:49:51,-13.06183,-102.860289
2/21/2024,11:49:51,-13.07183,-102.860289
2/21/2024,11:49:51,-13.07183,-102.860289
2/21/2024,11:49:51,-13.06183,-102.860289
2/21/2024,11:49:51,-13.06183,-102.860289
2/21/2024,11:49:52,-13.07183,-102.860289
2/21/2024,11:49:52,-13.07183,-102.860289
2/21/2024,11:49:52,-13.07183,-102.850289
2/21/2024,11:49:52,-13.08183,-102.850289
2/21/2024,11:49:52,-13.08183,-102.840289
2/21/2024,11:49:53,-13.08183,-102.840289
2/21/2024,11:49:53,-13.09183,-102.840289
2/21/2024,11:49:53,-13.09183,-102.840289
2/21/2024,11:49:53,-13.09183,-102.840289
2/21/2024,11:49:53,-13.08183,-102.840289
2/21/2024,11:49:54,-13.08183,-102.850289
2/21/2024,11:49:54,-13.09183,-102.860289
2/21/2024,11:49:54,-13.09183,-102.870289
2/21/2024,11:49:54,-13.09183,-102.860289
2/21/2024,11:49:54,-13.07183,-102.860289
2/21/2024,11:49:55,-13.07183,-102.840289
2/21/2024,11:49:55,-13.06183,-102.830289
2/21/2024,11:49:55,-13.07183,-102.830289
2/21/2024,11:49:55,-13.06183,-102.840289
2/21/2024,11:49:55,-13.06183,-102.850289
2/21/2024,11:49:56,-13.07183,-102.850289
2/21/2024,11:49:56,-13.07183,-102.850289
2/21/2024,11:49:56,-13.06183,-102.840289
2/21/2024,11:49:56,-13.04183,-102.840289
2/21/2024,11:49:56,-13.04183,-102.820289
2/21/2024,11:49:57,-13.03183,-102.800289
2/21/2024,11:49:57,-13.03183,-102.800289
2/21/2024,11:49:57,-13.02183,-102.800289
2/21/2024,11:49:57,-13.02183,-102.800289
2/21/2024,11:49:57,-13.01183,-102.810289
2/21/2024,11:49:58,-13.01183,-102.820289
2/21/2024,11:49:58,-13.02183,-102.830289
2/21/2024,11:49:58,-13.01183,-102.820289
2/21/2024,11:49:58,-13.00183,-102.820289
2/21/2024,11:49:58,-12.99183,-102.810289
2/21/2024,11:49:59,-12.98183,-102.800289
2/21/2024,11:49:59,-12.98183,-102.790289
2/21/2024,11:49:59,-12.99183,-102.790289
2/21/2024,11:49:59,-12.99183,-102.800289
2/21/2024,11:49:59,-12.99183,-102.800289
2/21/2024,11:50:00,-12.99183,-102.810289
2/21/2024,11:50:00,-13.00183,-102.820289
2/21/2024,11:50:00,-13.00183,-102.830289
2/21/2024,11:50:00,-13.00183,-102.830289
2/21/2024,11:50:00,-13.00183,-102.820289
2/21/2024,11:50:01,-13.00183,-102.820289
2/21/2024,11:50:01,-13.00183,-102.810289
2/21/2024,11:50:01,-13.01183,-102.800289
2/21/2024,11:50:01,-13.01183,-102.800289
2/21/2024,11:50:01,-13.01183,-102.790289
2/21/2024,11:50:02,-13.01183,-102.790289
2/21/2024,11:50:02,-13.02183,-102.800289
2/21/2024,11:50:02,-13.01183,-102.800289
2/21/2024,11:50:02,-13.01183,-102.810289
2/21/2024,11:50:02,-13.02183,-102.820289
2/21/2024,11:50:03,-13.02183,-102.820289
2/21/2024,11:50:03,-13.01183,-102.820289
2/21/2024,11:50:03,-13.01183,-102.810289
2/21/2024,11:50:03,-13.01183,-102.810289
2/21/2024,11:50:03,-13.01183,-102.810289
2/21/2024,11:50:04,-13.01183,-102.810289
2/21/2024,11:50:04,-13.01183,-102.800289
2/21/2024,11:50:04,-13.01183,-102.800289
2/21/2024,11:50:04,-13.01183,-102.800289
2/21/2024,11:50:04,-13.01183,-102.800289
2/21/2024,11:50:05,-13.01183,-102.810289
2/21/2024,11:50:05,-13.00183,-102.810289
2/21/2024,11:50:05,-13.00183,-102.820289
2/21/2024,11:50:05,-13.02183,-102.830289
2/21/2024,11:50:05,-13.02183,-102.840289
2/21/2024,11:50:06,-13.02183,-102.840289
2/21/2024,11:50:06,-13.01183,-102.830289
2/21/2024,11:50:06,-13.01183,-102.810289
2/21/2024,11:50:06,-13.00183,-102.800289
2/21/2024,11:50:06,-13.00183,-102.800289
2/21/2024,11:50:07,-13.00183,-102.800289
2/21/2024,11:50:07,-13.01183,-102.810289
2/21/2024,11:50:07,-13.01183,-102.820289
2/21/2024,11:50:07,-13.01183,-102.830289
2/21/2024,11:50:07,-13.02183,-102.840289
2/21/2024,11:50:08,-13.02183,-102.840289
2/21/2024,11:50:08,-13.02183,-102.840289
2/21/2024,11:50:08,-13.03183,-102.830289
2/21/2024,11:50:08,-13.03183,-102.830289
2/21/2024,11:50:08,-13.04183,-102.830289
2/21/2024,11:50:09,-13.04183,-102.830289
2/21/2024,11:50:09,-13.04183,-102.830289
2/21/2024,11:50:09,-13.04183,-102.830289
2/21/2024,11:50:09,-13.04183,-102.830289
2/21/2024,11:50:09,-13.04183,-102.830289
2/21/2024,11:50:10,-13.05183,-102.840289
2/21/2024,11:50:10,-13.04183,-102.840289
2/21/2024,11:50:10,-13.05183,-102.850289
2/21/2024,11:50:10,-13.05183,-102.860289
2/21/2024,11:50:10,-13.05183,-102.860289
2/21/2024,11:50:11,-13.05183,-102.870289
2/21/2024,11:50:11,-13.05183,-102.870289
2/21/2024,11:50:11,-13.05183,-102.860289
2/21/2024,11:50:11,-13.05183,-102.850289
2/21/2024,11:50:11,-13.05183,-102.840289
2/21/2024,11:50:12,-13.05183,-102.840289
2/21/2024,11:50:12,-13.05183,-102.840289
2/21/2024,11:50:12,-13.05183,-102.860289
2/21/2024,11:50:12,-13.05183,-102.880289
2/21/2024,11:50:12,-13.05183,-102.890289
2/21/2024,11:50:13,-13.06183,-102.890289
2/21/2024,11:50:13,-13.06183,-102.900289
2/21/2024,11:50:13,-13.05183,-102.890289
2/21/2024,11:50:13,-13.05183,-102.880289
2/21/2024,11:50:13,-13.05183,-102.860289
2/21/2024,11:50:14,-13.04183,-102.860289
2/21/2024,11:50:14,-13.04183,-102.860289
2/21/2024,11:50:14,-13.04183,-102.860289
2/21/2024,11:50:14,-13.04183,-102.880289
2/21/2024,11:50:14,-13.04183,-102.890289
2/21/2024,11:50:15,-13.04183,-102.900289
2/21/2024,11:50:15,-13.04183,-102.900289
2/21/2024,11:50:15,-13.02183,-102.900289
2/21/2024,11:50:15,-13.02183,-102.890289
2/21/2024,11:50:15,-13.02183,-102.870289
2/21/2024,11:50:16,-13.01183,-102.870289
2/21/2024,11:50:16,-13.00183,-102.870289
2/21/2024,11:50:16,-13.00183,-102.870289
2/21/2024,11:50:16,-13.00183,-102.870289
2/21/2024,11:50:16,-13.00183,-102.880289
2/21/2024,11:50:17,-12.99183,-102.890289
2/21/2024,11:50:17,-12.99183,-102.900289
2/21/2024,11:50:17,-12.99183,-102.900289
2/21/2024,11:50:17,-12.99183,-102.900289
2/21/2024,11:50:17,-12.98183,-102.890289
2/21/2024,11:50:18,-12.98183,-102.880289
2/21/2024,11:50:18,-12.98183,-102.870289
2/21/2024,11:50:18,-12.98183,-102.870289
2/21/2024,11:50:18,-12.98183,-102.870289
2/21/2024,11:50:18,-12.98183,-102.870289
2/21/2024,11:50:19,-12.98183,-102.880289
2/21/2024,11:50:19,-12.98183,-102.880289
2/21/2024,11:50:19,-12.98183,-102.880289
2/21/2024,11:50:19,-12.98183,-102.870289
2/21/2024,11:50:19,-12.98183,-102.870289
2/21/2024,11:50:20,-12.98183,-102.870289
2/21/2024,11:50:20,-12.98183,-102.870289
2/21/2024,11:50:20,-12.98183,-102.880289
2/21/2024,11:50:20,-12.98183,-102.890289
2/21/2024,11:50:20,-12.98183,-102.880289
2/21/2024,11:50:21,-12.98183,-102.870289
2/21/2024,11:50:21,-12.99183,-102.850289
2/21/2024,11:50:21,-12.98183,-102.850289
2/21/2024,11:50:21,-12.99183,-102.850289
2/21/2024,11:50:21,-12.99183,-102.850289
2/21/2024,11:50:22,-12.98183,-102.870289
2/21/2024,11:50:22,-12.99183,-102.880289
2/21/2024,11:50:22,-13.00183,-102.890289
2/21/2024,11:50:22,-13.00183,-102.890289
2/21/2024,11:50:22,-12.99183,-102.890289
2/21/2024,11:50:23,-12.99183,-102.870289
2/21/2024,11:50:23,-12.98183,-102.860289
2/21/2024,11:50:23,-12.98183,-102.860289
2/21/2024,11:50:23,-12.99183,-102.860289
2/21/2024,11:50:23,-12.99183,-102.870289
2/21/2024,11:50:24,-12.99183,-102.880289
2/21/2024,11:50:24,-12.99183,-102.890289
2/21/2024,11:50:24,-12.99183,-102.890289
2/21/2024,11:50:24,-12.99183,-102.890289
2/21/2024,11:50:24,-12.99183,-102.880289
2/21/2024,11:50:25,-12.99183,-102.870289
2/21/2024,11:50:25,-12.99183,-102.860289
2/21/2024,11:50:25,-12.99183,-102.860289
2/21/2024,11:50:25,-13.00183,-102.870289
2/21/2024,11:50:25,-13.00183,-102.880289
2/21/2024,11:50:26,-13.00183,-102.880289
2/21/2024,11:50:26,-13.00183,-102.880289
2/21/2024,11:50:26,-13.00183,-102.880289
2/21/2024,11:50:26,-13.00183,-102.860289
2/21/2024,11:50:26,-13.00183,-102.850289
2/21/2024,11:50:27,-13.00183,-102.840289
2/21/2024,11:50:27,-13.00183,-102.850289
2/21/2024,11:50:27,-13.00183,-102.860289
2/21/2024,11:50:27,-13.01183,-102.870289
2/21/2024,11:50:27,-13.02183,-102.870289
2/21/2024,11:50:28,-13.02183,-102.880289
2/21/2024,11:50:28,-13.01183,-102.870289
2/21/2024,11:50:28,-13.00183,-102.850289
2/21/2024,11:50:28,-13.00183,-102.830289
2/21/2024,11:50:28,-12.99183,-102.820289
2/21/2024,11:50:29,-12.98183,-102.810289
2/21/2024,11:50:29,-12.99183,-102.820289
2/21/2024,11:50:29,-12.99183,-102.830289
2/21/2024,11:50:29,-12.99183,-102.840289
2/21/2024,11:50:29,-12.99183,-102.850289
2/21/2024,11:50:30,-12.99183,-102.860289
2/21/2024,11:50:30,-12.99183,-102.870289
2/21/2024,11:50:30,-12.98183,-102.860289
2/21/2024,11:50:30,-12.98183,-102.840289
2/21/2024,11:50:30,-12.97183,-102.830289
2/21/2024,11:50:31,-12.96183,-102.820289
2/21/2024,11:50:31,-12.96183,-102.820289
2/21/2024,11:50:31,-12.96183,-102.820289
2/21/2024,11:50:31,-12.96183,-102.830289
2/21/2024,11:50:31,-12.96183,-102.840289
2/21/2024,11:50:32,-12.96183,-102.850289
2/21/2024,11:50:32,-12.96183,-102.860289
2/21/2024,11:50:32,-12.96183,-102.860289
2/21/2024,11:50:32,-12.95183,-102.850289
2/21/2024,11:50:32,-12.95183,-102.840289
2/21/2024,11:50:33,-12.95183,-102.840289
2/21/2024,11:50:33,-12.95183,-102.840289
2/21/2024,11:50:33,-12.95183,-102.830289
2/21/2024,11:50:33,-12.95183,-102.830289
2/21/2024,11:50:33,-12.95183,-102.830289
2/21/2024,11:50:34,-12.95183,-102.830289
2/21/2024,11:50:34,-12.95183,-102.840289
2/21/2024,11:50:34,-12.95183,-102.850289
2/21/2024,11:50:34,-12.95183,-102.850289
2/21/2024,11:50:34,-12.95183,-102.850289
2/21/2024,11:50:35,-12.95183,-102.850289
2/21/2024,11:50:35,-12.95183,-102.850289
2/21/2024,11:50:35,-12.95183,-102.830289
2/21/2024,11:50:35,-12.95183,-102.830289
2/21/2024,11:50:35,-12.95183,-102.830289
2/21/2024,11:50:36,-12.95183,-102.830289
2/21/2024,11:50:36,-12.95183,-102.840289
2/21/2024,11:50:36,-12.95183,-102.850289
2/21/2024,11:50:36,-12.95183,-102.850289
2/21/2024,11:50:36,-12.96183,-102.850289
2/21/2024,11:50:37,-12.96183,-102.840289
2/21/2024,11:50:37,-12.96183,-102.840289
2/21/2024,11:50:37,-12.95183,-102.840289
2/21/2024,11:50:37,-12.95183,-102.840289
2/21/2024,11:50:37,-12.96183,-102.850289
2/21/2024,11:50:38,-12.96183,-102.850289
2/21/2024,11:50:38,-12.96183,-102.840289
2/21/2024,11:50:38,-12.97183,-102.830289
2/21/2024,11:50:38,-12.97183,-102.820289
2/21/2024,11:50:38,-12.97183,-102.820289
2/21/2024,11:50:39,-12.97183,-102.830289
2/21/2024,11:50:39,-12.97183,-102.840289
2/21/2024,11:50:39,-12.97183,-102.850289
2/21/2024,11:50:39,-12.97183,-102.850289
2/21/2024,11:50:39,-12.97183,-102.840289
2/21/2024,11:50:40,-12.97183,-102.830289
2/21/2024,11:50:40,-12.97183,-102.830289
2/21/2024,11:50:40,-12.97183,-102.820289
2/21/2024,11:50:40,-12.97183,-102.820289
2/21/2024,11:50:40,-12.97183,-102.820289
2/21/2024,11:50:41,-12.97183,-102.820289
2/21/2024,11:50:41,-12.98183,-102.820289
2/21/2024,11:50:41,-12.97183,-102.830289
2/21/2024,11:50:41,-12.98183,-102.830289
2/21/2024,11:50:41,-12.98183,-102.830289
2/21/2024,11:50:42,-12.98183,-102.830289
2/21/2024,11:50:42,-12.98183,-102.820289
2/21/2024,11:50:42,-12.99183,-102.810289
2/21/2024,11:50:42,-12.98183,-102.800289
2/21/2024,11:50:42,-12.99183,-102.800289
2/21/2024,11:50:43,-12.99183,-102.800289
2/21/2024,11:50:43,-13.00183,-102.810289
2/21/2024,11:50:43,-13.00183,-102.810289
2/21/2024,11:50:43,-13.01183,-102.820289
2/21/2024,11:50:43,-13.01183,-102.820289
2/21/2024,11:50:44,-13.01183,-102.820289
2/21/2024,11:50:44,-13.02183,-102.810289
2/21/2024,11:50:44,-13.02183,-102.790289
2/21/2024,11:50:44,-13.02183,-102.790289
2/21/2024,11:50:44,-13.02183,-102.780289
2/21/2024,11:50:45,-13.03183,-102.790289
2/21/2024,11:50:45,-13.03183,-102.790289
2/21/2024,11:50:45,-13.04183,-102.800289
2/21/2024,11:50:45,-13.05183,-102.810289
2/21/2024,11:50:45,-13.06183,-102.810289
2/21/2024,11:50:46,-13.06183,-102.810289
2/21/2024,11:50:46,-13.06183,-102.810289
2/21/2024,11:50:46,-13.06183,-102.800289
2/21/2024,11:50:46,-13.07183,-102.780289
2/21/2024,11:50:46,-13.07183,-102.780289
2/21/2024,11:50:47,-13.07183,-102.780289
2/21/2024,11:50:47,-13.08183,-102.780289
2/21/2024,11:50:47,-13.08183,-102.780289
2/21/2024,11:50:47,-13.09183,-102.800289
2/21/2024,11:50:47,-13.10183,-102.810289
2/21/2024,11:50:48,-13.11183,-102.820289
2/21/2024,11:50:48,-13.12183,-102.820289
2/21/2024,11:50:48,-13.13183,-102.820289
2/21/2024,11:50:48,-13.12183,-102.810289
2/21/2024,11:50:48,-13.13183,-102.790289
2/21/2024,11:50:49,-13.12183,-102.780289
2/21/2024,11:50:49,-13.13183,-102.760289
2/21/2024,11:50:49,-13.13183,-102.760289
2/21/2024,11:50:49,-13.14183,-102.770289
2/21/2024,11:50:49,-13.14183,-102.790289
2/21/2024,11:50:50,-13.16183,-102.810289
2/21/2024,11:50:50,-13.18183,-102.820289
2/21/2024,11:50:50,-13.19183,-102.830289
2/21/2024,11:50:50,-13.19183,-102.820289
2/21/2024,11:50:50,-13.19183,-102.810289
2/21/2024,11:50:51,-13.19183,-102.780289
2/21/2024,11:50:51,-13.19183,-102.760289
2/21/2024,11:50:51,-13.19183,-102.750289
2/21/2024,11:50:51,-13.20183,-102.750289
2/21/2024,11:50:51,-13.22183,-102.760289
2/21/2024,11:50:52,-13.22183,-102.780289
2/21/2024,11:50:52,-13.24183,-102.790289
2/21/2024,11:50:52,-13.26183,-102.800289
2/21/2024,11:50:52,-13.27183,-102.800289
2/21/2024,11:50:52,-13.27183,-102.790289
2/21/2024,11:50:53,-13.26183,-102.770289
2/21/2024,11:50:53,-13.26183,-102.750289
2/21/2024,11:50:53,-13.27183,-102.740289
2/21/2024,11:50:53,-13.27183,-102.740289
2/21/2024,11:50:53,-13.29183,-102.740289
2/21/2024,11:50:54,-13.29183,-102.750289
2/21/2024,11:50:54,-13.31183,-102.750289
2/21/2024,11:50:54,-13.33183,-102.750289
2/21/2024,11:50:54,-13.33183,-102.750289
2/21/2024,11:50:54,-13.34183,-102.740289
2/21/2024,11:50:55,-13.34183,-102.720289
2/21/2024,11:50:55,-13.35183,-102.700289
2/21/2024,11:50:55,-13.35183,-102.690289
2/21/2024,11:50:55,-13.36183,-102.690289
2/21/2024,11:50:55,-13.38183,-102.690289
2/21/2024,11:50:56,-13.39183,-102.690289
2/21/2024,11:50:56,-13.40183,-102.680289
2/21/2024,11:50:56,-13.41183,-102.670289
2/21/2024,11:50:56,-13.42183,-102.650289
2/21/2024,11:50:56,-13.43183,-102.640289
2/21/2024,11:50:57,-13.44183,-102.630289
2/21/2024,11:50:57,-13.46183,-102.610289
2/21/2024,11:50:57,-13.47183,-102.600289
2/21/2024,11:50:57,-13.48183,-102.600289
2/21/2024,11:50:57,-13.49183,-102.600289
2/21/2024,11:50:58,-13.50183,-102.600289
2/21/2024,11:50:58,-13.51183,-102.590289
2/21/2024,11:50:58,-13.52183,-102.580289
2/21/2024,11:50:58,-13.53183,-102.560289
2/21/2024,11:50:58,-13.55183,-102.550289
2/21/2024,11:50:59,-13.56183,-102.530289
2/21/2024,11:50:59,-13.57183,-102.510289
2/21/2024,11:50:59,-13.59183,-102.500289
2/21/2024,11:50:59,-13.60183,-102.490289
2/21/2024,11:50:59,-13.61183,-102.480289
2/21/2024,11:51:00,-13.62183,-102.460289
2/21/2024,11:51:00,-13.64183,-102.450289
2/21/2024,11:51:00,-13.65183,-102.440289
2/21/2024,11:51:00,-13.66183,-102.420289
2/21/2024,11:51:00,-13.67183,-102.410289
2/21/2024,11:51:01,-13.69183,-102.400289
2/21/2024,11:51:01,-13.71183,-102.390289
2/21/2024,11:51:01,-13.72183,-102.380289
2/21/2024,11:51:01,-13.73183,-102.360289
2/21/2024,11:51:01,-13.74183,-102.350289
2/21/2024,11:51:02,-13.75183,-102.330289
2/21/2024,11:51:02,-13.77183,-102.320289
2/21/2024,11:51:02,-13.78183,-102.310289
2/21/2024,11:51:02,-13.80183,-102.310289
2/21/2024,11:51:02,-13.81183,-102.300289
2/21/2024,11:51:03,-13.82183,-102.300289
2/21/2024,11:51:03,-13.84183,-102.290289
2/21/2024,11:51:03,-13.85183,-102.280289
2/21/2024,11:51:03,-13.87183,-102.260289
2/21/2024,11:51:03,-13.88183,-102.250289
2/21/2024,11:51:04,-13.90183,-102.230289
2/21/2024,11:51:04,-13.91183,-102.210289
2/21/2024,11:51:04,-13.92183,-102.190289
2/21/2024,11:51:04,-13.93183,-102.190289
2/21/2024,11:51:04,-13.94183,-102.190289
2/21/2024,11:51:05,-13.96183,-102.190289
2/21/2024,11:51:05,-13.99183,-102.180289
2/21/2024,11:51:05,-14.01183,-102.180289
2/21/2024,11:51:05,-14.03183,-102.160289
2/21/2024,11:51:05,-14.03183,-102.140289
2/21/2024,11:51:06,-14.04183,-102.120289
2/21/2024,11:51:06,-14.05183,-102.090289
2/21/2024,11:51:06,-14.07183,-102.070289
2/21/2024,11:51:06,-14.09183,-102.050289
2/21/2024,11:51:06,-14.10183,-102.030289
2/21/2024,11:51:07,-14.11183,-102.000289
2/21/2024,11:51:07,-14.13183,-101.980289
2/21/2024,11:51:07,-14.14183,-101.970289
2/21/2024,11:51:07,-14.17183,-101.960289
2/21/2024,11:51:07,-14.18183,-101.960289
2/21/2024,11:51:08,-14.20183,-101.950289
2/21/2024,11:51:08,-14.21183,-101.930289
2/21/2024,11:51:08,-14.23183,-101.910289
2/21/2024,11:51:08,-14.25183,-101.880289
2/21/2024,11:51:08,-14.27183,-101.850289
2/21/2024,11:51:09,-14.28183,-101.820289
2/21/2024,11:51:09,-14.29183,-101.800289
2/21/2024,11:51:09,-14.31183,-101.780289
2/21/2024,11:51:09,-14.33183,-101.770289
2/21/2024,11:51:09,-14.34183,-101.760289
2/21/2024,11:51:10,-14.35183,-101.760289
2/21/2024,11:51:10,-14.35183,-101.760289
2/21/2024,11:51:10,-14.35183,-101.750289
2/21/2024,11:51:10,-14.35183,-101.740289
2/21/2024,11:51:10,-14.33183,-101.730289
2/21/2024,11:51:11,-14.32183,-101.710289
2/21/2024,11:51:11,-14.31183,-101.690289
2/21/2024,11:51:11,-14.29183,-101.670289
2/21/2024,11:51:11,-14.27183,-101.670289
2/21/2024,11:51:11,-14.25183,-101.670289
2/21/2024,11:51:12,-14.22183,-101.670289
2/21/2024,11:51:12,-14.19183,-101.680289
2/21/2024,11:51:12,-14.16183,-101.690289
2/21/2024,11:51:12,-14.13183,-101.700289
2/21/2024,11:51:12,-14.10183,-101.720289
2/21/2024,11:51:13,-14.06183,-101.720289
2/21/2024,11:51:13,-14.01183,-101.710289
2/21/2024,11:51:13,-13.96183,-101.690289
2/21/2024,11:51:13,-13.90183,-101.690289
2/21/2024,11:51:13,-13.85183,-101.690289
2/21/2024,11:51:14,-13.79183,-101.710289
2/21/2024,11:51:14,-13.73183,-101.720289
2/21/2024,11:51:14,-13.67183,-101.730289
2/21/2024,11:51:14,-13.61183,-101.750289
2/21/2024,11:51:14,-13.55183,-101.790289
2/21/2024,11:51:15,-13.49183,-101.830289
2/21/2024,11:51:15,-13.42183,-101.840289
2/21/2024,11:51:15,-13.33183,-101.820289
2/21/2024,11:51:15,-13.25183,-101.810289
2/21/2024,11:51:15,-13.16183,-101.820289
2/21/2024,11:51:16,-13.08183,-101.840289
2/21/2024,11:51:16,-13.00183,-101.850289
2/21/2024,11:51:16,-12.90183,-101.880289
2/21/2024,11:51:16,-12.82183,-101.920289
2/21/2024,11:51:16,-12.73183,-101.980289
2/21/2024,11:51:17,-12.64183,-102.010289
2/21/2024,11:51:17,-12.53183,-102.010289
2/21/2024,11:51:17,-12.43183,-102.000289
2/21/2024,11:51:17,-12.32183,-102.010289
2/21/2024,11:51:17,-12.21183,-102.020289
2/21/2024,11:51:18,-12.11183,-102.040289
2/21/2024,11:51:18,-12.01183,-102.060289
2/21/2024,11:51:18,-11.89183,-102.100289
2/21/2024,11:51:18,-11.80183,-102.150289
2/21/2024,11:51:18,-11.69183,-102.190289
2/21/2024,11:51:19,-11.58183,-102.220289
2/21/2024,11:51:19,-11.45183,-102.240289
2/21/2024,11:51:19,-11.33183,-102.240289
2/21/2024,11:51:19,-11.21183,-102.250289
2/21/2024,11:51:19,-11.08183,-102.260289
2/21/2024,11:51:20,-10.95183,-102.270289
2/21/2024,11:51:20,-10.82183,-102.300289
2/21/2024,11:51:20,-10.69183,-102.340289
2/21/2024,11:51:20,-10.57183,-102.390289
2/21/2024,11:51:20,-10.44183,-102.440289
2/21/2024,11:51:21,-10.31183,-102.470289
2/21/2024,11:51:21,-10.18183,-102.500289
2/21/2024,11:51:21,-10.03183,-102.510289
2/21/2024,11:51:21,-9.89183,-102.520289
2/21/2024,11:51:21,-9.741830001,-102.530289
2/21/2024,11:51:22,-9.60183,-102.550289
2/21/2024,11:51:22,-9.46183,-102.590289
2/21/2024,11:51:22,-9.31183,-102.620289
2/21/2024,11:51:22,-9.17183,-102.670289
2/21/2024,11:51:22,-9.031830001,-102.710289
2/21/2024,11:51:23,-8.871830001,-102.740289
2/21/2024,11:51:23,-8.72183,-102.770289
2/21/2024,11:51:23,-8.571830001,-102.800289
2/21/2024,11:51:23,-8.411830001,-102.810289
2/21/2024,11:51:23,-8.26183,-102.830289
2/21/2024,11:51:24,-8.111830001,-102.860289
2/21/2024,11:51:24,-7.96183,-102.890289
2/21/2024,11:51:24,-7.80183,-102.920289
2/21/2024,11:51:24,-7.651830001,-102.970289
2/21/2024,11:51:24,-7.50183,-103.000289
2/21/2024,11:51:25,-7.34183,-103.030289
2/21/2024,11:51:25,-7.17183,-103.060289
2/21/2024,11:51:25,-7.01183,-103.080289
2/21/2024,11:51:25,-6.861830001,-103.090289
2/21/2024,11:51:25,-6.691830001,-103.110289
2/21/2024,11:51:26,-6.531830001,-103.140289
2/21/2024,11:51:26,-6.38183,-103.170289
2/21/2024,11:51:26,-6.21183,-103.210289
2/21/2024,11:51:26,-6.06183,-103.260289
2/21/2024,11:51:26,-5.901830001,-103.290289
2/21/2024,11:51:27,-5.731830001,-103.310289
2/21/2024,11:51:27,-5.571830001,-103.330289
2/21/2024,11:51:27,-5.401830001,-103.340289
2/21/2024,11:51:27,-5.241830001,-103.350289
2/21/2024,11:51:27,-5.06183,-103.370289
2/21/2024,11:51:28,-4.901830001,-103.400289
2/21/2024,11:51:28,-4.731830001,-103.440289
2/21/2024,11:51:28,-4.56183,-103.460289
2/21/2024,11:51:28,-4.39183,-103.490289
2/21/2024,11:51:28,-4.22183,-103.510289
2/21/2024,11:51:29,-4.06183,-103.540289
2/21/2024,11:51:29,-3.88183,-103.560289
2/21/2024,11:51:29,-3.71183,-103.570289
2/21/2024,11:51:29,-3.531830001,-103.590289
2/21/2024,11:51:29,-3.35183,-103.600289
2/21/2024,11:51:30,-3.18183,-103.620289
2/21/2024,11:51:30,-3.00183,-103.630289
2/21/2024,11:51:30,-2.821830001,-103.640289
2/21/2024,11:51:30,-2.64183,-103.660289
2/21/2024,11:51:30,-2.47183,-103.680289
2/21/2024,11:51:31,-2.29183,-103.700289
2/21/2024,11:51:31,-2.121830001,-103.720289
2/21/2024,11:51:31,-1.941830001,-103.740289
2/21/2024,11:51:31,-1.76183,-103.760289
2/21/2024,11:51:31,-1.581830001,-103.770289
2/21/2024,11:51:32,-1.401830001,-103.760289
2/21/2024,11:51:32,-1.21183,-103.760289
2/21/2024,11:51:32,-1.04183,-103.760289
2/21/2024,11:51:32,-0.85183,-103.760289
2/21/2024,11:51:32,-0.68183,-103.780289
2/21/2024,11:51:33,-0.50183,-103.790289
2/21/2024,11:51:33,-0.331830001,-103.820289
2/21/2024,11:51:33,-0.151830001,-103.830289
2/21/2024,11:51:33,0.03817,-103.840289
2/21/2024,11:51:33,0.20817,-103.840289
2/21/2024,11:51:34,0.388169999,-103.830289
2/21/2024,11:51:34,0.57817,-103.810289
2/21/2024,11:51:34,0.758169999,-103.800289
2/21/2024,11:51:34,0.928169999,-103.790289
2/21/2024,11:51:34,1.10817,-103.790289
2/21/2024,11:51:35,1.28817,-103.800289
2/21/2024,11:51:35,1.468169999,-103.810289
2/21/2024,11:51:35,1.64817,-103.810289
2/21/2024,11:51:35,1.81817,-103.800289
2/21/2024,11:51:35,1.98817,-103.790289
2/21/2024,11:51:36,2.168169999,-103.780289
2/21/2024,11:51:36,2.338169999,-103.760289
2/21/2024,11:51:36,2.508169999,-103.740289
2/21/2024,11:51:36,2.68817,-103.730289
2/21/2024,11:51:36,2.86817,-103.700289
2/21/2024,11:51:37,3.048169999,-103.690289
2/21/2024,11:51:37,3.22817,-103.670289
2/21/2024,11:51:37,3.39817,-103.650289
2/21/2024,11:51:37,3.57817,-103.640289
2/21/2024,11:51:37,3.74817,-103.620289
2/21/2024,11:51:38,3.918169999,-103.600289
2/21/2024,11:51:38,4.088169999,-103.570289
2/21/2024,11:51:38,4.268169999,-103.540289
2/21/2024,11:51:38,4.43817,-103.510289
2/21/2024,11:51:38,4.60817,-103.470289
2/21/2024,11:51:39,4.77817,-103.430289
2/21/2024,11:51:39,4.95817,-103.390289
2/21/2024,11:51:39,5.128169999,-103.360289
2/21/2024,11:51:39,5.308169999,-103.320289
2/21/2024,11:51:39,5.47817,-103.280289
2/21/2024,11:51:40,5.64817,-103.240289
2/21/2024,11:51:40,5.82817,-103.190289
2/21/2024,11:51:40,5.99817,-103.150289
2/21/2024,11:51:40,6.168169999,-103.100289
2/21/2024,11:51:40,6.32817,-103.050289
2/21/2024,11:51:41,6.49817,-103.000289
2/21/2024,11:51:41,6.668169999,-102.950289
2/21/2024,11:51:41,6.82817,-102.890289
2/21/2024,11:51:41,6.99817,-102.820289
2/21/2024,11:51:41,7.15817,-102.760289
2/21/2024,11:51:42,7.31817,-102.700289
2/21/2024,11:51:42,7.47817,-102.640289
2/21/2024,11:51:42,7.64817,-102.580289
2/21/2024,11:51:42,7.808169999,-102.520289
2/21/2024,11:51:42,7.968169999,-102.450289
2/21/2024,11:51:43,8.128169999,-102.380289
2/21/2024,11:51:43,8.28817,-102.310289
2/21/2024,11:51:43,8.43817,-102.230289
2/21/2024,11:51:43,8.598169999,-102.150289
2/21/2024,11:51:43,8.74817,-102.080289
2/21/2024,11:51:44,8.89817,-102.000289
2/21/2024,11:51:44,9.048169999,-101.920289
2/21/2024,11:51:44,9.20817,-101.840289
2/21/2024,11:51:44,9.348169999,-101.750289
2/21/2024,11:51:44,9.49817,-101.670289
2/21/2024,11:51:45,9.65817,-101.580289
2/21/2024,11:51:45,9.798169999,-101.490289
2/21/2024,11:51:45,9.93817,-101.400289
2/21/2024,11:51:45,10.07817,-101.310289
2/21/2024,11:51:45,10.22817,-101.210289
2/21/2024,11:51:46,10.35817,-101.120289
2/21/2024,11:51:46,10.50817,-101.010289
2/21/2024,11:51:46,10.64817,-100.910289
2/21/2024,11:51:46,10.79817,-100.810289
2/21/2024,11:51:46,10.92817,-100.710289
2/21/2024,11:51:47,11.06817,-100.610289
2/21/2024,11:51:47,11.20817,-100.500289
2/21/2024,11:51:47,11.34817,-100.380289
2/21/2024,11:51:47,11.48817,-100.270289
2/21/2024,11:51:47,11.62817,-100.160289
2/21/2024,11:51:48,11.75817,-100.040289
2/21/2024,11:51:48,11.89817,-99.920289
2/21/2024,11:51:48,12.03817,-99.790289
2/21/2024,11:51:48,12.17817,-99.670289
2/21/2024,11:51:48,12.32817,-99.540289
2/21/2024,11:51:49,12.46817,-99.410289
2/21/2024,11:51:49,12.60817,-99.290289
2/21/2024,11:51:49,12.75817,-99.160289
2/21/2024,11:51:49,12.89817,-99.020289
2/21/2024,11:51:49,13.03817,-98.880289
2/21/2024,11:51:50,13.17817,-98.750289
2/21/2024,11:51:50,13.32817,-98.610289
2/21/2024,11:51:50,13.46817,-98.470289
2/21/2024,11:51:50,13.60817,-98.330289
2/21/2024,11:51:50,13.75817,-98.190289
2/21/2024,11:51:51,13.90817,-98.040289
2/21/2024,11:51:51,14.05817,-97.890289
2/21/2024,11:51:51,14.20817,-97.750289
2/21/2024,11:51:51,14.34817,-97.610289
2/21/2024,11:51:51,14.49817,-97.460289
2/21/2024,11:51:52,14.64817,-97.320289
2/21/2024,11:51:52,14.79817,-97.180289
2/21/2024,11:51:52,14.94817,-97.030289
2/21/2024,11:51:52,15.09817,-96.880289
2/21/2024,11:51:52,15.24817,-96.730289
2/21/2024,11:51:53,15.38817,-96.580289
2/21/2024,11:51:53,15.53817,-96.430289
2/21/2024,11:51:53,15.68817,-96.280289
2/21/2024,11:51:53,15.83817,-96.130289
2/21/2024,11:51:53,15.97817,-95.990289
2/21/2024,11:51:54,16.13817,-95.840289
2/21/2024,11:51:54,16.28817,-95.690289
2/21/2024,11:51:54,16.43817,-95.540289
2/21/2024,11:51:54,16.58817,-95.400289
2/21/2024,11:51:54,16.74817,-95.250289
2/21/2024,11:51:55,16.89817,-95.100289
2/21/2024,11:51:55,17.04817,-94.950289
2/21/2024,11:51:55,17.19817,-94.800289
2/21/2024,11:51:55,17.34817,-94.650289
2/21/2024,11:51:55,17.49817,-94.500289
2/21/2024,11:51:56,17.65817,-94.360289
2/21/2024,11:51:56,17.80817,-94.210289
2/21/2024,11:51:56,17.96817,-94.060289
2/21/2024,11:51:56,18.12817,-93.910289
2/21/2024,11:51:56,18.27817,-93.760289
2/21/2024,11:51:57,18.42817,-93.610289
2/21/2024,11:51:57,18.58817,-93.470289
2/21/2024,11:51:57,18.73817,-93.320289
2/21/2024,11:51:57,18.89817,-93.170289
2/21/2024,11:51:57,19.05817,-93.030289
2/21/2024,11:51:58,19.21817,-92.880289
2/21/2024,11:51:58,19.37817,-92.730289
2/21/2024,11:51:58,19.53817,-92.590289
2/21/2024,11:51:58,19.69817,-92.440289
2/21/2024,11:51:58,19.85817,-92.290289
2/21/2024,11:51:59,20.00817,-92.150289
2/21/2024,11:51:59,20.16817,-92.000289
2/21/2024,11:51:59,20.32817,-91.850289
2/21/2024,11:51:59,20.48817,-91.710289
2/21/2024,11:51:59,20.64817,-91.570289
2/21/2024,11:52:00,20.80817,-91.420289
2/21/2024,11:52:00,20.96817,-91.280289
2/21/2024,11:52:00,21.13817,-91.130289
2/21/2024,11:52:00,21.29817,-90.990289
2/21/2024,11:52:00,21.44817,-90.850289
2/21/2024,11:52:01,21.61817,-90.700289
2/21/2024,11:52:01,21.78817,-90.560289
2/21/2024,11:52:01,21.94817,-90.410289
2/21/2024,11:52:01,22.10817,-90.270289
2/21/2024,11:52:01,22.26817,-90.130289
2/21/2024,11:52:02,22.42817,-89.990289
2/21/2024,11:52:02,22.58817,-89.850289
2/21/2024,11:52:02,22.75817,-89.710289
2/21/2024,11:52:02,22.91817,-89.570289
2/21/2024,11:52:02,23.07817,-89.420289
2/21/2024,11:52:03,23.23817,-89.280289
2/21/2024,11:52:03,23.39817,-89.130289
2/21/2024,11:52:03,23.55817,-88.990289
2/21/2024,11:52:03,23.70817,-88.850289
2/21/2024,11:52:03,23.86817,-88.720289
2/21/2024,11:52:04,24.02817,-88.580289
2/21/2024,11:52:04,24.18817,-88.440289
2/21/2024,11:52:04,24.34817,-88.300289
2/21/2024,11:52:04,24.50817,-88.160289
2/21/2024,11:52:04,24.65817,-88.020289
2/21/2024,11:52:05,24.80817,-87.880289
2/21/2024,11:52:05,24.95817,-87.740289
2/21/2024,11:52:05,25.11817,-87.600289
2/21/2024,11:52:05,25.25817,-87.460289
2/21/2024,11:52:05,25.40817,-87.320289
2/21/2024,11:52:06,25.54817,-87.180289
2/21/2024,11:52:06,25.69817,-87.040289
2/21/2024,11:52:06,25.85817,-86.900289
2/21/2024,11:52:06,26.00817,-86.760289
2/21/2024,11:52:06,26.14817,-86.610289
2/21/2024,11:52:07,26.28817,-86.470289
2/21/2024,11:52:07,26.42817,-86.330289
2/21/2024,11:52:07,26.56817,-86.180289
2/21/2024,11:52:07,26.70817,-86.040289
2/21/2024,11:52:07,26.84817,-85.890289
2/21/2024,11:52:08,26.98817,-85.750289
2/21/2024,11:52:08,27.11817,-85.600289
2/21/2024,11:52:08,27.25817,-85.450289
2/21/2024,11:52:08,27.38817,-85.310289
2/21/2024,11:52:08,27.52817,-85.160289
2/21/2024,11:52:09,27.65817,-85.010289
2/21/2024,11:52:09,27.78817,-84.860289
2/21/2024,11:52:09,27.91817,-84.710289
2/21/2024,11:52:09,28.04817,-84.560289
2/21/2024,11:52:09,28.17817,-84.410289
2/21/2024,11:52:10,28.30817,-84.250289
2/21/2024,11:52:10,28.42817,-84.090289
2/21/2024,11:52:10,28.55817,-83.930289
2/21/2024,11:52:10,28.68817,-83.770289
2/21/2024,11:52:10,28.80817,-83.610289
2/21/2024,11:52:11,28.92817,-83.450289
2/21/2024,11:52:11,29.05817,-83.290289
2/21/2024,11:52:11,29.17817,-83.120289
2/21/2024,11:52:11,29.29817,-82.950289
2/21/2024,11:52:11,29.42817,-82.780289
2/21/2024,11:52:12,29.54817,-82.610289
2/21/2024,11:52:12,29.66817,-82.440289
2/21/2024,11:52:12,29.79817,-82.270289
2/21/2024,11:52:12,29.91817,-82.100289
2/21/2024,11:52:12,30.03817,-81.920289
2/21/2024,11:52:13,30.15817,-81.750289
2/21/2024,11:52:13,30.27817,-81.570289
2/21/2024,11:52:13,30.40817,-81.390289
2/21/2024,11:52:13,30.52817,-81.210289
2/21/2024,11:52:13,30.64817,-81.020289
2/21/2024,11:52:14,30.76817,-80.840289
2/21/2024,11:52:14,30.88817,-80.660289
2/21/2024,11:52:14,31.00817,-80.470289
2/21/2024,11:52:14,31.13817,-80.290289
2/21/2024,11:52:14,31.25817,-80.100289
2/21/2024,11:52:15,31.37817,-79.910289
2/21/2024,11:52:15,31.49817,-79.730289
2/21/2024,11:52:15,31.61817,-79.540289
2/21/2024,11:52:15,31.73817,-79.360289
2/21/2024,11:52:15,31.85817,-79.170289
2/21/2024,11:52:16,31.97817,-78.980289
2/21/2024,11:52:16,32.09817,-78.780289
2/21/2024,11:52:16,32.21817,-78.600289
2/21/2024,11:52:16,32.34817,-78.410289
2/21/2024,11:52:16,32.46817,-78.220289
2/21/2024,11:52:17,32.58817,-78.030289
2/21/2024,11:52:17,32.70817,-77.840289
2/21/2024,11:52:17,32.82817,-77.650289
2/21/2024,11:52:17,32.95817,-77.460289
2/21/2024,11:52:17,33.07817,-77.270289
2/21/2024,11:52:18,33.19817,-77.080289
2/21/2024,11:52:18,33.31817,-76.890289
2/21/2024,11:52:18,33.43817,-76.700289
2/21/2024,11:52:18,33.55817,-76.500289
2/21/2024,11:52:18,33.67817,-76.310289
2/21/2024,11:52:19,33.80817,-76.120289
2/21/2024,11:52:19,33.92817,-75.930289
2/21/2024,11:52:19,34.05817,-75.740289
2/21/2024,11:52:19,34.17817,-75.550289
2/21/2024,11:52:19,34.29817,-75.360289
2/21/2024,11:52:20,34.41817,-75.170289
2/21/2024,11:52:20,34.53817,-74.980289
2/21/2024,11:52:20,34.66817,-74.790289
2/21/2024,11:52:20,34.78817,-74.600289
2/21/2024,11:52:20,34.91817,-74.410289
2/21/2024,11:52:21,35.03817,-74.220289
2/21/2024,11:52:21,35.16817,-74.020289
2/21/2024,11:52:21,35.29817,-73.830289
2/21/2024,11:52:21,35.41817,-73.640289
2/21/2024,11:52:21,35.53817,-73.450289
2/21/2024,11:52:22,35.65817,-73.270289
2/21/2024,11:52:22,35.78817,-73.080289
2/21/2024,11:52:22,35.91817,-72.890289
2/21/2024,11:52:22,36.04817,-72.700289
2/21/2024,11:52:22,36.17817,-72.510289
2/21/2024,11:52:23,36.30817,-72.320289
2/21/2024,11:52:23,36.43817,-72.130289
2/21/2024,11:52:23,36.56817,-71.940289
2/21/2024,11:52:23,36.68817,-71.760289
2/21/2024,11:52:23,36.81817,-71.570289
2/21/2024,11:52:24,36.94817,-71.380289
2/21/2024,11:52:24,37.07817,-71.200289
2/21/2024,11:52:24,37.19817,-71.010289
2/21/2024,11:52:24,37.32817,-70.830289
2/21/2024,11:52:24,37.45817,-70.640289
2/21/2024,11:52:25,37.58817,-70.460289
2/21/2024,11:52:25,37.71817,-70.270289
2/21/2024,11:52:25,37.84817,-70.090289
2/21/2024,11:52:25,37.97817,-69.900289
2/21/2024,11:52:25,38.10817,-69.720289
2/21/2024,11:52:26,38.23817,-69.540289
2/21/2024,11:52:26,38.36817,-69.350289
2/21/2024,11:52:26,38.50817,-69.170289
2/21/2024,11:52:26,38.63817,-68.990289
2/21/2024,11:52:26,38.76817,-68.810289
2/21/2024,11:52:27,38.89817,-68.620289
2/21/2024,11:52:27,39.02817,-68.440289
2/21/2024,11:52:27,39.15817,-68.260289
2/21/2024,11:52:27,39.28817,-68.080289
2/21/2024,11:52:27,39.41817,-67.890289
2/21/2024,11:52:28,39.54817,-67.710289
2/21/2024,11:52:28,39.67817,-67.530289
2/21/2024,11:52:28,39.80817,-67.340289
2/21/2024,11:52:28,39.94817,-67.160289
2/21/2024,11:52:28,40.06817,-66.980289
2/21/2024,11:52:29,40.20817,-66.800289
2/21/2024,11:52:29,40.33817,-66.620289
2/21/2024,11:52:29,40.46817,-66.430289
2/21/2024,11:52:29,40.60817,-66.250289
2/21/2024,11:52:29,40.73817,-66.060289
2/21/2024,11:52:30,40.86817,-65.880289
2/21/2024,11:52:30,40.99817,-65.700289
2/21/2024,11:52:30,41.12817,-65.520289
2/21/2024,11:52:30,41.25817,-65.340289
2/21/2024,11:52:30,41.38817,-65.160289
2/21/2024,11:52:31,41.51817,-64.970289
2/21/2024,11:52:31,41.65817,-64.790289
2/21/2024,11:52:31,41.78817,-64.610289
2/21/2024,11:52:31,41.91817,-64.430289
2/21/2024,11:52:31,42.04817,-64.250289
2/21/2024,11:52:32,42.17817,-64.060289
2/21/2024,11:52:32,42.30817,-63.870289
2/21/2024,11:52:32,42.42817,-63.690289
2/21/2024,11:52:32,42.55817,-63.500289
2/21/2024,11:52:32,42.68817,-63.320289
2/21/2024,11:52:33,42.81817,-63.140289
2/21/2024,11:52:33,42.94817,-62.950289
2/21/2024,11:52:33,43.07817,-62.770289
2/21/2024,11:52:33,43.20817,-62.590289
2/21/2024,11:52:33,43.33817,-62.400289
2/21/2024,11:52:34,43.46817,-62.220289
2/21/2024,11:52:34,43.59817,-62.030289
2/21/2024,11:52:34,43.71817,-61.840289
2/21/2024,11:52:34,43.84817,-61.650289
2/21/2024,11:52:34,43.97817,-61.470289
2/21/2024,11:52:35,44.10817,-61.280289
2/21/2024,11:52:35,44.22817,-61.090289
2/21/2024,11:52:35,44.35817,-60.910289
2/21/2024,11:52:35,44.48817,-60.720289
2/21/2024,11:52:35,44.60817,-60.540289
2/21/2024,11:52:36,44.73817,-60.350289
2/21/2024,11:52:36,44.86817,-60.160289
2/21/2024,11:52:36,44.98817,-59.970289
2/21/2024,11:52:36,45.11817,-59.780289
2/21/2024,11:52:36,45.23817,-59.590289
2/21/2024,11:52:37,45.36817,-59.400289
2/21/2024,11:52:37,45.48817,-59.210289
2/21/2024,11:52:37,45.61817,-59.020289
2/21/2024,11:52:37,45.73817,-58.830289
2/21/2024,11:52:37,45.85817,-58.630289
2/21/2024,11:52:38,45.97817,-58.440289
2/21/2024,11:52:38,46.09817,-58.250289
2/21/2024,11:52:38,46.22817,-58.060289
2/21/2024,11:52:38,46.33817,-57.870289
2/21/2024,11:52:38,46.45817,-57.670289
2/21/2024,11:52:39,46.57817,-57.480289
2/21/2024,11:52:39,46.69817,-57.290289
2/21/2024,11:52:39,46.81817,-57.090289
2/21/2024,11:52:39,46.92817,-56.900289
2/21/2024,11:52:39,47.04817,-56.710289
2/21/2024,11:52:40,47.16817,-56.520289
2/21/2024,11:52:40,47.28817,-56.320289
2/21/2024,11:52:40,47.40817,-56.120289
2/21/2024,11:52:40,47.52817,-55.930289
2/21/2024,11:52:40,47.64817,-55.730289
2/21/2024,11:52:41,47.75817,-55.530289
2/21/2024,11:52:41,47.87817,-55.340289
2/21/2024,11:52:41,47.98817,-55.140289
2/21/2024,11:52:41,48.09817,-54.950289
2/21/2024,11:52:41,48.20817,-54.750289
2/21/2024,11:52:42,48.32817,-54.550289
2/21/2024,11:52:42,48.43817,-54.360289
2/21/2024,11:52:42,48.54817,-54.160289
2/21/2024,11:52:42,48.65817,-53.960289
2/21/2024,11:52:42,48.76817,-53.770289
2/21/2024,11:52:43,48.86817,-53.570289
2/21/2024,11:52:43,48.97817,-53.370289
2/21/2024,11:52:43,49.07817,-53.180289
2/21/2024,11:52:43,49.18817,-52.980289
2/21/2024,11:52:43,49.29817,-52.790289
2/21/2024,11:52:44,49.39817,-52.590289
2/21/2024,11:52:44,49.50817,-52.390289
2/21/2024,11:52:44,49.60817,-52.190289
2/21/2024,11:52:44,49.71817,-51.990289
2/21/2024,11:52:44,49.81817,-51.790289
2/21/2024,11:52:45,49.91817,-51.600289
2/21/2024,11:52:45,50.01817,-51.390289
2/21/2024,11:52:45,50.10817,-51.190289
2/21/2024,11:52:45,50.21817,-50.990289
2/21/2024,11:52:45,50.30817,-50.790289
2/21/2024,11:52:46,50.41817,-50.590289
2/21/2024,11:52:46,50.51817,-50.390289
2/21/2024,11:52:46,50.61817,-50.180289
2/21/2024,11:52:46,50.71817,-49.980289
2/21/2024,11:52:46,50.81817,-49.770289
2/21/2024,11:52:47,50.90817,-49.560289
2/21/2024,11:52:47,50.99817,-49.350289
2/21/2024,11:52:47,51.09817,-49.150289
2/21/2024,11:52:47,51.18817,-48.940289
2/21/2024,11:52:47,51.28817,-48.730289
2/21/2024,11:52:48,51.38817,-48.520289
2/21/2024,11:52:48,51.47817,-48.310289
2/21/2024,11:52:48,51.57817,-48.090289
2/21/2024,11:52:48,51.67817,-47.880289
2/21/2024,11:52:48,51.76817,-47.670289
2/21/2024,11:52:49,51.86817,-47.460289
2/21/2024,11:52:49,51.95817,-47.240289
2/21/2024,11:52:49,52.05817,-47.030289
2/21/2024,11:52:49,52.15817,-46.810289
2/21/2024,11:52:49,52.24817,-46.590289
2/21/2024,11:52:50,52.33817,-46.380289
2/21/2024,11:52:50,52.43817,-46.160289
2/21/2024,11:52:50,52.53817,-45.940289
2/21/2024,11:52:50,52.62817,-45.730289
2/21/2024,11:52:50,52.72817,-45.510289
2/21/2024,11:52:51,52.81817,-45.300289
2/21/2024,11:52:51,52.91817,-45.080289
2/21/2024,11:52:51,53.01817,-44.870289
2/21/2024,11:52:51,53.11817,-44.650289
2/21/2024,11:52:51,53.20817,-44.440289
2/21/2024,11:52:52,53.29817,-44.220289
2/21/2024,11:52:52,53.39817,-44.010289
2/21/2024,11:52:52,53.48817,-43.790289
2/21/2024,11:52:52,53.58817,-43.570289
2/21/2024,11:52:52,53.68817,-43.360289
2/21/2024,11:52:53,53.78817,-43.140289
2/21/2024,11:52:53,53.88817,-42.930289
2/21/2024,11:52:53,53.98817,-42.710289
2/21/2024,11:52:53,54.07817,-42.490289
2/21/2024,11:52:53,54.17817,-42.270289
2/21/2024,11:52:54,54.27817,-42.060289
2/21/2024,11:52:54,54.37817,-41.840289
2/21/2024,11:52:54,54.46817,-41.630289
2/21/2024,11:52:54,54.56817,-41.420289
2/21/2024,11:52:54,54.66817,-41.200289
2/21/2024,11:52:55,54.76817,-40.990289
2/21/2024,11:52:55,54.86817,-40.770289
2/21/2024,11:52:55,54.96817,-40.550289
2/21/2024,11:52:55,55.06817,-40.340289
2/21/2024,11:52:55,55.16817,-40.120289
2/21/2024,11:52:56,55.25817,-39.910289
2/21/2024,11:52:56,55.36817,-39.700289
2/21/2024,11:52:56,55.46817,-39.480289
2/21/2024,11:52:56,55.56817,-39.270289
2/21/2024,11:52:56,55.66817,-39.060289
2/21/2024,11:52:57,55.76817,-38.840289
2/21/2024,11:52:57,55.85817,-38.630289
2/21/2024,11:52:57,55.95817,-38.420289
2/21/2024,11:52:57,56.06817,-38.200289
2/21/2024,11:52:57,56.16817,-37.990289
2/21/2024,11:52:58,56.26817,-37.780289
2/21/2024,11:52:58,56.36817,-37.560289
2/21/2024,11:52:58,56.46817,-37.350289
2/21/2024,11:52:58,56.56817,-37.140289
2/21/2024,11:52:58,56.67817,-36.920289
2/21/2024,11:52:59,56.77817,-36.710289
2/21/2024,11:52:59,56.87817,-36.500289
2/21/2024,11:52:59,56.98817,-36.290289
2/21/2024,11:52:59,57.08817,-36.080289
2/21/2024,11:52:59,57.19817,-35.860289
2/21/2024,11:53:00,57.29817,-35.650289
2/21/2024,11:53:00,57.40817,-35.440289
2/21/2024,11:53:00,57.50817,-35.220289
2/21/2024,11:53:00,57.61817,-35.020289
2/21/2024,11:53:00,57.71817,-34.810289
2/21/2024,11:53:01,57.82817,-34.590289
2/21/2024,11:53:01,57.93817,-34.390289
2/21/2024,11:53:01,58.03817,-34.170289
2/21/2024,11:53:01,58.14817,-33.960289
2/21/2024,11:53:01,58.25817,-33.750289
2/21/2024,11:53:02,58.35817,-33.540289
2/21/2024,11:53:02,58.46817,-33.330289
2/21/2024,11:53:02,58.57817,-33.120289
2/21/2024,11:53:02,58.68817,-32.910289
2/21/2024,11:53:02,58.79817,-32.700289
2/21/2024,11:53:03,58.90817,-32.490289
2/21/2024,11:53:03,59.01817,-32.280289
2/21/2024,11:53:03,59.11817,-32.070289
2/21/2024,11:53:03,59.22817,-31.860289
2/21/2024,11:53:03,59.33817,-31.650289
2/21/2024,11:53:04,59.44817,-31.440289
2/21/2024,11:53:04,59.55817,-31.230289
2/21/2024,11:53:04,59.66817,-31.020289
2/21/2024,11:53:04,59.77817,-30.820289
2/21/2024,11:53:04,59.88817,-30.610289
2/21/2024,11:53:05,59.99817,-30.400289
2/21/2024,11:53:05,60.10817,-30.190289
2/21/2024,11:53:05,60.20817,-29.980289
2/21/2024,11:53:05,60.31817,-29.780289
2/21/2024,11:53:05,60.42817,-29.580289
2/21/2024,11:53:06,60.53817,-29.370289
2/21/2024,11:53:06,60.64817,-29.160289
2/21/2024,11:53:06,60.75817,-28.960289
2/21/2024,11:53:06,60.85817,-28.750289
2/21/2024,11:53:06,60.96817,-28.550289
2/21/2024,11:53:07,61.06817,-28.340289
2/21/2024,11:53:07,61.17817,-28.140289
2/21/2024,11:53:07,61.27817,-27.940289
2/21/2024,11:53:07,61.38817,-27.730289
2/21/2024,11:53:07,61.48817,-27.530289
2/21/2024,11:53:08,61.59817,-27.330289
2/21/2024,11:53:08,61.69817,-27.130289
2/21/2024,11:53:08,61.81817,-26.920289
2/21/2024,11:53:08,61.91817,-26.710289
2/21/2024,11:53:08,62.01817,-26.510289
2/21/2024,11:53:09,62.11817,-26.310289
2/21/2024,11:53:09,62.21817,-26.110289
2/21/2024,11:53:09,62.31817,-25.900289
2/21/2024,11:53:09,62.42817,-25.700289
2/21/2024,11:53:09,62.51817,-25.500289
2/21/2024,11:53:10,62.61817,-25.290289
2/21/2024,11:53:10,62.71817,-25.090289
2/21/2024,11:53:10,62.81817,-24.880289
2/21/2024,11:53:10,62.90817,-24.680289
2/21/2024,11:53:10,63.00817,-24.470289
2/21/2024,11:53:11,63.10817,-24.270289
2/21/2024,11:53:11,63.19817,-24.060289
2/21/2024,11:53:11,63.28817,-23.860289
2/21/2024,11:53:11,63.37817,-23.660289
2/21/2024,11:53:11,63.47817,-23.450289
2/21/2024,11:53:12,63.56817,-23.240289
2/21/2024,11:53:12,63.66817,-23.030289
2/21/2024,11:53:12,63.75817,-22.820289
2/21/2024,11:53:12,63.84817,-22.610289
2/21/2024,11:53:12,63.93817,-22.410289
2/21/2024,11:53:13,64.02817,-22.200289
2/21/2024,11:53:13,64.11817,-21.990289
2/21/2024,11:53:13,64.20817,-21.790289
2/21/2024,11:53:13,64.29817,-21.580289
2/21/2024,11:53:13,64.37817,-21.370289
2/21/2024,11:53:14,64.46817,-21.160289
2/21/2024,11:53:14,64.54817,-20.950289
2/21/2024,11:53:14,64.62817,-20.740289
2/21/2024,11:53:14,64.70817,-20.530289
2/21/2024,11:53:14,64.79817,-20.320289
2/21/2024,11:53:15,64.87817,-20.110289
2/21/2024,11:53:15,64.95817,-19.900289
2/21/2024,11:53:15,65.03817,-19.680289
2/21/2024,11:53:15,65.11817,-19.470289
2/21/2024,11:53:15,65.19817,-19.250289
2/21/2024,11:53:16,65.27817,-19.040289
2/21/2024,11:53:16,65.35817,-18.820289
2/21/2024,11:53:16,65.43817,-18.610289
2/21/2024,11:53:16,65.50817,-18.390289
2/21/2024,11:53:16,65.57817,-18.170289
2/21/2024,11:53:17,65.65817,-17.960289
2/21/2024,11:53:17,65.72817,-17.740289
2/21/2024,11:53:17,65.80817,-17.520289
2/21/2024,11:53:17,65.88817,-17.300289
2/21/2024,11:53:17,65.96817,-17.080289
2/21/2024,11:53:18,66.04817,-16.860289
2/21/2024,11:53:18,66.11817,-16.640289
2/21/2024,11:53:18,66.17817,-16.420289
2/21/2024,11:53:18,66.25817,-16.190289
2/21/2024,11:53:18,66.32817,-15.970289
2/21/2024,11:53:19,66.39817,-15.740289
2/21/2024,11:53:19,66.46817,-15.520289
2/21/2024,11:53:19,66.54817,-15.300289
2/21/2024,11:53:19,66.61817,-15.080289
2/21/2024,11:53:19,66.68817,-14.860289
2/21/2024,11:53:20,66.76817,-14.630289
2/21/2024,11:53:20,66.83817,-14.410289
2/21/2024,11:53:20,66.90817,-14.180289
2/21/2024,11:53:20,66.96817,-13.960289
2/21/2024,11:53:20,67.03817,-13.740289
2/21/2024,11:53:21,67.10817,-13.510289
2/21/2024,11:53:21,67.16817,-13.290289
2/21/2024,11:53:21,67.22817,-13.080289
2/21/2024,11:53:21,67.28817,-12.860289
2/21/2024,11:53:21,67.34817,-12.640289
2/21/2024,11:53:22,67.40817,-12.430289
2/21/2024,11:53:22,67.46817,-12.210289
2/21/2024,11:53:22,67.52817,-11.990289
2/21/2024,11:53:22,67.57817,-11.780289
2/21/2024,11:53:22,67.63817,-11.570289
2/21/2024,11:53:23,67.68817,-11.360289
2/21/2024,11:53:23,67.73817,-11.150289
2/21/2024,11:53:23,67.79817,-10.940289
2/21/2024,11:53:23,67.83817,-10.740289
2/21/2024,11:53:23,67.87817,-10.540289
2/21/2024,11:53:24,67.92817,-10.330289
2/21/2024,11:53:24,67.96817,-10.120289
2/21/2024,11:53:24,68.00817,-9.910289
2/21/2024,11:53:24,68.03817,-9.710289
2/21/2024,11:53:24,68.06817,-9.510289
2/21/2024,11:53:25,68.09817,-9.310289
2/21/2024,11:53:25,68.12817,-9.120289
2/21/2024,11:53:25,68.16817,-8.930289
2/21/2024,11:53:25,68.19817,-8.740289
2/21/2024,11:53:25,68.21817,-8.540289
2/21/2024,11:53:26,68.23817,-8.350289
2/21/2024,11:53:26,68.24817,-8.160289
2/21/2024,11:53:26,68.24817,-7.960289
2/21/2024,11:53:26,68.25817,-7.770289
2/21/2024,11:53:26,68.27817,-7.580289
2/21/2024,11:53:27,68.28817,-7.390289
2/21/2024,11:53:27,68.29817,-7.210289
2/21/2024,11:53:27,68.29817,-7.030289
2/21/2024,11:53:27,68.29817,-6.850289
2/21/2024,11:53:27,68.28817,-6.670289
2/21/2024,11:53:28,68.27817,-6.490289
2/21/2024,11:53:28,68.26817,-6.310289
2/21/2024,11:53:28,68.26817,-6.140289
2/21/2024,11:53:28,68.25817,-5.970289
2/21/2024,11:53:28,68.24817,-5.810289
2/21/2024,11:53:29,68.23817,-5.650289
2/21/2024,11:53:29,68.21817,-5.500289
2/21/2024,11:53:29,68.19817,-5.350289
2/21/2024,11:53:29,68.17817,-5.200289
2/21/2024,11:53:29,68.14817,-5.050289
2/21/2024,11:53:30,68.11817,-4.890289
2/21/2024,11:53:30,68.09817,-4.750289
2/21/2024,11:53:30,68.06817,-4.610289
2/21/2024,11:53:30,68.04817,-4.480289
2/21/2024,11:53:30,68.03817,-4.350289
2/21/2024,11:53:31,68.00817,-4.220289
2/21/2024,11:53:31,67.96817,-4.100289
2/21/2024,11:53:31,67.94817,-3.970289
2/21/2024,11:53:31,67.90817,-3.850289
2/21/2024,11:53:31,67.86817,-3.720289
2/21/2024,11:53:32,67.84817,-3.590289
2/21/2024,11:53:32,67.81817,-3.460289
2/21/2024,11:53:32,67.77817,-3.330289
2/21/2024,11:53:32,67.73817,-3.200289
2/21/2024,11:53:32,67.70817,-3.070289
2/21/2024,11:53:33,67.66817,-2.950289
2/21/2024,11:53:33,67.60817,-2.820289
2/21/2024,11:53:33,67.55817,-2.690289
2/21/2024,11:53:33,67.50817,-2.550289
2/21/2024,11:53:33,67.45817,-2.410289
2/21/2024,11:53:34,67.39817,-2.280289
2/21/2024,11:53:34,67.34817,-2.130289
2/21/2024,11:53:34,67.30817,-1.980289
2/21/2024,11:53:34,67.24817,-1.830289
2/21/2024,11:53:34,67.17817,-1.680289
2/21/2024,11:53:35,67.11817,-1.530289
2/21/2024,11:53:35,67.04817,-1.380289
2/21/2024,11:53:35,66.96817,-1.240289
2/21/2024,11:53:35,66.88817,-1.090289
2/21/2024,11:53:35,66.80817,-0.930289
2/21/2024,11:53:36,66.72817,-0.770289
2/21/2024,11:53:36,66.65817,-0.610289
2/21/2024,11:53:36,66.58817,-0.440289
2/21/2024,11:53:36,66.51817,-0.280289
2/21/2024,11:53:36,66.44817,-0.130289
2/21/2024,11:53:37,66.37817,0.019711
2/21/2024,11:53:37,66.28817,0.159711
2/21/2024,11:53:37,66.20817,0.299711
2/21/2024,11:53:37,66.12817,0.449711
2/21/2024,11:53:37,66.03817,0.599711
2/21/2024,11:53:38,65.96817,0.759711
2/21/2024,11:53:38,65.89817,0.909711
2/21/2024,11:53:38,65.81817,1.049711
2/21/2024,11:53:38,65.75817,1.189711
2/21/2024,11:53:38,65.68817,1.319711
2/21/2024,11:53:39,65.61817,1.449711
2/21/2024,11:53:39,65.54817,1.569711
2/21/2024,11:53:39,65.46817,1.699711
2/21/2024,11:53:39,65.38817,1.829711
2/21/2024,11:53:39,65.32817,1.959711
2/21/2024,11:53:40,65.26817,2.079711
2/21/2024,11:53:40,65.19817,2.199711
2/21/2024,11:53:40,65.14817,2.309711
2/21/2024,11:53:40,65.09817,2.419711
2/21/2024,11:53:40,65.04817,2.519711
2/21/2024,11:53:41,64.97817,2.609711
2/21/2024,11:53:41,64.90817,2.719711
2/21/2024,11:53:41,64.85817,2.819711
2/21/2024,11:53:41,64.81817,2.929711
2/21/2024,11:53:41,64.75817,3.009711
2/21/2024,11:53:42,64.70817,3.099711
2/21/2024,11:53:42,64.65817,3.179711
2/21/2024,11:53:42,64.61817,3.259711
2/21/2024,11:53:42,64.57817,3.339711
2/21/2024,11:53:42,64.53817,3.409711
2/21/2024,11:53:43,64.47817,3.479711
2/21/2024,11:53:43,64.44817,3.549711
2/21/2024,11:53:43,64.41817,3.629711
2/21/2024,11:53:43,64.38817,3.689711
2/21/2024,11:53:43,64.34817,3.739711
2/21/2024,11:53:44,64.30817,3.779711
2/21/2024,11:53:44,64.26817,3.829711
2/21/2024,11:53:44,64.23817,3.879711
2/21/2024,11:53:44,64.21817,3.929711
2/21/2024,11:53:44,64.18817,3.969711
2/21/2024,11:53:45,64.16817,4.009711
2/21/2024,11:53:45,64.14817,4.039711
2/21/2024,11:53:45,64.12817,4.069711
2/21/2024,11:53:45,64.11817,4.099711
2/21/2024,11:53:45,64.10817,4.119711
2/21/2024,11:53:46,64.08817,4.129711
2/21/2024,11:53:46,64.06817,4.129711
2/21/2024,11:53:46,64.05817,4.149711
2/21/2024,11:53:46,64.04817,4.159711
2/21/2024,11:53:46,64.04817,4.179711
2/21/2024,11:53:47,64.05817,4.179711
2/21/2024,11:53:47,64.05817,4.179711
2/21/2024,11:53:47,64.05817,4.179711
2/21/2024,11:53:47,64.05817,4.169711
2/21/2024,11:53:47,64.05817,4.169711
2/21/2024,11:53:48,64.05817,4.169711
2/21/2024,11:53:48,64.05817,4.159711
2/21/2024,11:53:48,64.06817,4.159711
2/21/2024,11:53:48,64.07817,4.149711
2/21/2024,11:53:48,64.07817,4.149711
2/21/2024,11:53:49,64.09817,4.149711
2/21/2024,11:53:49,64.10817,4.139711
2/21/2024,11:53:49,64.10817,4.129711
2/21/2024,11:53:49,64.11817,4.119711
2/21/2024,11:53:49,64.11817,4.099711
2/21/2024,11:53:50,64.12817,4.079711
2/21/2024,11:53:50,64.14817,4.059711
2/21/2024,11:53:50,64.15817,4.039711
2/21/2024,11:53:50,64.17817,4.019711
2/21/2024,11:53:50,64.20817,3.999711
2/21/2024,11:53:51,64.23817,3.979711
2/21/2024,11:53:51,64.26817,3.959711
2/21/2024,11:53:51,64.29817,3.959711
2/21/2024,11:53:51,64.31817,3.939711
2/21/2024,11:53:51,64.32817,3.919711
2/21/2024,11:53:52,64.33817,3.899711
2/21/2024,11:53:52,64.35817,3.889711
2/21/2024,11:53:52,64.35817,3.869711
2/21/2024,11:53:52,64.36817,3.849711
2/21/2024,11:53:52,64.37817,3.839711
2/21/2024,11:53:53,64.38817,3.829711
2/21/2024,11:53:53,64.38817,3.839711
2/21/2024,11:53:53,64.39817,3.849711
2/21/2024,11:53:53,64.39817,3.859711
2/21/2024,11:53:53,64.40817,3.869711
2/21/2024,11:53:54,64.39817,3.879711
2/21/2024,11:53:54,64.39817,3.869711
2/21/2024,11:53:54,64.39817,3.859711
2/21/2024,11:53:54,64.37817,3.849711
2/21/2024,11:53:54,64.36817,3.839711
2/21/2024,11:53:55,64.35817,3.829711
2/21/2024,11:53:55,64.35817,3.829711
2/21/2024,11:53:55,64.35817,3.839711
2/21/2024,11:53:55,64.36817,3.859711
2/21/2024,11:53:55,64.37817,3.869711
2/21/2024,11:53:56,64.38817,3.879711
2/21/2024,11:53:56,64.38817,3.879711
2/21/2024,11:53:56,64.38817,3.879711
2/21/2024,11:53:56,64.37817,3.879711
2/21/2024,11:53:56,64.35817,3.869711
2/21/2024,11:53:57,64.34817,3.859711
2/21/2024,11:53:57,64.34817,3.859711
2/21/2024,11:53:57,64.33817,3.849711
2/21/2024,11:53:57,64.32817,3.849711
2/21/2024,11:53:57,64.32817,3.859711
2/21/2024,11:53:58,64.33817,3.869711
2/21/2024,11:53:58,64.34817,3.879711
2/21/2024,11:53:58,64.35817,3.899711
2/21/2024,11:53:58,64.35817,3.909711
2/21/2024,11:53:58,64.34817,3.899711
2/21/2024,11:53:59,64.32817,3.899711
2/21/2024,11:53:59,64.30817,3.889711
2/21/2024,11:53:59,64.28817,3.889711
2/21/2024,11:53:59,64.26817,3.889711
2/21/2024,11:53:59,64.24817,3.909711
2/21/2024,11:54:00,64.22817,3.929711
2/21/2024,11:54:00,64.20817,3.949711
2/21/2024,11:54:00,64.18817,3.979711
2/21/2024,11:54:00,64.15817,3.999711
2/21/2024,11:54:00,64.12817,4.029711
2/21/2024,11:54:01,64.08817,4.049711
2/21/2024,11:54:01,64.04817,4.079711
2/21/2024,11:54:01,63.99817,4.109711
2/21/2024,11:54:01,63.94817,4.139711
2/21/2024,11:54:01,63.89817,4.159711
2/21/2024,11:54:02,63.83817,4.189711
2/21/2024,11:54:02,63.78817,4.229711
2/21/2024,11:54:02,63.72817,4.259711
2/21/2024,11:54:02,63.66817,4.299711
2/21/2024,11:54:02,63.61817,4.349711
2/21/2024,11:54:03,63.56817,4.389711
2/21/2024,11:54:03,63.51817,4.429711
2/21/2024,11:54:03,63.46817,4.469711
2/21/2024,11:54:03,63.40817,4.509711
2/21/2024,11:54:03,63.34817,4.539711
2/21/2024,11:54:04,63.29817,4.579711
2/21/2024,11:54:04,63.23817,4.609711
2/21/2024,11:54:04,63.17817,4.639711
2/21/2024,11:54:04,63.11817,4.669711
2/21/2024,11:54:04,63.06817,4.699711
2/21/2024,11:54:05,63.01817,4.729711
2/21/2024,11:54:05,62.96817,4.769711
2/21/2024,11:54:05,62.91817,4.809711
2/21/2024,11:54:05,62.86817,4.849711
2/21/2024,11:54:05,62.80817,4.879711
2/21/2024,11:54:06,62.75817,4.919711
2/21/2024,11:54:06,62.70817,4.949711
2/21/2024,11:54:06,62.64817,4.979711
2/21/2024,11:54:06,62.59817,5.009711
2/21/2024,11:54:06,62.53817,5.039711
2/21/2024,11:54:07,62.47817,5.069711
2/21/2024,11:54:07,62.41817,5.099711
2/21/2024,11:54:07,62.35817,5.149711
2/21/2024,11:54:07,62.29817,5.189711
2/21/2024,11:54:07,62.22817,5.229711
2/21/2024,11:54:08,62.15817,5.269711
2/21/2024,11:54:08,62.08817,5.299711
2/21/2024,11:54:08,62.01817,5.339711
2/21/2024,11:54:08,61.95817,5.389711
2/21/2024,11:54:08,61.89817,5.429711
2/21/2024,11:54:09,61.82817,5.469711
2/21/2024,11:54:09,61.76817,5.499711
2/21/2024,11:54:09,61.69817,5.529711
2/21/2024,11:54:09,61.64817,5.569711
2/21/2024,11:54:09,61.59817,5.599711
2/21/2024,11:54:10,61.54817,5.629711
2/21/2024,11:54:10,61.48817,5.659711
2/21/2024,11:54:10,61.43817,5.679711
2/21/2024,11:54:10,61.38817,5.709711
2/21/2024,11:54:10,61.34817,5.739711
2/21/2024,11:54:11,61.30817,5.779711
2/21/2024,11:54:11,61.26817,5.799711
2/21/2024,11:54:11,61.22817,5.809711
2/21/2024,11:54:11,61.17817,5.829711
2/21/2024,11:54:11,61.13817,5.849711
2/21/2024,11:54:12,61.09817,5.869711
2/21/2024,11:54:12,61.06817,5.889711
2/21/2024,11:54:12,61.02817,5.909711
2/21/2024,11:54:12,60.98817,5.929711
2/21/2024,11:54:12,60.95817,5.949711
2/21/2024,11:54:13,60.92817,5.969711
2/21/2024,11:54:13,60.89817,5.989711
2/21/2024,11:54:13,60.86817,5.999711
2/21/2024,11:54:13,60.84817,6.009711
2/21/2024,11:54:13,60.82817,6.029711
2/21/2024,11:54:14,60.79817,6.029711
2/21/2024,11:54:14,60.77817,6.049711
2/21/2024,11:54:14,60.76817,6.049711
2/21/2024,11:54:14,60.74817,6.059711
2/21/2024,11:54:14,60.73817,6.059711
2/21/2024,11:54:15,60.72817,6.069711
2/21/2024,11:54:15,60.72817,6.079711
2/21/2024,11:54:15,60.71817,6.079711
2/21/2024,11:54:15,60.71817,6.089711
2/21/2024,11:54:15,60.71817,6.089711
2/21/2024,11:54:16,60.71817,6.089711
2/21/2024,11:54:16,60.70817,6.079711
2/21/2024,11:54:16,60.70817,6.069711
2/21/2024,11:54:16,60.70817,6.059711
2/21/2024,11:54:16,60.70817,6.049711
2/21/2024,11:54:17,60.71817,6.039711
2/21/2024,11:54:17,60.73817,6.039711
2/21/2024,11:54:17,60.75817,6.029711
2/21/2024,11:54:17,60.77817,6.029711
2/21/2024,11:54:17,60.78817,6.009711
2/21/2024,11:54:18,60.80817,5.989711
2/21/2024,11:54:18,60.81817,5.959711
2/21/2024,11:54:18,60.83817,5.919711
2/21/2024,11:54:18,60.85817,5.899711
2/21/2024,11:54:18,60.87817,5.879711
2/21/2024,11:54:19,60.90817,5.849711
2/21/2024,11:54:19,60.93817,5.829711
2/21/2024,11:54:19,60.95817,5.799711
2/21/2024,11:54:19,60.98817,5.769711
2/21/2024,11:54:19,61.01817,5.739711
2/21/2024,11:54:20,61.05817,5.699711
2/21/2024,11:54:20,61.08817,5.659711
2/21/2024,11:54:20,61.11817,5.609711
2/21/2024,11:54:20,61.14817,5.569711
2/21/2024,11:54:20,61.18817,5.529711
2/21/2024,11:54:21,61.21817,5.489711
2/21/2024,11:54:21,61.25817,5.449711
2/21/2024,11:54:21,61.29817,5.399711
2/21/2024,11:54:21,61.32817,5.349711
2/21/2024,11:54:21,61.36817,5.299711
2/21/2024,11:54:22,61.40817,5.249711
2/21/2024,11:54:22,61.45817,5.209711
2/21/2024,11:54:22,61.50817,5.149711
2/21/2024,11:54:22,61.53817,5.089711
2/21/2024,11:54:22,61.56817,5.029711
2/21/2024,11:54:23,61.60817,4.969711
2/21/2024,11:54:23,61.64817,4.929711
2/21/2024,11:54:23,61.70817,4.899711
2/21/2024,11:54:23,61.75817,4.849711
2/21/2024,11:54:23,61.79817,4.789711
2/21/2024,11:54:24,61.81817,4.719711
2/21/2024,11:54:24,61.84817,4.649711
2/21/2024,11:54:24,61.87817,4.599711
2/21/2024,11:54:24,61.91817,4.549711
2/21/2024,11:54:24,61.96817,4.499711
2/21/2024,11:54:25,61.99817,4.449711
2/21/2024,11:54:25,62.02817,4.389711
2/21/2024,11:54:25,62.04817,4.339711
2/21/2024,11:54:25,62.08817,4.289711
2/21/2024,11:54:25,62.12817,4.249711
2/21/2024,11:54:26,62.16817,4.189711
2/21/2024,11:54:26,62.19817,4.129711
2/21/2024,11:54:26,62.21817,4.069711
2/21/2024,11:54:26,62.23817,4.009711
2/21/2024,11:54:26,62.26817,3.959711
2/21/2024,11:54:27,62.30817,3.919711
2/21/2024,11:54:27,62.34817,3.869711
2/21/2024,11:54:27,62.36817,3.829711
2/21/2024,11:54:27,62.39817,3.779711
2/21/2024,11:54:27,62.43817,3.719711
2/21/2024,11:54:28,62.45817,3.669711
2/21/2024,11:54:28,62.48817,3.619711
2/21/2024,11:54:28,62.50817,3.559711
2/21/2024,11:54:28,62.51817,3.509711
2/21/2024,11:54:28,62.53817,3.469711
2/21/2024,11:54:29,62.55817,3.439711
2/21/2024,11:54:29,62.58817,3.399711
2/21/2024,11:54:29,62.61817,3.369711
2/21/2024,11:54:29,62.62817,3.329711
2/21/2024,11:54:29,62.64817,3.279711
2/21/2024,11:54:30,62.65817,3.239711
2/21/2024,11:54:30,62.66817,3.189711
2/21/2024,11:54:30,62.68817,3.149711
2/21/2024,11:54:30,62.69817,3.109711
2/21/2024,11:54:30,62.71817,3.069711
2/21/2024,11:54:31,62.72817,3.029711
2/21/2024,11:54:31,62.73817,2.999711
2/21/2024,11:54:31,62.76817,2.969711
2/21/2024,11:54:31,62.79817,2.919711
2/21/2024,11:54:31,62.82817,2.889711
2/21/2024,11:54:32,62.84817,2.839711
2/21/2024,11:54:32,62.84817,2.779711
2/21/2024,11:54:32,62.86817,2.719711
2/21/2024,11:54:32,62.87817,2.659711
2/21/2024,11:54:32,62.90817,2.589711
2/21/2024,11:54:33,62.92817,2.529711
2/21/2024,11:54:33,62.95817,2.459711
2/21/2024,11:54:33,62.98817,2.399711
2/21/2024,11:54:33,63.01817,2.329711
2/21/2024,11:54:33,63.05817,2.259711
2/21/2024,11:54:34,63.10817,2.189711
2/21/2024,11:54:34,63.13817,2.109711
2/21/2024,11:54:34,63.15817,2.029711
2/21/2024,11:54:34,63.17817,1.939711
2/21/2024,11:54:34,63.20817,1.849711
2/21/2024,11:54:35,63.25817,1.769711
2/21/2024,11:54:35,63.29817,1.689711
2/21/2024,11:54:35,63.33817,1.589711
2/21/2024,11:54:35,63.36817,1.499711
2/21/2024,11:54:35,63.39817,1.399711
2/21/2024,11:54:36,63.45817,1.309711
2/21/2024,11:54:36,63.50817,1.209711
2/21/2024,11:54:36,63.55817,1.119711
2/21/2024,11:54:36,63.59817,1.009711
2/21/2024,11:54:36,63.64817,0.909711
2/21/2024,11:54:37,63.70817,0.809711
2/21/2024,11:54:37,63.76817,0.709711
2/21/2024,11:54:37,63.81817,0.599711
2/21/2024,11:54:37,63.85817,0.479711
2/21/2024,11:54:37,63.90817,0.369711
2/21/2024,11:54:38,63.97817,0.259711
2/21/2024,11:54:38,64.04817,0.149711
2/21/2024,11:54:38,64.10817,0.039711
2/21/2024,11:54:38,64.15817,-0.070289
2/21/2024,11:54:38,64.22817,-0.180289
2/21/2024,11:54:39,64.30817,-0.280289
2/21/2024,11:54:39,64.38817,-0.400289
2/21/2024,11:54:39,64.43817,-0.520289
2/21/2024,11:54:39,64.48817,-0.630289
2/21/2024,11:54:39,64.57817,-0.730289
2/21/2024,11:54:40,64.65817,-0.840289
2/21/2024,11:54:40,64.71817,-0.950289
2/21/2024,11:54:40,64.76817,-1.060289
2/21/2024,11:54:40,64.83817,-1.160289
2/21/2024,11:54:40,64.91817,-1.240289
2/21/2024,11:54:41,64.97817,-1.320289
2/21/2024,11:54:41,65.01817,-1.420289
2/21/2024,11:54:41,65.06817,-1.510289
2/21/2024,11:54:41,65.11817,-1.580289
2/21/2024,11:54:41,65.16817,-1.650289
2/21/2024,11:54:42,65.21817,-1.720289
2/21/2024,11:54:42,65.25817,-1.800289
2/21/2024,11:54:42,65.28817,-1.870289
2/21/2024,11:54:42,65.32817,-1.930289
2/21/2024,11:54:42,65.37817,-1.980289
2/21/2024,11:54:43,65.40817,-2.030289
2/21/2024,11:54:43,65.42817,-2.090289
2/21/2024,11:54:43,65.44817,-2.150289
2/21/2024,11:54:43,65.45817,-2.200289
2/21/2024,11:54:43,65.47817,-2.250289
2/21/2024,11:54:44,65.50817,-2.290289
2/21/2024,11:54:44,65.51817,-2.330289
2/21/2024,11:54:44,65.52817,-2.360289
2/21/2024,11:54:44,65.52817,-2.380289
2/21/2024,11:54:44,65.53817,-2.410289
2/21/2024,11:54:45,65.54817,-2.440289
2/21/2024,11:54:45,65.54817,-2.470289
2/21/2024,11:54:45,65.53817,-2.510289
2/21/2024,11:54:45,65.52817,-2.560289
2/21/2024,11:54:45,65.52817,-2.590289
2/21/2024,11:54:46,65.53817,-2.620289
2/21/2024,11:54:46,65.55817,-2.650289
2/21/2024,11:54:46,65.56817,-2.680289
2/21/2024,11:54:46,65.56817,-2.700289
2/21/2024,11:54:46,65.56817,-2.720289
2/21/2024,11:54:47,65.57817,-2.750289
2/21/2024,11:54:47,65.57817,-2.780289
2/21/2024,11:54:47,65.58817,-2.820289
2/21/2024,11:54:47,65.57817,-2.860289
2/21/2024,11:54:47,65.57817,-2.900289
2/21/2024,11:54:48,65.56817,-2.940289
2/21/2024,11:54:48,65.56817,-2.970289
2/21/2024,11:54:48,65.57817,-3.000289
2/21/2024,11:54:48,65.58817,-3.030289
2/21/2024,11:54:48,65.58817,-3.050289
2/21/2024,11:54:49,65.59817,-3.070289
2/21/2024,11:54:49,65.59817,-3.100289
2/21/2024,11:54:49,65.60817,-3.130289
2/21/2024,11:54:49,65.60817,-3.160289
2/21/2024,11:54:49,65.60817,-3.200289
2/21/2024,11:54:50,65.59817,-3.240289
2/21/2024,11:54:50,65.58817,-3.280289
2/21/2024,11:54:50,65.58817,-3.310289
2/21/2024,11:54:50,65.58817,-3.340289
2/21/2024,11:54:50,65.59817,-3.360289
2/21/2024,11:54:51,65.60817,-3.380289
2/21/2024,11:54:51,65.61817,-3.410289
2/21/2024,11:54:51,65.61817,-3.430289
2/21/2024,11:54:51,65.61817,-3.460289
2/21/2024,11:54:51,65.62817,-3.500289
2/21/2024,11:54:52,65.61817,-3.540289
2/21/2024,11:54:52,65.60817,-3.580289
2/21/2024,11:54:52,65.59817,-3.620289
2/21/2024,11:54:52,65.58817,-3.650289
2/21/2024,11:54:52,65.59817,-3.670289
2/21/2024,11:54:53,65.59817,-3.690289
2/21/2024,11:54:53,65.60817,-3.720289
2/21/2024,11:54:53,65.61817,-3.740289
2/21/2024,11:54:53,65.61817,-3.770289
2/21/2024,11:54:53,65.60817,-3.800289
2/21/2024,11:54:54,65.60817,-3.830289
2/21/2024,11:54:54,65.59817,-3.860289
2/21/2024,11:54:54,65.58817,-3.890289
2/21/2024,11:54:54,65.56817,-3.910289
2/21/2024,11:54:54,65.55817,-3.920289
2/21/2024,11:54:55,65.53817,-3.930289
2/21/2024,11:54:55,65.51817,-3.940289
2/21/2024,11:54:55,65.49817,-3.940289
2/21/2024,11:54:55,65.46817,-3.950289
2/21/2024,11:54:55,65.43817,-3.950289
2/21/2024,11:54:56,65.41817,-3.950289
2/21/2024,11:54:56,65.38817,-3.950289
2/21/2024,11:54:56,65.35817,-3.950289
2/21/2024,11:54:56,65.32817,-3.960289
2/21/2024,11:54:56,65.30817,-3.960289
2/21/2024,11:54:57,65.27817,-3.970289
2/21/2024,11:54:57,65.25817,-3.970289
2/21/2024,11:54:57,65.22817,-3.970289
2/21/2024,11:54:57,65.19817,-3.970289
2/21/2024,11:54:57,65.16817,-3.980289
2/21/2024,11:54:58,65.14817,-3.970289
2/21/2024,11:54:58,65.10817,-3.950289
2/21/2024,11:54:58,65.07817,-3.940289
2/21/2024,11:54:58,65.03817,-3.920289
2/21/2024,11:54:58,64.98817,-3.900289
2/21/2024,11:54:59,64.93817,-3.880289
2/21/2024,11:54:59,64.89817,-3.850289
2/21/2024,11:54:59,64.84817,-3.830289
2/21/2024,11:54:59,64.79817,-3.800289
2/21/2024,11:54:59,64.73817,-3.770289
2/21/2024,11:55:00,64.68817,-3.740289
2/21/2024,11:55:00,64.62817,-3.700289
2/21/2024,11:55:00,64.56817,-3.660289
2/21/2024,11:55:00,64.50817,-3.610289
2/21/2024,11:55:00,64.44817,-3.550289
2/21/2024,11:55:01,64.39817,-3.490289
2/21/2024,11:55:01,64.32817,-3.440289
2/21/2024,11:55:01,64.25817,-3.390289
2/21/2024,11:55:01,64.18817,-3.330289
2/21/2024,11:55:01,64.11817,-3.260289
2/21/2024,11:55:02,64.04817,-3.200289
2/21/2024,11:55:02,63.97817,-3.130289
2/21/2024,11:55:02,63.88817,-3.060289
2/21/2024,11:55:02,63.80817,-2.990289
2/21/2024,11:55:02,63.74817,-2.900289
2/21/2024,11:55:03,63.68817,-2.810289
2/21/2024,11:55:03,63.60817,-2.730289
2/21/2024,11:55:03,63.52817,-2.650289
2/21/2024,11:55:03,63.45817,-2.560289
2/21/2024,11:55:03,63.38817,-2.460289
2/21/2024,11:55:04,63.31817,-2.360289
2/21/2024,11:55:04,63.22817,-2.270289
2/21/2024,11:55:04,63.13817,-2.180289
2/21/2024,11:55:04,63.05817,-2.070289
2/21/2024,11:55:04,62.99817,-1.970289
2/21/2024,11:55:05,62.91817,-1.860289
2/21/2024,11:55:05,62.83817,-1.760289
2/21/2024,11:55:05,62.74817,-1.640289
2/21/2024,11:55:05,62.67817,-1.520289
2/21/2024,11:55:05,62.61817,-1.390289
2/21/2024,11:55:06,62.53817,-1.270289
2/21/2024,11:55:06,62.45817,-1.160289
2/21/2024,11:55:06,62.38817,-1.040289
2/21/2024,11:55:06,62.32817,-0.930289
2/21/2024,11:55:06,62.26817,-0.830289
2/21/2024,11:55:07,62.17817,-0.730289
2/21/2024,11:55:07,62.10817,-0.630289
2/21/2024,11:55:07,62.04817,-0.530289
2/21/2024,11:55:07,62.00817,-0.440289
2/21/2024,11:55:07,61.94817,-0.360289
2/21/2024,11:55:08,61.88817,-0.280289
2/21/2024,11:55:08,61.83817,-0.190289
2/21/2024,11:55:08,61.80817,-0.110289
2/21/2024,11:55:08,61.76817,-0.030289
2/21/2024,11:55:08,61.70817,0.029711
2/21/2024,11:55:09,61.63817,0.089711
2/21/2024,11:55:09,61.59817,0.159711
2/21/2024,11:55:09,61.54817,0.209711
2/21/2024,11:55:09,61.49817,0.269711
2/21/2024,11:55:09,61.44817,0.329711
2/21/2024,11:55:10,61.38817,0.379711
2/21/2024,11:55:10,61.35817,0.429711
2/21/2024,11:55:10,61.32817,0.479711
2/21/2024,11:55:10,61.29817,0.529711
2/21/2024,11:55:10,61.25817,0.569711
2/21/2024,11:55:11,61.21817,0.599711
2/21/2024,11:55:11,61.16817,0.629711
2/21/2024,11:55:11,61.13817,0.659711
2/21/2024,11:55:11,61.09817,0.679711
2/21/2024,11:55:11,61.05817,0.699711
2/21/2024,11:55:12,61.01817,0.719711
2/21/2024,11:55:12,60.97817,0.729711
2/21/2024,11:55:12,60.94817,0.739711
2/21/2024,11:55:12,60.91817,0.739711
2/21/2024,11:55:12,60.89817,0.749711
2/21/2024,11:55:13,60.86817,0.749711
2/21/2024,11:55:13,60.83817,0.749711
2/21/2024,11:55:13,60.80817,0.739711
2/21/2024,11:55:13,60.78817,0.729711
2/21/2024,11:55:13,60.76817,0.719711
2/21/2024,11:55:14,60.73817,0.699711
2/21/2024,11:55:14,60.70817,0.679711
2/21/2024,11:55:14,60.67817,0.659711
2/21/2024,11:55:14,60.64817,0.629711
2/21/2024,11:55:14,60.61817,0.609711
2/21/2024,11:55:15,60.59817,0.579711
2/21/2024,11:55:15,60.57817,0.549711
2/21/2024,11:55:15,60.56817,0.509711
2/21/2024,11:55:15,60.55817,0.479711
2/21/2024,11:55:15,60.54817,0.439711
2/21/2024,11:55:16,60.53817,0.409711
2/21/2024,11:55:16,60.52817,0.369711
2/21/2024,11:55:16,60.50817,0.319711
2/21/2024,11:55:16,60.48817,0.269711
2/21/2024,11:55:16,60.47817,0.219711
2/21/2024,11:55:17,60.45817,0.169711
2/21/2024,11:55:17,60.44817,0.109711
2/21/2024,11:55:17,60.44817,0.049711
2/21/2024,11:55:17,60.44817,-0.010289
2/21/2024,11:55:17,60.44817,-0.070289
2/21/2024,11:55:18,60.44817,-0.130289
2/21/2024,11:55:18,60.44817,-0.190289
2/21/2024,11:55:18,60.45817,-0.260289
2/21/2024,11:55:18,60.45817,-0.320289
2/21/2024,11:55:18,60.45817,-0.390289
2/21/2024,11:55:19,60.46817,-0.460289
2/21/2024,11:55:19,60.47817,-0.530289
2/21/2024,11:55:19,60.48817,-0.600289
2/21/2024,11:55:19,60.49817,-0.670289
2/21/2024,11:55:19,60.50817,-0.750289
2/21/2024,11:55:20,60.51817,-0.840289
2/21/2024,11:55:20,60.53817,-0.920289
2/21/2024,11:55:20,60.56817,-1.000289
2/21/2024,11:55:20,60.59817,-1.080289
2/21/2024,11:55:20,60.62817,-1.150289
2/21/2024,11:55:21,60.63817,-1.240289
2/21/2024,11:55:21,60.66817,-1.320289
2/21/2024,11:55:21,60.70817,-1.400289
2/21/2024,11:55:21,60.74817,-1.480289
2/21/2024,11:55:21,60.77817,-1.570289
2/21/2024,11:55:22,60.80817,-1.670289
2/21/2024,11:55:22,60.83817,-1.770289
2/21/2024,11:55:22,60.88817,-1.850289
2/21/2024,11:55:22,60.94817,-1.940289
2/21/2024,11:55:22,60.98817,-2.030289
2/21/2024,11:55:23,61.01817,-2.120289
2/21/2024,11:55:23,61.06817,-2.200289
2/21/2024,11:55:23,61.13817,-2.280289
2/21/2024,11:55:23,61.18817,-2.370289
2/21/2024,11:55:23,61.23817,-2.480289
2/21/2024,11:55:24,61.28817,-2.580289
2/21/2024,11:55:24,61.35817,-2.660289
2/21/2024,11:55:24,61.40817,-2.760289
2/21/2024,11:55:24,61.46817,-2.840289
2/21/2024,11:55:24,61.53817,-2.920289
2/21/2024,11:55:25,61.60817,-2.990289
2/21/2024,11:55:25,61.67817,-3.070289
2/21/2024,11:55:25,61.74817,-3.160289
2/21/2024,11:55:25,61.80817,-3.240289
2/21/2024,11:55:25,61.86817,-3.330289
2/21/2024,11:55:26,61.93817,-3.410289
2/21/2024,11:55:26,61.99817,-3.500289
2/21/2024,11:55:26,62.05817,-3.580289
2/21/2024,11:55:26,62.12817,-3.650289
2/21/2024,11:55:26,62.20817,-3.710289
2/21/2024,11:55:27,62.27817,-3.760289
2/21/2024,11:55:27,62.34817,-3.830289
2/21/2024,11:55:27,62.39817,-3.900289
2/21/2024,11:55:27,62.45817,-3.960289
2/21/2024,11:55:27,62.52817,-4.020289
2/21/2024,11:55:28,62.57817,-4.090289
2/21/2024,11:55:28,62.62817,-4.170289
2/21/2024,11:55:28,62.68817,-4.240289
2/21/2024,11:55:28,62.76817,-4.300289
2/21/2024,11:55:28,62.83817,-4.340289
2/21/2024,11:55:29,62.90817,-4.390289
2/21/2024,11:55:29,62.95817,-4.450289
2/21/2024,11:55:29,63.02817,-4.510289
2/21/2024,11:55:29,63.08817,-4.550289
2/21/2024,11:55:29,63.15817,-4.600289
2/21/2024,11:55:30,63.20817,-4.670289
2/21/2024,11:55:30,63.25817,-4.740289
2/21/2024,11:55:30,63.31817,-4.810289
2/21/2024,11:55:30,63.37817,-4.850289
2/21/2024,11:55:30,63.44817,-4.890289
2/21/2024,11:55:31,63.50817,-4.940289
2/21/2024,11:55:31,63.56817,-4.980289
2/21/2024,11:55:31,63.61817,-5.030289
2/21/2024,11:55:31,63.68817,-5.070289
2/21/2024,11:55:31,63.74817,-5.110289
2/21/2024,11:55:32,63.80817,-5.160289
2/21/2024,11:55:32,63.85817,-5.220289
2/21/2024,11:55:32,63.90817,-5.280289
2/21/2024,11:55:32,63.95817,-5.330289
2/21/2024,11:55:32,64.02817,-5.360289
2/21/2024,11:55:33,64.08817,-5.400289
2/21/2024,11:55:33,64.15817,-5.430289
2/21/2024,11:55:33,64.19817,-5.470289
2/21/2024,11:55:33,64.23817,-5.520289
2/21/2024,11:55:33,64.27817,-5.550289
2/21/2024,11:55:34,64.31817,-5.570289
2/21/2024,11:55:34,64.35817,-5.590289
2/21/2024,11:55:34,64.38817,-5.620289
2/21/2024,11:55:34,64.40817,-5.660289
2/21/2024,11:55:34,64.41817,-5.680289
2/21/2024,11:55:35,64.43817,-5.710289
2/21/2024,11:55:35,64.44817,-5.720289
2/21/2024,11:55:35,64.46817,-5.730289
2/21/2024,11:55:35,64.46817,-5.750289
2/21/2024,11:55:35,64.47817,-5.760289
2/21/2024,11:55:36,64.47817,-5.770289
2/21/2024,11:55:36,64.47817,-5.760289
2/21/2024,11:55:36,64.47817,-5.760289
2/21/2024,11:55:36,64.45817,-5.760289
2/21/2024,11:55:36,64.43817,-5.770289
2/21/2024,11:55:37,64.40817,-5.780289
2/21/2024,11:55:37,64.37817,-5.790289
2/21/2024,11:55:37,64.34817,-5.790289
2/21/2024,11:55:37,64.32817,-5.780289
2/21/2024,11:55:37,64.30817,-5.780289
2/21/2024,11:55:38,64.28817,-5.770289
2/21/2024,11:55:38,64.26817,-5.750289
2/21/2024,11:55:38,64.23817,-5.740289
2/21/2024,11:55:38,64.21817,-5.730289
2/21/2024,11:55:38,64.18817,-5.730289
2/21/2024,11:55:39,64.15817,-5.740289
2/21/2024,11:55:39,64.12817,-5.750289
2/21/2024,11:55:39,64.09817,-5.750289
2/21/2024,11:55:39,64.07817,-5.740289
2/21/2024,11:55:39,64.05817,-5.730289
2/21/2024,11:55:40,64.03817,-5.720289
2/21/2024,11:55:40,64.01817,-5.710289
2/21/2024,11:55:40,64.00817,-5.700289
2/21/2024,11:55:40,63.98817,-5.690289
2/21/2024,11:55:40,63.96817,-5.690289
2/21/2024,11:55:41,63.93817,-5.690289
2/21/2024,11:55:41,63.90817,-5.690289
2/21/2024,11:55:41,63.87817,-5.680289
2/21/2024,11:55:41,63.84817,-5.670289
2/21/2024,11:55:41,63.80817,-5.650289
2/21/2024,11:55:42,63.76817,-5.630289
2/21/2024,11:55:42,63.72817,-5.610289
2/21/2024,11:55:42,63.67817,-5.580289
2/21/2024,11:55:42,63.62817,-5.560289
2/21/2024,11:55:42,63.57817,-5.530289
2/21/2024,11:55:43,63.52817,-5.490289
2/21/2024,11:55:43,63.47817,-5.450289
2/21/2024,11:55:43,63.41817,-5.410289
2/21/2024,11:55:43,63.35817,-5.380289
2/21/2024,11:55:43,63.28817,-5.340289
2/21/2024,11:55:44,63.21817,-5.300289
2/21/2024,11:55:44,63.14817,-5.260289
2/21/2024,11:55:44,63.07817,-5.210289
2/21/2024,11:55:44,63.00817,-5.160289
2/21/2024,11:55:44,62.93817,-5.100289
2/21/2024,11:55:45,62.86817,-5.040289
2/21/2024,11:55:45,62.79817,-4.970289
2/21/2024,11:55:45,62.73817,-4.900289
2/21/2024,11:55:45,62.65817,-4.830289
2/21/2024,11:55:45,62.57817,-4.770289
2/21/2024,11:55:46,62.47817,-4.710289
2/21/2024,11:55:46,62.38817,-4.640289
2/21/2024,11:55:46,62.29817,-4.570289
2/21/2024,11:55:46,62.21817,-4.500289
2/21/2024,11:55:46,62.12817,-4.420289
2/21/2024,11:55:47,62.03817,-4.330289
2/21/2024,11:55:47,61.96817,-4.230289
2/21/2024,11:55:47,61.88817,-4.130289
2/21/2024,11:55:47,61.80817,-4.040289
2/21/2024,11:55:47,61.70817,-3.950289
2/21/2024,11:55:48,61.60817,-3.860289
2/21/2024,11:55:48,61.51817,-3.760289
2/21/2024,11:55:48,61.42817,-3.660289
2/21/2024,11:55:48,61.31817,-3.560289
2/21/2024,11:55:48,61.20817,-3.450289
2/21/2024,11:55:49,61.12817,-3.330289
2/21/2024,11:55:49,61.05817,-3.200289
2/21/2024,11:55:49,60.96817,-3.090289
2/21/2024,11:55:49,60.87817,-2.970289
2/21/2024,11:55:49,60.79817,-2.840289
2/21/2024,11:55:50,60.71817,-2.710289
2/21/2024,11:55:50,60.61817,-2.600289
2/21/2024,11:55:50,60.51817,-2.480289
2/21/2024,11:55:50,60.42817,-2.350289
2/21/2024,11:55:50,60.34817,-2.210289
2/21/2024,11:55:51,60.25817,-2.070289
2/21/2024,11:55:51,60.15817,-1.940289
2/21/2024,11:55:51,60.07817,-1.800289
2/21/2024,11:55:51,60.01817,-1.650289
2/21/2024,11:55:51,59.94817,-1.500289
2/21/2024,11:55:52,59.85817,-1.370289
2/21/2024,11:55:52,59.77817,-1.230289
2/21/2024,11:55:52,59.70817,-1.080289
2/21/2024,11:55:52,59.63817,-0.930289
2/21/2024,11:55:52,59.54817,-0.770289
2/21/2024,11:55:53,59.46817,-0.620289
2/21/2024,11:55:53,59.40817,-0.460289
2/21/2024,11:55:53,59.35817,-0.300289
2/21/2024,11:55:53,59.28817,-0.140289
2/21/2024,11:55:53,59.22817,0.019711
2/21/2024,11:55:54,59.16817,0.189711
2/21/2024,11:55:54,59.11817,0.349711
2/21/2024,11:55:54,59.04817,0.509711
2/21/2024,11:55:54,58.98817,0.679711
2/21/2024,11:55:54,58.93817,0.849711
2/21/2024,11:55:55,58.87817,1.019711
2/21/2024,11:55:55,58.80817,1.189711
2/21/2024,11:55:55,58.76817,1.369711
2/21/2024,11:55:55,58.71817,1.539711
2/21/2024,11:55:55,58.67817,1.709711
2/21/2024,11:55:56,58.63817,1.879711
2/21/2024,11:55:56,58.59817,2.059711
2/21/2024,11:55:56,58.55817,2.229711
2/21/2024,11:55:56,58.51817,2.409711
2/21/2024,11:55:56,58.48817,2.589711
2/21/2024,11:55:57,58.44817,2.769711
2/21/2024,11:55:57,58.40817,2.949711
2/21/2024,11:55:57,58.38817,3.129711
2/21/2024,11:55:57,58.37817,3.309711
2/21/2024,11:55:57,58.34817,3.489711
2/21/2024,11:55:58,58.32817,3.669711
2/21/2024,11:55:58,58.30817,3.849711
2/21/2024,11:55:58,58.28817,4.029711
2/21/2024,11:55:58,58.26817,4.219711
2/21/2024,11:55:58,58.26817,4.399711
2/21/2024,11:55:59,58.26817,4.579711
2/21/2024,11:55:59,58.25817,4.769711
2/21/2024,11:55:59,58.26817,4.949711
2/21/2024,11:55:59,58.26817,5.139711
2/21/2024,11:55:59,58.25817,5.329711
2/21/2024,11:56:00,58.26817,5.519711
2/21/2024,11:56:00,58.27817,5.709711
2/21/2024,11:56:00,58.29817,5.889711
2/21/2024,11:56:00,58.30817,6.069711
2/21/2024,11:56:00,58.32817,6.259711
2/21/2024,11:56:01,58.34817,6.449711
2/21/2024,11:56:01,58.36817,6.639711
2/21/2024,11:56:01,58.39817,6.819711
2/21/2024,11:56:01,58.42817,7.009711
2/21/2024,11:56:01,58.46817,7.189711
2/21/2024,11:56:02,58.49817,7.379711
2/21/2024,11:56:02,58.53817,7.559711
2/21/2024,11:56:02,58.58817,7.749711
2/21/2024,11:56:02,58.62817,7.939711
2/21/2024,11:56:02,58.67817,8.119711
2/21/2024,11:56:03,58.73817,8.299711
2/21/2024,11:56:03,58.78817,8.489711
2/21/2024,11:56:03,58.84817,8.669711
2/21/2024,11:56:03,58.91817,8.849711
2/21/2024,11:56:03,58.97817,9.019711
2/21/2024,11:56:04,59.04817,9.199711
2/21/2024,11:56:04,59.10817,9.379711
2/21/2024,11:56:04,59.17817,9.549711
2/21/2024,11:56:04,59.25817,9.729711
2/21/2024,11:56:04,59.33817,9.899711
2/21/2024,11:56:05,59.42817,10.059711
2/21/2024,11:56:05,59.49817,10.229711
2/21/2024,11:56:05,59.58817,10.389711
2/21/2024,11:56:05,59.67817,10.549711
2/21/2024,11:56:05,59.76817,10.719711
2/21/2024,11:56:06,59.85817,10.879711
2/21/2024,11:56:06,59.94817,11.039711
2/21/2024,11:56:06,60.04817,11.189711
2/21/2024,11:56:06,60.13817,11.339711
2/21/2024,11:56:06,60.23817,11.499711
2/21/2024,11:56:07,60.32817,11.639711
2/21/2024,11:56:07,60.42817,11.789711
2/21/2024,11:56:07,60.51817,11.939711
2/21/2024,11:56:07,60.61817,12.079711
2/21/2024,11:56:07,60.71817,12.219711
2/21/2024,11:56:08,60.80817,12.359711
2/21/2024,11:56:08,60.90817,12.499711
2/21/2024,11:56:08,61.01817,12.619711
2/21/2024,11:56:08,61.10817,12.759711
2/21/2024,11:56:08,61.19817,12.889711
2/21/2024,11:56:09,61.29817,13.029711
2/21/2024,11:56:09,61.38817,13.159711
2/21/2024,11:56:09,61.47817,13.289711
2/21/2024,11:56:09,61.57817,13.419711
2/21/2024,11:56:09,61.66817,13.549711
2/21/2024,11:56:10,61.75817,13.669711
2/21/2024,11:56:10,61.84817,13.799711
2/21/2024,11:56:10,61.93817,13.929711
2/21/2024,11:56:10,62.03817,14.049711
2/21/2024,11:56:10,62.11817,14.169711
2/21/2024,11:56:11,62.20817,14.299711
2/21/2024,11:56:11,62.30817,14.419711
2/21/2024,11:56:11,62.40817,14.539711
2/21/2024,11:56:11,62.48817,14.669711
2/21/2024,11:56:11,62.57817,14.799711
2/21/2024,11:56:12,62.67817,14.919711
2/21/2024,11:56:12,62.76817,15.049711
2/21/2024,11:56:12,62.84817,15.179711
2/21/2024,11:56:12,62.93817,15.299711
2/21/2024,11:56:12,63.02817,15.429711
2/21/2024,11:56:13,63.11817,15.559711
2/21/2024,11:56:13,63.19817,15.689711
2/21/2024,11:56:13,63.29817,15.809711
2/21/2024,11:56:13,63.38817,15.939711
2/21/2024,11:56:13,63.45817,16.069711
2/21/2024,11:56:14,63.53817,16.189711
2/21/2024,11:56:14,63.62817,16.309711
2/21/2024,11:56:14,63.70817,16.429711
2/21/2024,11:56:14,63.77817,16.559711
2/21/2024,11:56:14,63.85817,16.679711
2/21/2024,11:56:15,63.93817,16.799711
2/21/2024,11:56:15,64.00817,16.919711
2/21/2024,11:56:15,64.07817,17.039711
2/21/2024,11:56:15,64.15817,17.159711
2/21/2024,11:56:15,64.22817,17.279711
2/21/2024,11:56:16,64.29817,17.399711
2/21/2024,11:56:16,64.36817,17.529711
2/21/2024,11:56:16,64.43817,17.639711
2/21/2024,11:56:16,64.49817,17.759711
2/21/2024,11:56:16,64.55817,17.879711
2/21/2024,11:56:17,64.62817,17.999711
2/21/2024,11:56:17,64.69817,18.109711
2/21/2024,11:56:17,64.75817,18.229711
2/21/2024,11:56:17,64.80817,18.359711
2/21/2024,11:56:17,64.86817,18.469711
2/21/2024,11:56:18,64.93817,18.589711
2/21/2024,11:56:18,64.98817,18.709711
2/21/2024,11:56:18,65.04817,18.829711
2/21/2024,11:56:18,65.10817,18.939711
2/21/2024,11:56:18,65.16817,19.049711
2/21/2024,11:56:19,65.20817,19.169711
2/21/2024,11:56:19,65.25817,19.289711
2/21/2024,11:56:19,65.32817,19.409711
2/21/2024,11:56:19,65.38817,19.529711
2/21/2024,11:56:19,65.42817,19.649711
2/21/2024,11:56:20,65.48817,19.789711
2/21/2024,11:56:20,65.54817,19.909711
2/21/2024,11:56:20,65.61817,20.039711
2/21/2024,11:56:20,65.66817,20.179711
2/21/2024,11:56:20,65.72817,20.319711
2/21/2024,11:56:21,65.78817,20.449711
2/21/2024,11:56:21,65.83817,20.589711
2/21/2024,11:56:21,65.88817,20.729711
2/21/2024,11:56:21,65.94817,20.869711
2/21/2024,11:56:21,66.00817,21.009711
2/21/2024,11:56:22,66.06817,21.159711
2/21/2024,11:56:22,66.12817,21.319711
2/21/2024,11:56:22,66.18817,21.469711
2/21/2024,11:56:22,66.24817,21.629711
2/21/2024,11:56:22,66.29817,21.779711
2/21/2024,11:56:23,66.36817,21.939711
2/21/2024,11:56:23,66.42817,22.099711
2/21/2024,11:56:23,66.48817,22.259711
2/21/2024,11:56:23,66.54817,22.429711
2/21/2024,11:56:23,66.61817,22.599711
2/21/2024,11:56:24,66.68817,22.769711
2/21/2024,11:56:24,66.73817,22.949711
2/21/2024,11:56:24,66.80817,23.129711
2/21/2024,11:56:24,66.86817,23.309711
2/21/2024,11:56:24,66.92817,23.489711
2/21/2024,11:56:25,66.99817,23.669711
2/21/2024,11:56:25,67.06817,23.849711
2/21/2024,11:56:25,67.13817,24.029711
2/21/2024,11:56:25,67.21817,24.219711
2/21/2024,11:56:25,67.28817,24.399711
2/21/2024,11:56:26,67.35817,24.589711
2/21/2024,11:56:26,67.41817,24.779711
2/21/2024,11:56:26,67.49817,24.969711
2/21/2024,11:56:26,67.56817,25.159711
2/21/2024,11:56:26,67.63817,25.349711
2/21/2024,11:56:27,67.71817,25.539711
2/21/2024,11:56:27,67.79817,25.729711
2/21/2024,11:56:27,67.86817,25.929711
2/21/2024,11:56:27,67.94817,26.119711
2/21/2024,11:56:27,68.02817,26.319711
2/21/2024,11:56:28,68.10817,26.509711
2/21/2024,11:56:28,68.18817,26.709711
2/21/2024,11:56:28,68.26817,26.899711
2/21/2024,11:56:28,68.35817,27.099711
2/21/2024,11:56:28,68.43817,27.299711
2/21/2024,11:56:29,68.52817,27.499711
2/21/2024,11:56:29,68.61817,27.689711
2/21/2024,11:56:29,68.71817,27.889711
2/21/2024,11:56:29,68.80817,28.089711
2/21/2024,11:56:29,68.89817,28.279711
2/21/2024,11:56:30,68.99817,28.479711
2/21/2024,11:56:30,69.08817,28.679711
2/21/2024,11:56:30,69.18817,28.879711
2/21/2024,11:56:30,69.27817,29.069711
2/21/2024,11:56:30,69.36817,29.259711
2/21/2024,11:56:31,69.45817,29.449711
2/21/2024,11:56:31,69.55817,29.639711
2/21/2024,11:56:31,69.64817,29.829711
2/21/2024,11:56:31,69.74817,30.009711
2/21/2024,11:56:31,69.83817,30.179711
2/21/2024,11:56:32,69.93817,30.359711
2/21/2024,11:56:32,70.02817,30.539711
2/21/2024,11:56:32,70.11817,30.709711
2/21/2024,11:56:32,70.20817,30.869711
2/21/2024,11:56:32,70.30817,31.039711
2/21/2024,11:56:33,70.39817,31.199711
2/21/2024,11:56:33,70.47817,31.369711
2/21/2024,11:56:33,70.57817,31.529711
2/21/2024,11:56:33,70.66817,31.689711
2/21/2024,11:56:33,70.75817,31.839711
2/21/2024,11:56:34,70.84817,31.999711
2/21/2024,11:56:34,70.93817,32.149711
2/21/2024,11:56:34,71.03817,32.299711
2/21/2024,11:56:34,71.12817,32.449711
2/21/2024,11:56:34,71.21817,32.599711
2/21/2024,11:56:35,71.30817,32.749711
2/21/2024,11:56:35,71.39817,32.889711
2/21/2024,11:56:35,71.48817,33.029711
2/21/2024,11:56:35,71.57817,33.169711
2/21/2024,11:56:35,71.66817,33.309711
2/21/2024,11:56:36,71.74817,33.449711
2/21/2024,11:56:36,71.83817,33.589711
2/21/2024,11:56:36,71.94817,33.729711
2/21/2024,11:56:36,72.02817,33.849711
2/21/2024,11:56:36,72.11817,33.989711
2/21/2024,11:56:37,72.20817,34.119711
2/21/2024,11:56:37,72.29817,34.249711
2/21/2024,11:56:37,72.38817,34.379711
2/21/2024,11:56:37,72.46817,34.499711
2/21/2024,11:56:37,72.56817,34.619711
2/21/2024,11:56:38,72.66817,34.729711
2/21/2024,11:56:38,72.74817,34.849711
2/21/2024,11:56:38,72.83817,34.979711
2/21/2024,11:56:38,72.92817,35.099711
2/21/2024,11:56:38,73.00817,35.209711
2/21/2024,11:56:39,73.08817,35.329711
2/21/2024,11:56:39,73.17817,35.449711
2/21/2024,11:56:39,73.26817,35.549711
2/21/2024,11:56:39,73.36817,35.639711
2/21/2024,11:56:39,73.44817,35.749711
2/21/2024,11:56:40,73.52817,35.859711
2/21/2024,11:56:40,73.61817,35.959711
2/21/2024,11:56:40,73.70817,36.059711
2/21/2024,11:56:40,73.77817,36.169711
2/21/2024,11:56:40,73.85817,36.279711
2/21/2024,11:56:41,73.95817,36.369711
2/21/2024,11:56:41,74.03817,36.469711
2/21/2024,11:56:41,74.11817,36.569711
2/21/2024,11:56:41,74.19817,36.659711
2/21/2024,11:56:41,74.28817,36.739711
2/21/2024,11:56:42,74.37817,36.819711
2/21/2024,11:56:42,74.44817,36.919711
2/21/2024,11:56:42,74.51817,37.009711
2/21/2024,11:56:42,74.59817,37.099711
2/21/2024,11:56:42,74.67817,37.179711
2/21/2024,11:56:43,74.73817,37.259711
2/21/2024,11:56:43,74.79817,37.349711
2/21/2024,11:56:43,74.86817,37.419711
2/21/2024,11:56:43,74.93817,37.479711
2/21/2024,11:56:43,75.00817,37.539711
2/21/2024,11:56:44,75.06817,37.619711
2/21/2024,11:56:44,75.12817,37.699711
2/21/2024,11:56:44,75.19817,37.759711
2/21/2024,11:56:44,75.27817,37.819711
2/21/2024,11:56:44,75.33817,37.889711
2/21/2024,11:56:45,75.39817,37.959711
2/21/2024,11:56:45,75.45817,38.039711
2/21/2024,11:56:45,75.51817,38.109711
2/21/2024,11:56:45,75.58817,38.159711
2/21/2024,11:56:45,75.65817,38.219711
2/21/2024,11:56:46,75.71817,38.289711
2/21/2024,11:56:46,75.77817,38.359711
2/21/2024,11:56:46,75.84817,38.419711
2/21/2024,11:56:46,75.93817,38.469711
2/21/2024,11:56:46,76.00817,38.529711
2/21/2024,11:56:47,76.07817,38.609711
2/21/2024,11:56:47,76.15817,38.669711
2/21/2024,11:56:47,76.25817,38.739711
2/21/2024,11:56:47,76.34817,38.809711
2/21/2024,11:56:47,76.43817,38.889711
2/21/2024,11:56:48,76.52817,38.969711
2/21/2024,11:56:48,76.62817,39.039711
2/21/2024,11:56:48,76.72817,39.109711
2/21/2024,11:56:48,76.81817,39.169711
2/21/2024,11:56:48,76.90817,39.239711
2/21/2024,11:56:49,76.99817,39.309711
2/21/2024,11:56:49,77.09817,39.349711
2/21/2024,11:56:49,77.18817,39.399711
2/21/2024,11:56:49,77.25817,39.459711
2/21/2024,11:56:49,77.32817,39.539711
2/21/2024,11:56:50,77.40817,39.599711
2/21/2024,11:56:50,77.47817,39.639711
2/21/2024,11:56:50,77.54817,39.679711
2/21/2024,11:56:50,77.60817,39.729711
2/21/2024,11:56:50,77.65817,39.779711
2/21/2024,11:56:51,77.71817,39.829711
2/21/2024,11:56:51,77.77817,39.859711
2/21/2024,11:56:51,77.83817,39.889711
2/21/2024,11:56:51,77.88817,39.929711
2/21/2024,11:56:51,77.92817,39.989711
2/21/2024,11:56:52,77.96817,40.039711
2/21/2024,11:56:52,78.01817,40.079711
2/21/2024,11:56:52,78.05817,40.109711
2/21/2024,11:56:52,78.09817,40.139711
2/21/2024,11:56:52,78.13817,40.169711
2/21/2024,11:56:53,78.18817,40.219711
2/21/2024,11:56:53,78.22817,40.249711
2/21/2024,11:56:53,78.27817,40.279711
2/21/2024,11:56:53,78.31817,40.299711
2/21/2024,11:56:53,78.35817,40.329711
2/21/2024,11:56:54,78.38817,40.369711
2/21/2024,11:56:54,78.40817,40.409711
2/21/2024,11:56:54,78.43817,40.439711
2/21/2024,11:56:54,78.45817,40.469711
2/21/2024,11:56:54,78.47817,40.489711
2/21/2024,11:56:55,78.50817,40.519711
2/21/2024,11:56:55,78.52817,40.549711
2/21/2024,11:56:55,78.53817,40.579711
2/21/2024,11:56:55,78.55817,40.589711
2/21/2024,11:56:55,78.57817,40.609711
2/21/2024,11:56:56,78.58817,40.629711
2/21/2024,11:56:56,78.60817,40.659711
2/21/2024,11:56:56,78.61817,40.669711
2/21/2024,11:56:56,78.62817,40.689711
2/21/2024,11:56:56,78.64817,40.709711
2/21/2024,11:56:57,78.64817,40.739711
2/21/2024,11:56:57,78.64817,40.769711
2/21/2024,11:56:57,78.65817,40.789711
2/21/2024,11:56:57,78.65817,40.809711
2/21/2024,11:56:57,78.65817,40.829711
2/21/2024,11:56:58,78.65817,40.849711
2/21/2024,11:56:58,78.66817,40.859711
2/21/2024,11:56:58,78.67817,40.869711
2/21/2024,11:56:58,78.67817,40.889711
2/21/2024,11:56:58,78.68817,40.899711
2/21/2024,11:56:59,78.68817,40.919711
2/21/2024,11:56:59,78.68817,40.939711
2/21/2024,11:56:59,78.67817,40.969711
2/21/2024,11:56:59,78.67817,40.989711
2/21/2024,11:56:59,78.65817,41.009711
2/21/2024,11:57:00,78.64817,41.029711
2/21/2024,11:57:00,78.63817,41.039711
2/21/2024,11:57:00,78.61817,41.049711
2/21/2024,11:57:00,78.60817,41.049711
2/21/2024,11:57:00,78.58817,41.059711
2/21/2024,11:57:01,78.56817,41.059711
2/21/2024,11:57:01,78.53817,41.079711
2/21/2024,11:57:01,78.50817,41.099711
2/21/2024,11:57:01,78.47817,41.129711
2/21/2024,11:57:01,78.44817,41.139711
2/21/2024,11:57:02,78.41817,41.149711
2/21/2024,11:57:02,78.38817,41.159711
2/21/2024,11:57:02,78.35817,41.169711
2/21/2024,11:57:02,78.31817,41.179711
2/21/2024,11:57:02,78.28817,41.189711
2/21/2024,11:57:03,78.23817,41.199711
2/21/2024,11:57:03,78.19817,41.209711
2/21/2024,11:57:03,78.14817,41.219711
2/21/2024,11:57:03,78.10817,41.229711
2/21/2024,11:57:03,78.05817,41.239711
2/21/2024,11:57:04,78.00817,41.249711
2/21/2024,11:57:04,77.94817,41.259711
2/21/2024,11:57:04,77.89817,41.279711
2/21/2024,11:57:04,77.84817,41.299711
2/21/2024,11:57:04,77.78817,41.319711
2/21/2024,11:57:05,77.72817,41.339711
2/21/2024,11:57:05,77.65817,41.349711
2/21/2024,11:57:05,77.58817,41.349711
2/21/2024,11:57:05,77.52817,41.349711
2/21/2024,11:57:05,77.45817,41.349711
2/21/2024,11:57:06,77.39817,41.369711
2/21/2024,11:57:06,77.32817,41.389711
2/21/2024,11:57:06,77.26817,41.399711
2/21/2024,11:57:06,77.19817,41.409711
2/21/2024,11:57:06,77.13817,41.429711
2/21/2024,11:57:07,77.06817,41.449711
2/21/2024,11:57:07,77.00817,41.479711
2/21/2024,11:57:07,76.93817,41.509711
2/21/2024,11:57:07,76.87817,41.509711
2/21/2024,11:57:07,76.80817,41.509711
2/21/2024,11:57:08,76.73817,41.509711
2/21/2024,11:57:08,76.67817,41.519711
2/21/2024,11:57:08,76.61817,41.529711
2/21/2024,11:57:08,76.55817,41.549711
2/21/2024,11:57:08,76.50817,41.559711
2/21/2024,11:57:09,76.45817,41.579711
2/21/2024,11:57:09,76.40817,41.599711
2/21/2024,11:57:09,76.35817,41.629711
2/21/2024,11:57:09,76.30817,41.649711
2/21/2024,11:57:09,76.26817,41.669711
2/21/2024,11:57:10,76.22817,41.679711
2/21/2024,11:57:10,76.17817,41.679711
2/21/2024,11:57:10,76.14817,41.669711
2/21/2024,11:57:10,76.10817,41.669711
2/21/2024,11:57:10,76.07817,41.679711
2/21/2024,11:57:11,76.04817,41.679711
2/21/2024,11:57:11,76.01817,41.689711
2/21/2024,11:57:11,75.99817,41.709711
2/21/2024,11:57:11,75.96817,41.729711
2/21/2024,11:57:11,75.93817,41.749711
2/21/2024,11:57:12,75.91817,41.769711
2/21/2024,11:57:12,75.89817,41.779711
2/21/2024,11:57:12,75.86817,41.779711
2/21/2024,11:57:12,75.84817,41.769711
2/21/2024,11:57:12,75.81817,41.769711
2/21/2024,11:57:13,75.78817,41.769711
2/21/2024,11:57:13,75.76817,41.769711
2/21/2024,11:57:13,75.74817,41.789711
2/21/2024,11:57:13,75.72817,41.809711
2/21/2024,11:57:13,75.70817,41.829711
2/21/2024,11:57:14,75.68817,41.849711
2/21/2024,11:57:14,75.66817,41.849711
2/21/2024,11:57:14,75.63817,41.849711
2/21/2024,11:57:14,75.61817,41.849711
2/21/2024,11:57:14,75.59817,41.849711
2/21/2024,11:57:15,75.56817,41.849711
2/21/2024,11:57:15,75.54817,41.849711
2/21/2024,11:57:15,75.51817,41.869711
2/21/2024,11:57:15,75.48817,41.889711
2/21/2024,11:57:15,75.45817,41.909711
2/21/2024,11:57:16,75.42817,41.929711
2/21/2024,11:57:16,75.38817,41.939711
2/21/2024,11:57:16,75.34817,41.939711
2/21/2024,11:57:16,75.30817,41.949711
2/21/2024,11:57:16,75.26817,41.949711
2/21/2024,11:57:17,75.21817,41.949711
2/21/2024,11:57:17,75.17817,41.949711
2/21/2024,11:57:17,75.13817,41.959711
2/21/2024,11:57:17,75.11817,41.979711
2/21/2024,11:57:17,75.08817,42.009711
2/21/2024,11:57:18,75.05817,42.029711
2/21/2024,11:57:18,75.03817,42.039711
2/21/2024,11:57:18,75.01817,42.049711
2/21/2024,11:57:18,74.99817,42.039711
2/21/2024,11:57:18,74.97817,42.039711
2/21/2024,11:57:19,74.96817,42.039711
2/21/2024,11:57:19,74.96817,42.039711
2/21/2024,11:57:19,74.96817,42.049711
2/21/2024,11:57:19,74.96817,42.059711
2/21/2024,11:57:19,74.96817,42.079711
2/21/2024,11:57:20,74.97817,42.089711
2/21/2024,11:57:20,74.98817,42.099711
2/21/2024,11:57:20,74.99817,42.109711
2/21/2024,11:57:20,75.01817,42.109711
2/21/2024,11:57:20,75.03817,42.109711
2/21/2024,11:57:21,75.06817,42.109711
2/21/2024,11:57:21,75.09817,42.099711
2/21/2024,11:57:21,75.12817,42.099711
2/21/2024,11:57:21,75.15817,42.109711
2/21/2024,11:57:21,75.20817,42.119711
2/21/2024,11:57:22,75.24817,42.129711
2/21/2024,11:57:22,75.29817,42.139711
2/21/2024,11:57:22,75.34817,42.149711
2/21/2024,11:57:22,75.39817,42.149711
2/21/2024,11:57:22,75.44817,42.159711
2/21/2024,11:57:23,75.49817,42.159711
2/21/2024,11:57:23,75.54817,42.159711
2/21/2024,11:57:23,75.59817,42.149711
2/21/2024,11:57:23,75.64817,42.149711
2/21/2024,11:57:23,75.69817,42.149711
2/21/2024,11:57:24,75.74817,42.169711
2/21/2024,11:57:24,75.79817,42.179711
2/21/2024,11:57:24,75.84817,42.189711
2/21/2024,11:57:24,75.89817,42.179711
2/21/2024,11:57:24,75.93817,42.179711
2/21/2024,11:57:25,75.98817,42.189711
2/21/2024,11:57:25,76.02817,42.209711
2/21/2024,11:57:25,76.06817,42.209711
2/21/2024,11:57:25,76.10817,42.209711
2/21/2024,11:57:25,76.13817,42.199711
2/21/2024,11:57:26,76.16817,42.199711
2/21/2024,11:57:26,76.19817,42.209711
2/21/2024,11:57:26,76.22817,42.219711
2/21/2024,11:57:26,76.25817,42.229711
2/21/2024,11:57:26,76.27817,42.229711
2/21/2024,11:57:27,76.30817,42.229711
2/21/2024,11:57:27,76.32817,42.229711
2/21/2024,11:57:27,76.36817,42.239711
2/21/2024,11:57:27,76.39817,42.249711
2/21/2024,11:57:27,76.41817,42.249711
2/21/2024,11:57:28,76.44817,42.259711
2/21/2024,11:57:28,76.47817,42.259711
2/21/2024,11:57:28,76.49817,42.269711
2/21/2024,11:57:28,76.52817,42.279711
2/21/2024,11:57:28,76.54817,42.269711
2/21/2024,11:57:29,76.56817,42.269711
2/21/2024,11:57:29,76.57817,42.259711
2/21/2024,11:57:29,76.59817,42.249711
2/21/2024,11:57:29,76.60817,42.259711
2/21/2024,11:57:29,76.62817,42.279711
2/21/2024,11:57:30,76.64817,42.289711
2/21/2024,11:57:30,76.65817,42.299711
2/21/2024,11:57:30,76.65817,42.309711
2/21/2024,11:57:30,76.65817,42.309711
2/21/2024,11:57:30,76.66817,42.299711
2/21/2024,11:57:31,76.66817,42.289711
2/21/2024,11:57:31,76.67817,42.279711
2/21/2024,11:57:31,76.66817,42.279711
2/21/2024,11:57:31,76.66817,42.279711
2/21/2024,11:57:31,76.66817,42.289711
2/21/2024,11:57:32,76.65817,42.309711
2/21/2024,11:57:32,76.65817,42.319711
2/21/2024,11:57:32,76.64817,42.319711
2/21/2024,11:57:32,76.63817,42.329711
2/21/2024,11:57:32,76.63817,42.319711
2/21/2024,11:57:33,76.62817,42.319711
2/21/2024,11:57:33,76.61817,42.309711
2/21/2024,11:57:33,76.60817,42.309711
2/21/2024,11:57:33,76.60817,42.309711
2/21/2024,11:57:33,76.59817,42.319711
2/21/2024,11:57:34,76.59817,42.339711
2/21/2024,11:57:34,76.60817,42.349711
2/21/2024,11:57:34,76.60817,42.349711
2/21/2024,11:57:34,76.61817,42.359711
2/21/2024,11:57:34,76.61817,42.359711
2/21/2024,11:57:35,76.61817,42.349711
2/21/2024,11:57:35,76.62817,42.349711
2/21/2024,11:57:35,76.62817,42.339711
2/21/2024,11:57:35,76.62817,42.339711
2/21/2024,11:57:35,76.62817,42.339711
2/21/2024,11:57:36,76.62817,42.359711
2/21/2024,11:57:36,76.62817,42.369711
2/21/2024,11:57:36,76.62817,42.379711
2/21/2024,11:57:36,76.61817,42.379711
2/21/2024,11:57:36,76.61817,42.389711
2/21/2024,11:57:37,76.60817,42.389711
2/21/2024,11:57:37,76.59817,42.389711
2/21/2024,11:57:37,76.58817,42.389711
2/21/2024,11:57:37,76.57817,42.389711
2/21/2024,11:57:37,76.56817,42.389711
2/21/2024,11:57:38,76.54817,42.389711
2/21/2024,11:57:38,76.53817,42.399711
2/21/2024,11:57:38,76.51817,42.409711
2/21/2024,11:57:38,76.50817,42.409711
2/21/2024,11:57:38,76.48817,42.419711
2/21/2024,11:57:39,76.47817,42.419711
2/21/2024,11:57:39,76.45817,42.429711
2/21/2024,11:57:39,76.44817,42.439711
2/21/2024,11:57:39,76.42817,42.439711
2/21/2024,11:57:39,76.41817,42.449711
2/21/2024,11:57:40,76.39817,42.449711
2/21/2024,11:57:40,76.37817,42.449711
2/21/2024,11:57:40,76.36817,42.439711
2/21/2024,11:57:40,76.34817,42.439711
2/21/2024,11:57:40,76.34817,42.449711
2/21/2024,11:57:41,76.33817,42.459711
2/21/2024,11:57:41,76.33817,42.479711
2/21/2024,11:57:41,76.33817,42.489711
2/21/2024,11:57:41,76.32817,42.489711
2/21/2024,11:57:41,76.31817,42.489711
2/21/2024,11:57:42,76.32817,42.479711
2/21/2024,11:57:42,76.32817,42.479711
2/21/2024,11:57:42,76.32817,42.469711
2/21/2024,11:57:42,76.33817,42.469711
2/21/2024,11:57:42,76.33817,42.469711
2/21/2024,11:57:43,76.34817,42.479711
2/21/2024,11:57:43,76.35817,42.469711
2/21/2024,11:57:43,76.36817,42.479711
2/21/2024,11:57:43,76.37817,42.469711
2/21/2024,11:57:43,76.38817,42.479711
2/21/2024,11:57:44,76.39817,42.479711
2/21/2024,11:57:44,76.40817,42.479711
2/21/2024,11:57:44,76.41817,42.479711
2/21/2024,11:57:44,76.42817,42.469711
2/21/2024,11:57:44,76.42817,42.469711
2/21/2024,11:57:45,76.43817,42.469711
2/21/2024,11:57:45,76.44817,42.469711
2/21/2024,11:57:45,76.46817,42.469711
2/21/2024,11:57:45,76.46817,42.469711
2/21/2024,11:57:45,76.48817,42.459711
2/21/2024,11:57:46,76.49817,42.459711
2/21/2024,11:57:46,76.49817,42.459711
2/21/2024,11:57:46,76.51817,42.459711
2/21/2024,11:57:46,76.52817,42.459711
2/21/2024,11:57:46,76.53817,42.459711
2/21/2024,11:57:47,76.54817,42.459711
2/21/2024,11:57:47,76.56817,42.459711
2/21/2024,11:57:47,76.57817,42.459711
2/21/2024,11:57:47,76.58817,42.459711
2/21/2024,11:57:47,76.59817,42.449711
2/21/2024,11:57:48,76.60817,42.439711
2/21/2024,11:57:48,76.61817,42.429711
2/21/2024,11:57:48,76.62817,42.429711
2/21/2024,11:57:48,76.64817,42.429711
2/21/2024,11:57:48,76.65817,42.439711
2/21/2024,11:57:49,76.66817,42.449711
2/21/2024,11:57:49,76.68817,42.449711
2/21/2024,11:57:49,76.69817,42.449711
2/21/2024,11:57:49,76.69817,42.439711
2/21/2024,11:57:49,76.71817,42.429711
2/21/2024,11:57:50,76.72817,42.419711
2/21/2024,11:57:50,76.73817,42.409711
2/21/2024,11:57:50,76.74817,42.399711
2/21/2024,11:57:50,76.76817,42.399711
2/21/2024,11:57:50,76.77817,42.419711
2/21/2024,11:57:51,76.79817,42.419711
2/21/2024,11:57:51,76.81817,42.429711
2/21/2024,11:57:51,76.83817,42.429711
2/21/2024,11:57:51,76.85817,42.429711
2/21/2024,11:57:51,76.88817,42.419711
2/21/2024,11:57:52,76.91817,42.409711
2/21/2024,11:57:52,76.94817,42.389711
2/21/2024,11:57:52,76.98817,42.369711
2/21/2024,11:57:52,77.02817,42.359711
2/21/2024,11:57:52,77.06817,42.359711
2/21/2024,11:57:53,77.10817,42.369711
2/21/2024,11:57:53,77.16817,42.379711
2/21/2024,11:57:53,77.21817,42.379711
2/21/2024,11:57:53,77.27817,42.379711
2/21/2024,11:57:53,77.32817,42.379711
2/21/2024,11:57:54,77.39817,42.369711
2/21/2024,11:57:54,77.46817,42.369711
2/21/2024,11:57:54,77.53817,42.359711
2/21/2024,11:57:54,77.60817,42.349711
2/21/2024,11:57:54,77.66817,42.339711
2/21/2024,11:57:55,77.73817,42.329711
2/21/2024,11:57:55,77.80817,42.329711
2/21/2024,11:57:55,77.88817,42.329711
2/21/2024,11:57:55,77.95817,42.329711
2/21/2024,11:57:55,78.01817,42.319711
2/21/2024,11:57:56,78.08817,42.319711
2/21/2024,11:57:56,78.15817,42.329711
2/21/2024,11:57:56,78.22817,42.329711
2/21/2024,11:57:56,78.28817,42.329711
2/21/2024,11:57:56,78.35817,42.309711
2/21/2024,11:57:57,78.42817,42.289711
2/21/2024,11:57:57,78.48817,42.289711
2/21/2024,11:57:57,78.55817,42.289711
2/21/2024,11:57:57,78.62817,42.299711
2/21/2024,11:57:57,78.69817,42.299711
2/21/2024,11:57:58,78.75817,42.299711
2/21/2024,11:57:58,78.82817,42.299711
2/21/2024,11:57:58,78.88817,42.309711
2/21/2024,11:57:58,78.95817,42.319711
2/21/2024,11:57:58,79.01817,42.309711
2/21/2024,11:57:59,79.08817,42.299711
2/21/2024,11:57:59,79.15817,42.279711
2/21/2024,11:57:59,79.21817,42.279711
2/21/2024,11:57:59,79.27817,42.289711
2/21/2024,11:57:59,79.33817,42.299711
2/21/2024,11:58:00,79.39817,42.299711
2/21/2024,11:58:00,79.45817,42.289711
2/21/2024,11:58:00,79.51817,42.289711
2/21/2024,11:58:00,79.57817,42.309711
2/21/2024,11:58:00,79.64817,42.319711
2/21/2024,11:58:01,79.70817,42.319711
2/21/2024,11:58:01,79.76817,42.309711
2/21/2024,11:58:01,79.82817,42.299711
2/21/2024,11:58:01,79.88817,42.299711
2/21/2024,11:58:01,79.95817,42.319711
2/21/2024,11:58:02,80.01817,42.319711
2/21/2024,11:58:02,80.07817,42.309711
2/21/2024,11:58:02,80.13817,42.299711
2/21/2024,11:58:02,80.19817,42.309711
2/21/2024,11:58:02,80.24817,42.319711
2/21/2024,11:58:03,80.31817,42.339711
2/21/2024,11:58:03,80.37817,42.349711
2/21/2024,11:58:03,80.42817,42.339711
2/21/2024,11:58:03,80.48817,42.339711
2/21/2024,11:58:03,80.54817,42.339711
2/21/2024,11:58:04,80.60817,42.349711
2/21/2024,11:58:04,80.66817,42.359711
2/21/2024,11:58:04,80.72817,42.359711
2/21/2024,11:58:04,80.78817,42.349711
2/21/2024,11:58:04,80.84817,42.349711
2/21/2024,11:58:05,80.89817,42.359711
2/21/2024,11:58:05,80.94817,42.379711
2/21/2024,11:58:05,81.00817,42.379711
2/21/2024,11:58:05,81.05817,42.369711
2/21/2024,11:58:05,81.11817,42.369711
2/21/2024,11:58:06,81.16817,42.379711
2/21/2024,11:58:06,81.20817,42.399711
2/21/2024,11:58:06,81.26817,42.419711
2/21/2024,11:58:06,81.31817,42.429711
2/21/2024,11:58:06,81.36817,42.419711
2/21/2024,11:58:07,81.43817,42.419711
2/21/2024,11:58:07,81.48817,42.429711
2/21/2024,11:58:07,81.54817,42.439711
2/21/2024,11:58:07,81.60817,42.439711
2/21/2024,11:58:07,81.67817,42.429711
2/21/2024,11:58:08,81.74817,42.429711
2/21/2024,11:58:08,81.79817,42.449711
2/21/2024,11:58:08,81.86817,42.479711
2/21/2024,11:58:08,81.92817,42.509711
2/21/2024,11:58:08,81.99817,42.519711
2/21/2024,11:58:09,82.06817,42.519711
2/21/2024,11:58:09,82.13817,42.529711
2/21/2024,11:58:09,82.21817,42.559711
2/21/2024,11:58:09,82.28817,42.569711
2/21/2024,11:58:09,82.36817,42.569711
2/21/2024,11:58:10,82.44817,42.579711
2/21/2024,11:58:10,82.52817,42.599711
2/21/2024,11:58:10,82.59817,42.649711
2/21/2024,11:58:10,82.67817,42.689711
2/21/2024,11:58:10,82.74817,42.709711
2/21/2024,11:58:11,82.83817,42.729711
2/21/2024,11:58:11,82.90817,42.769711
2/21/2024,11:58:11,82.98817,42.809711
2/21/2024,11:58:11,83.07817,42.839711
2/21/2024,11:58:11,83.16817,42.849711
2/21/2024,11:58:12,83.25817,42.869711
2/21/2024,11:58:12,83.32817,42.909711
2/21/2024,11:58:12,83.41817,42.959711
2/21/2024,11:58:12,83.49817,42.999711
2/21/2024,11:58:12,83.58817,43.039711
2/21/2024,11:58:13,83.66817,43.079711
2/21/2024,11:58:13,83.74817,43.139711
2/21/2024,11:58:13,83.83817,43.189711
2/21/2024,11:58:13,83.92817,43.229711
2/21/2024,11:58:13,84.02817,43.269711
2/21/2024,11:58:14,84.09817,43.339711
2/21/2024,11:58:14,84.18817,43.399711
2/21/2024,11:58:14,84.27817,43.449711
2/21/2024,11:58:14,84.36817,43.489711
2/21/2024,11:58:14,84.44817,43.559711
2/21/2024,11:58:15,84.51817,43.639711
2/21/2024,11:58:15,84.60817,43.689711
2/21/2024,11:58:15,84.69817,43.749711
2/21/2024,11:58:15,84.77817,43.809711
2/21/2024,11:58:15,84.84817,43.889711
2/21/2024,11:58:16,84.92817,43.969711
2/21/2024,11:58:16,85.02817,44.029711
2/21/2024,11:58:16,85.10817,44.109711
2/21/2024,11:58:16,85.17817,44.189711
2/21/2024,11:58:16,85.24817,44.269711
2/21/2024,11:58:17,85.32817,44.339711
2/21/2024,11:58:17,85.41817,44.419711
2/21/2024,11:58:17,85.48817,44.499711
2/21/2024,11:58:17,85.55817,44.599711
2/21/2024,11:58:17,85.63817,44.679711
2/21/2024,11:58:18,85.70817,44.759711
2/21/2024,11:58:18,85.76817,44.859711
2/21/2024,11:58:18,85.82817,44.949711
2/21/2024,11:58:18,85.89817,45.039711
2/21/2024,11:58:18,85.96817,45.129711
2/21/2024,11:58:19,86.01817,45.229711
2/21/2024,11:58:19,86.07817,45.329711
2/21/2024,11:58:19,86.13817,45.429711
2/21/2024,11:58:19,86.21817,45.519711
2/21/2024,11:58:19,86.25817,45.629711
2/21/2024,11:58:20,86.29817,45.739711
2/21/2024,11:58:20,86.35817,45.839711
2/21/2024,11:58:20,86.41817,45.929711
2/21/2024,11:58:20,86.45817,46.039711
2/21/2024,11:58:20,86.48817,46.149711
2/21/2024,11:58:21,86.53817,46.249711
2/21/2024,11:58:21,86.58817,46.359711
2/21/2024,11:58:21,86.61817,46.469711
2/21/2024,11:58:21,86.64817,46.589711
2/21/2024,11:58:21,86.68817,46.699711
2/21/2024,11:58:22,86.72817,46.809711
2/21/2024,11:58:22,86.76817,46.919711
2/21/2024,11:58:22,86.79817,47.039711
2/21/2024,11:58:22,86.81817,47.149711
2/21/2024,11:58:22,86.85817,47.259711
2/21/2024,11:58:23,86.87817,47.379711
2/21/2024,11:58:23,86.87817,47.499711
2/21/2024,11:58:23,86.89817,47.619711
2/21/2024,11:58:23,86.92817,47.739711
2/21/2024,11:58:23,86.94817,47.859711
2/21/2024,11:58:24,86.95817,47.979711
2/21/2024,11:58:24,86.97817,48.099711
2/21/2024,11:58:24,87.00817,48.209711
2/21/2024,11:58:24,86.99817,48.329711
2/21/2024,11:58:24,86.98817,48.449711
2/21/2024,11:58:25,86.99817,48.569711
2/21/2024,11:58:25,86.99817,48.689711
2/21/2024,11:58:25,86.99817,48.809711
2/21/2024,11:58:25,86.98817,48.919711
2/21/2024,11:58:25,86.97817,49.049711
2/21/2024,11:58:26,86.98817,49.169711
2/21/2024,11:58:26,86.96817,49.289711
2/21/2024,11:58:26,86.95817,49.409711
2/21/2024,11:58:26,86.95817,49.529711
2/21/2024,11:58:26,86.93817,49.649711
2/21/2024,11:58:27,86.91817,49.759711
2/21/2024,11:58:27,86.88817,49.879711
2/21/2024,11:58:27,86.87817,49.999711
2/21/2024,11:58:27,86.84817,50.119711
2/21/2024,11:58:27,86.80817,50.239711
2/21/2024,11:58:28,86.78817,50.359711
2/21/2024,11:58:28,86.75817,50.479711
2/21/2024,11:58:28,86.72817,50.589711
2/21/2024,11:58:28,86.68817,50.699711
2/21/2024,11:58:28,86.64817,50.819711
2/21/2024,11:58:29,86.60817,50.929711
2/21/2024,11:58:29,86.56817,51.049711
2/21/2024,11:58:29,86.51817,51.159711
2/21/2024,11:58:29,86.46817,51.279711
2/21/2024,11:58:29,86.43817,51.409711
2/21/2024,11:58:30,86.38817,51.519711
2/21/2024,11:58:30,86.32817,51.639711
2/21/2024,11:58:30,86.27817,51.749711
2/21/2024,11:58:30,86.21817,51.869711
2/21/2024,11:58:30,86.15817,51.979711
2/21/2024,11:58:31,86.08817,52.089711
2/21/2024,11:58:31,86.02817,52.209711
2/21/2024,11:58:31,85.95817,52.319711
2/21/2024,11:58:31,85.88817,52.429711
2/21/2024,11:58:31,85.81817,52.549711
2/21/2024,11:58:32,85.74817,52.679711
2/21/2024,11:58:32,85.67817,52.799711
2/21/2024,11:58:32,85.58817,52.909711
2/21/2024,11:58:32,85.50817,53.029711
2/21/2024,11:58:32,85.42817,53.149711
2/21/2024,11:58:33,85.33817,53.259711
2/21/2024,11:58:33,85.23817,53.379711
2/21/2024,11:58:33,85.13817,53.499711
2/21/2024,11:58:33,85.03817,53.629711
2/21/2024,11:58:33,84.93817,53.749711
2/21/2024,11:58:34,84.83817,53.879711
2/21/2024,11:58:34,84.74817,54.019711
2/21/2024,11:58:34,84.63817,54.139711
2/21/2024,11:58:34,84.51817,54.269711
2/21/2024,11:58:34,84.40817,54.399711
2/21/2024,11:58:35,84.28817,54.519711
2/21/2024,11:58:35,84.16817,54.639711
2/21/2024,11:58:35,84.03817,54.759711
2/21/2024,11:58:35,83.91817,54.879711
2/21/2024,11:58:35,83.78817,55.009711
2/21/2024,11:58:36,83.66817,55.139711
2/21/2024,11:58:36,83.53817,55.269711
2/21/2024,11:58:36,83.41817,55.409711
2/21/2024,11:58:36,83.27817,55.539711
2/21/2024,11:58:36,83.14817,55.659711
2/21/2024,11:58:37,83.01817,55.789711
2/21/2024,11:58:37,82.87817,55.909711
2/21/2024,11:58:37,82.74817,56.029711
2/21/2024,11:58:37,82.59817,56.149711
2/21/2024,11:58:37,82.45817,56.269711
2/21/2024,11:58:38,82.32817,56.399711
2/21/2024,11:58:38,82.18817,56.519711
2/21/2024,11:58:38,82.04817,56.629711
2/21/2024,11:58:38,81.90817,56.749711
2/21/2024,11:58:38,81.76817,56.869711
2/21/2024,11:58:39,81.62817,56.989711
2/21/2024,11:58:39,81.47817,57.099711
2/21/2024,11:58:39,81.33817,57.219711
2/21/2024,11:58:39,81.17817,57.339711
2/21/2024,11:58:39,81.02817,57.459711
2/21/2024,11:58:40,80.87817,57.569711
2/21/2024,11:58:40,80.73817,57.669711
2/21/2024,11:58:40,80.58817,57.769711
2/21/2024,11:58:40,80.43817,57.869711
2/21/2024,11:58:40,80.28817,57.979711
2/21/2024,11:58:41,80.13817,58.079711
2/21/2024,11:58:41,79.98817,58.189711
2/21/2024,11:58:41,79.82817,58.289711
2/21/2024,11:58:41,79.66817,58.389711
2/21/2024,11:58:41,79.51817,58.489711
2/21/2024,11:58:42,79.36817,58.599711
2/21/2024,11:58:42,79.21817,58.699711
2/21/2024,11:58:42,79.05817,58.789711
2/21/2024,11:58:42,78.90817,58.879711
2/21/2024,11:58:42,78.74817,58.969711
2/21/2024,11:58:43,78.58817,59.049711
2/21/2024,11:58:43,78.42817,59.129711
2/21/2024,11:58:43,78.25817,59.209711
2/21/2024,11:58:43,78.09817,59.299711
2/21/2024,11:58:43,77.93817,59.379711
2/21/2024,11:58:44,77.77817,59.459711
2/21/2024,11:58:44,77.61817,59.539711
2/21/2024,11:58:44,77.46817,59.619711
2/21/2024,11:58:44,77.29817,59.699711
2/21/2024,11:58:44,77.13817,59.779711
2/21/2024,11:58:45,76.95817,59.849711
2/21/2024,11:58:45,76.78817,59.909711
2/21/2024,11:58:45,76.61817,59.979711
2/21/2024,11:58:45,76.43817,60.039711
2/21/2024,11:58:45,76.26817,60.089711
2/21/2024,11:58:46,76.09817,60.159711
2/21/2024,11:58:46,75.92817,60.209711
2/21/2024,11:58:46,75.76817,60.279711
2/21/2024,11:58:46,75.59817,60.339711
2/21/2024,11:58:46,75.42817,60.399711
2/21/2024,11:58:47,75.24817,60.449711
2/21/2024,11:58:47,75.05817,60.499711
2/21/2024,11:58:47,74.87817,60.559711
2/21/2024,11:58:47,74.68817,60.609711
2/21/2024,11:58:47,74.49817,60.649711
2/21/2024,11:58:48,74.30817,60.689711
2/21/2024,11:58:48,74.10817,60.739711
2/21/2024,11:58:48,73.91817,60.779711
2/21/2024,11:58:48,73.72817,60.819711
2/21/2024,11:58:48,73.52817,60.859711
2/21/2024,11:58:49,73.32817,60.909711
2/21/2024,11:58:49,73.12817,60.949711
2/21/2024,11:58:49,72.92817,60.999711
2/21/2024,11:58:49,72.71817,61.039711
2/21/2024,11:58:49,72.51817,61.079711
2/21/2024,11:58:50,72.30817,61.109711
2/21/2024,11:58:50,72.09817,61.149711
2/21/2024,11:58:50,71.87817,61.179711
2/21/2024,11:58:50,71.66817,61.219711
2/21/2024,11:58:50,71.43817,61.239711
2/21/2024,11:58:51,71.21817,61.269711
2/21/2024,11:58:51,70.99817,61.309711
2/21/2024,11:58:51,70.77817,61.329711
2/21/2024,11:58:51,70.55817,61.359711
2/21/2024,11:58:51,70.33817,61.389711
2/21/2024,11:58:52,70.11817,61.419711
2/21/2024,11:58:52,69.89817,61.459711
2/21/2024,11:58:52,69.68817,61.499711
2/21/2024,11:58:52,69.46817,61.529711
2/21/2024,11:58:52,69.24817,61.559711
2/21/2024,11:58:53,69.02817,61.579711
2/21/2024,11:58:53,68.79817,61.609711
2/21/2024,11:58:53,68.56817,61.639711
2/21/2024,11:58:53,68.34817,61.669711
2/21/2024,11:58:53,68.11817,61.689711
2/21/2024,11:58:54,67.88817,61.719711
2/21/2024,11:58:54,67.65817,61.749711
2/21/2024,11:58:54,67.42817,61.779711
2/21/2024,11:58:54,67.19817,61.799711
2/21/2024,11:58:54,66.96817,61.829711
2/21/2024,11:58:55,66.73817,61.849711
2/21/2024,11:58:55,66.50817,61.879711
2/21/2024,11:58:55,66.28817,61.899711
2/21/2024,11:58:55,66.05817,61.929711
2/21/2024,11:58:55,65.82817,61.959711
2/21/2024,11:58:56,65.59817,61.979711
2/21/2024,11:58:56,65.35817,62.009711
2/21/2024,11:58:56,65.12817,62.029711
2/21/2024,11:58:56,64.88817,62.049711
2/21/2024,11:58:56,64.64817,62.079711
2/21/2024,11:58:57,64.40817,62.099711
2/21/2024,11:58:57,64.17817,62.119711
2/21/2024,11:58:57,63.93817,62.149711
2/21/2024,11:58:57,63.70817,62.169711
2/21/2024,11:58:57,63.47817,62.199711
2/21/2024,11:58:58,63.24817,62.219711
2/21/2024,11:58:58,63.01817,62.249711
2/21/2024,11:58:58,62.79817,62.269711
2/21/2024,11:58:58,62.55817,62.299711
2/21/2024,11:58:58,62.31817,62.319711
2/21/2024,11:58:59,62.07817,62.339711
2/21/2024,11:58:59,61.83817,62.359711
2/21/2024,11:58:59,61.59817,62.389711
2/21/2024,11:58:59,61.35817,62.409711
2/21/2024,11:58:59,61.11817,62.439711
2/21/2024,11:59:00,60.88817,62.459711
2/21/2024,11:59:00,60.64817,62.479711
2/21/2024,11:59:00,60.41817,62.509711
2/21/2024,11:59:00,60.17817,62.529711
2/21/2024,11:59:00,59.93817,62.559711
2/21/2024,11:59:01,59.69817,62.579711
2/21/2024,11:59:01,59.45817,62.599711
2/21/2024,11:59:01,59.21817,62.629711
2/21/2024,11:59:01,58.97817,62.649711
2/21/2024,11:59:01,58.73817,62.679711
2/21/2024,11:59:02,58.49817,62.699711
2/21/2024,11:59:02,58.24817,62.729711
2/21/2024,11:59:02,58.00817,62.759711
2/21/2024,11:59:02,57.76817,62.779711
2/21/2024,11:59:02,57.51817,62.809711
2/21/2024,11:59:03,57.26817,62.829711
2/21/2024,11:59:03,57.02817,62.859711
2/21/2024,11:59:03,56.78817,62.889711
2/21/2024,11:59:03,56.54817,62.909711
2/21/2024,11:59:03,56.29817,62.939711
2/21/2024,11:59:04,56.05817,62.969711
2/21/2024,11:59:04,55.81817,62.989711
2/21/2024,11:59:04,55.56817,63.019711
2/21/2024,11:59:04,55.32817,63.049711
2/21/2024,11:59:04,55.07817,63.079711
2/21/2024,11:59:05,54.82817,63.109711
2/21/2024,11:59:05,54.58817,63.139711
2/21/2024,11:59:05,54.33817,63.169711
2/21/2024,11:59:05,54.08817,63.199711
2/21/2024,11:59:05,53.85817,63.239711
2/21/2024,11:59:06,53.61817,63.269711
2/21/2024,11:59:06,53.37817,63.299711
2/21/2024,11:59:06,53.14817,63.329711
2/21/2024,11:59:06,52.90817,63.359711
2/21/2024,11:59:06,52.68817,63.389711
2/21/2024,11:59:07,52.45817,63.419711
2/21/2024,11:59:07,52.22817,63.459711
2/21/2024,11:59:07,52.00817,63.489711
2/21/2024,11:59:07,51.78817,63.519711
2/21/2024,11:59:07,51.56817,63.549711
2/21/2024,11:59:08,51.33817,63.589711
2/21/2024,11:59:08,51.11817,63.619711
2/21/2024,11:59:08,50.90817,63.649711
2/21/2024,11:59:08,50.69817,63.679711
2/21/2024,11:59:08,50.48817,63.709711
2/21/2024,11:59:09,50.27817,63.739711
2/21/2024,11:59:09,50.06817,63.769711
2/21/2024,11:59:09,49.86817,63.799711
2/21/2024,11:59:09,49.66817,63.829711
2/21/2024,11:59:09,49.46817,63.859711
2/21/2024,11:59:10,49.27817,63.889711
2/21/2024,11:59:10,49.07817,63.919711
2/21/2024,11:59:10,48.88817,63.939711
2/21/2024,11:59:10,48.69817,63.959711
2/21/2024,11:59:10,48.50817,63.989711
2/21/2024,11:59:11,48.32817,64.019711
2/21/2024,11:59:11,48.14817,64.039711
2/21/2024,11:59:11,47.95817,64.059711
2/21/2024,11:59:11,47.77817,64.089711
2/21/2024,11:59:11,47.59817,64.109711
2/21/2024,11:59:12,47.41817,64.129711
2/21/2024,11:59:12,47.23817,64.159711
2/21/2024,11:59:12,47.05817,64.169711
2/21/2024,11:59:12,46.86817,64.189711
2/21/2024,11:59:12,46.68817,64.209711
2/21/2024,11:59:13,46.51817,64.229711
2/21/2024,11:59:13,46.34817,64.239711
2/21/2024,11:59:13,46.17817,64.249711
2/21/2024,11:59:13,46.00817,64.269711
2/21/2024,11:59:13,45.85817,64.279711
2/21/2024,11:59:14,45.69817,64.289711
2/21/2024,11:59:14,45.53817,64.299711
2/21/2024,11:59:14,45.36817,64.309711
2/21/2024,11:59:14,45.21817,64.309711
2/21/2024,11:59:14,45.05817,64.309711
2/21/2024,11:59:15,44.89817,64.319711
2/21/2024,11:59:15,44.74817,64.329711
2/21/2024,11:59:15,44.60817,64.329711
2/21/2024,11:59:15,44.46817,64.329711
2/21/2024,11:59:15,44.32817,64.339711
2/21/2024,11:59:16,44.18817,64.339711
2/21/2024,11:59:16,44.05817,64.339711
2/21/2024,11:59:16,43.91817,64.329711
2/21/2024,11:59:16,43.78817,64.329711
2/21/2024,11:59:16,43.66817,64.339711
2/21/2024,11:59:17,43.54817,64.339711
2/21/2024,11:59:17,43.42817,64.329711
2/21/2024,11:59:17,43.30817,64.339711
2/21/2024,11:59:17,43.18817,64.339711
2/21/2024,11:59:17,43.06817,64.339711
2/21/2024,11:59:18,42.94817,64.319711
2/21/2024,11:59:18,42.83817,64.309711
2/21/2024,11:59:18,42.71817,64.319711
2/21/2024,11:59:18,42.60817,64.319711
2/21/2024,11:59:18,42.49817,64.309711
2/21/2024,11:59:19,42.39817,64.299711
2/21/2024,11:59:19,42.28817,64.309711
2/21/2024,11:59:19,42.18817,64.309711
2/21/2024,11:59:19,42.08817,64.299711
2/21/2024,11:59:19,41.97817,64.289711
2/21/2024,11:59:20,41.87817,64.279711
2/21/2024,11:59:20,41.76817,64.279711
2/21/2024,11:59:20,41.66817,64.269711
2/21/2024,11:59:20,41.56817,64.249711
2/21/2024,11:59:20,41.45817,64.229711
2/21/2024,11:59:21,41.35817,64.239711
2/21/2024,11:59:21,41.25817,64.239711
2/21/2024,11:59:21,41.15817,64.229711
2/21/2024,11:59:21,41.05817,64.209711
2/21/2024,11:59:21,40.95817,64.199711
2/21/2024,11:59:22,40.85817,64.209711
2/21/2024,11:59:22,40.75817,64.209711
2/21/2024,11:59:22,40.67817,64.189711
2/21/2024,11:59:22,40.57817,64.159711
2/21/2024,11:59:22,40.48817,64.149711
2/21/2024,11:59:23,40.39817,64.149711
2/21/2024,11:59:23,40.30817,64.159711
2/21/2024,11:59:23,40.22817,64.139711
2/21/2024,11:59:23,40.14817,64.119711
2/21/2024,11:59:23,40.06817,64.109711
2/21/2024,11:59:24,39.97817,64.119711
2/21/2024,11:59:24,39.89817,64.129711
2/21/2024,11:59:24,39.81817,64.109711
2/21/2024,11:59:24,39.74817,64.089711
2/21/2024,11:59:24,39.66817,64.079711
2/21/2024,11:59:25,39.58817,64.079711
2/21/2024,11:59:25,39.50817,64.089711
2/21/2024,11:59:25,39.43817,64.079711
2/21/2024,11:59:25,39.36817,64.059711
2/21/2024,11:59:25,39.29817,64.039711
2/21/2024,11:59:26,39.21817,64.039711
2/21/2024,11:59:26,39.14817,64.049711
2/21/2024,11:59:26,39.07817,64.059711
2/21/2024,11:59:26,39.01817,64.049711
2/21/2024,11:59:26,38.94817,64.029711
2/21/2024,11:59:27,38.88817,64.019711
2/21/2024,11:59:27,38.82817,64.029711
2/21/2024,11:59:27,38.76817,64.029711
2/21/2024,11:59:27,38.70817,64.029711
2/21/2024,11:59:27,38.65817,64.019711
2/21/2024,11:59:28,38.60817,64.009711
2/21/2024,11:59:28,38.55817,63.999711
2/21/2024,11:59:28,38.50817,64.009711
2/21/2024,11:59:28,38.46817,64.019711
2/21/2024,11:59:28,38.41817,64.029711
2/21/2024,11:59:29,38.38817,64.029711
2/21/2024,11:59:29,38.34817,64.029711
2/21/2024,11:59:29,38.29817,64.029711
2/21/2024,11:59:29,38.25817,64.039711
2/21/2024,11:59:29,38.22817,64.039711
2/21/2024,11:59:30,38.20817,64.039711
2/21/2024,11:59:30,38.17817,64.029711
2/21/2024,11:59:30,38.14817,64.039711
2/21/2024,11:59:30,38.12817,64.049711
2/21/2024,11:59:30,38.11817,64.059711
2/21/2024,11:59:31,38.09817,64.069711
2/21/2024,11:59:31,38.08817,64.079711
2/21/2024,11:59:31,38.07817,64.079711
2/21/2024,11:59:31,38.06817,64.089711
2/21/2024,11:59:31,38.05817,64.099711
2/21/2024,11:59:32,38.03817,64.099711
2/21/2024,11:59:32,38.02817,64.109711
2/21/2024,11:59:32,38.01817,64.109711
2/21/2024,11:59:32,38.00817,64.109711
2/21/2024,11:59:32,37.99817,64.119711
2/21/2024,11:59:33,37.99817,64.129711
2/21/2024,11:59:33,37.99817,64.139711
2/21/2024,11:59:33,38.00817,64.149711
2/21/2024,11:59:33,38.00817,64.169711
2/21/2024,11:59:33,38.01817,64.179711
2/21/2024,11:59:34,38.01817,64.189711
2/21/2024,11:59:34,38.02817,64.189711
2/21/2024,11:59:34,38.03817,64.189711
2/21/2024,11:59:34,38.03817,64.179711
2/21/2024,11:59:34,38.04817,64.179711
2/21/2024,11:59:35,38.04817,64.179711
2/21/2024,11:59:35,38.05817,64.189711
2/21/2024,11:59:35,38.06817,64.199711
2/21/2024,11:59:35,38.07817,64.209711
2/21/2024,11:59:35,38.09817,64.229711
2/21/2024,11:59:36,38.10817,64.239711
2/21/2024,11:59:36,38.11817,64.249711
2/21/2024,11:59:36,38.12817,64.249711
2/21/2024,11:59:36,38.13817,64.239711
2/21/2024,11:59:36,38.14817,64.239711
2/21/2024,11:59:37,38.15817,64.239711
2/21/2024,11:59:37,38.16817,64.239711
2/21/2024,11:59:37,38.18817,64.249711
2/21/2024,11:59:37,38.19817,64.249711
2/21/2024,11:59:37,38.20817,64.259711
2/21/2024,11:59:38,38.21817,64.269711
2/21/2024,11:59:38,38.22817,64.279711
2/21/2024,11:59:38,38.24817,64.279711
2/21/2024,11:59:38,38.24817,64.279711
2/21/2024,11:59:38,38.25817,64.279711
2/21/2024,11:59:39,38.27817,64.269711
2/21/2024,11:59:39,38.28817,64.269711
2/21/2024,11:59:39,38.30817,64.279711
2/21/2024,11:59:39,38.31817,64.279711
2/21/2024,11:59:39,38.32817,64.289711
2/21/2024,11:59:40,38.33817,64.289711
2/21/2024,11:59:40,38.35817,64.299711
2/21/2024,11:59:40,38.36817,64.299711
2/21/2024,11:59:40,38.37817,64.299711
2/21/2024,11:59:40,38.38817,64.299711
2/21/2024,11:59:41,38.40817,64.299711
2/21/2024,11:59:41,38.41817,64.299711
2/21/2024,11:59:41,38.42817,64.299711
2/21/2024,11:59:41,38.44817,64.309711
2/21/2024,11:59:41,38.45817,64.309711
2/21/2024,11:59:42,38.46817,64.309711
2/21/2024,11:59:42,38.47817,64.309711
2/21/2024,11:59:42,38.48817,64.309711
2/21/2024,11:59:42,38.49817,64.309711
2/21/2024,11:59:42,38.50817,64.309711
2/21/2024,11:59:43,38.51817,64.309711
2/21/2024,11:59:43,38.53817,64.309711
2/21/2024,11:59:43,38.55817,64.299711
2/21/2024,11:59:43,38.57817,64.299711
2/21/2024,11:59:43,38.60817,64.299711
2/21/2024,11:59:44,38.62817,64.299711
2/21/2024,11:59:44,38.65817,64.289711
2/21/2024,11:59:44,38.67817,64.279711
2/21/2024,11:59:44,38.70817,64.269711
2/21/2024,11:59:44,38.73817,64.259711
2/21/2024,11:59:45,38.75817,64.249711
2/21/2024,11:59:45,38.79817,64.239711
2/21/2024,11:59:45,38.82817,64.229711
2/21/2024,11:59:45,38.85817,64.219711
2/21/2024,11:59:45,38.89817,64.209711
2/21/2024,11:59:46,38.93817,64.199711
2/21/2024,11:59:46,38.97817,64.179711
2/21/2024,11:59:46,39.02817,64.169711
2/21/2024,11:59:46,39.07817,64.149711
2/21/2024,11:59:46,39.11817,64.129711
2/21/2024,11:59:47,39.15817,64.099711
2/21/2024,11:59:47,39.19817,64.069711
2/21/2024,11:59:47,39.23817,64.049711
2/21/2024,11:59:47,39.27817,64.019711
2/21/2024,11:59:47,39.31817,63.989711
2/21/2024,11:59:48,39.35817,63.969711
2/21/2024,11:59:48,39.40817,63.949711
2/21/2024,11:59:48,39.46817,63.939711
2/21/2024,11:59:48,39.51817,63.919711
2/21/2024,11:59:48,39.55817,63.889711
2/21/2024,11:59:49,39.59817,63.859711
2/21/2024,11:59:49,39.62817,63.819711
2/21/2024,11:59:49,39.66817,63.789711
2/21/2024,11:59:49,39.70817,63.759711
2/21/2024,11:59:49,39.74817,63.729711
2/21/2024,11:59:50,39.78817,63.699711
2/21/2024,11:59:50,39.82817,63.669711
2/21/2024,11:59:50,39.87817,63.649711
2/21/2024,11:59:50,39.92817,63.629711
2/21/2024,11:59:50,39.97817,63.609711
2/21/2024,11:59:51,40.01817,63.579711
2/21/2024,11:59:51,40.04817,63.539711
2/21/2024,11:59:51,40.07817,63.489711
2/21/2024,11:59:51,40.10817,63.449711
2/21/2024,11:59:51,40.13817,63.419711
2/21/2024,11:59:52,40.17817,63.389711
2/21/2024,11:59:52,40.22817,63.359711
2/21/2024,11:59:52,40.25817,63.329711
2/21/2024,11:59:52,40.29817,63.299711
2/21/2024,11:59:52,40.33817,63.269711
2/21/2024,11:59:53,40.37817,63.249711
2/21/2024,11:59:53,40.41817,63.209711
2/21/2024,11:59:53,40.44817,63.169711
2/21/2024,11:59:53,40.46817,63.119711
2/21/2024,11:59:53,40.49817,63.089711
2/21/2024,11:59:54,40.52817,63.049711
2/21/2024,11:59:54,40.55817,63.019711
2/21/2024,11:59:54,40.59817,62.989711
2/21/2024,11:59:54,40.63817,62.969711
2/21/2024,11:59:54,40.66817,62.929711
2/21/2024,11:59:55,40.70817,62.899711
2/21/2024,11:59:55,40.73817,62.869711
2/21/2024,11:59:55,40.77817,62.829711
2/21/2024,11:59:55,40.79817,62.789711
2/21/2024,11:59:55,40.81817,62.749711
2/21/2024,11:59:56,40.83817,62.709711
2/21/2024,11:59:56,40.86817,62.669711
2/21/2024,11:59:56,40.89817,62.639711
2/21/2024,11:59:56,40.93817,62.609711
2/21/2024,11:59:56,40.96817,62.579711
2/21/2024,11:59:57,40.99817,62.549711
2/21/2024,11:59:57,41.02817,62.509711
2/21/2024,11:59:57,41.04817,62.469711
2/21/2024,11:59:57,41.07817,62.439711
2/21/2024,11:59:57,41.10817,62.399711
2/21/2024,11:59:58,41.12817,62.359711
2/21/2024,11:59:58,41.14817,62.329711
2/21/2024,11:59:58,41.17817,62.289711
2/21/2024,11:59:58,41.20817,62.259711
2/21/2024,11:59:58,41.23817,62.229711
2/21/2024,11:59:59,41.25817,62.199711
2/21/2024,11:59:59,41.27817,62.159711
2/21/2024,11:59:59,41.29817,62.129711
2/21/2024,11:59:59,41.30817,62.089711
2/21/2024,11:59:59,41.31817,62.059711
2/21/2024,12:00:00,41.33817,62.029711
2/21/2024,12:00:00,41.34817,61.989711
2/21/2024,12:00:00,41.36817,61.969711
2/21/2024,12:00:00,41.38817,61.949711
2/21/2024,12:00:00,41.40817,61.919711
2/21/2024,12:00:01,41.42817,61.899711
2/21/2024,12:00:01,41.44817,61.869711
2/21/2024,12:00:01,41.45817,61.839711
2/21/2024,12:00:01,41.46817,61.809711
2/21/2024,12:00:01,41.47817,61.769711
2/21/2024,12:00:02,41.47817,61.739711
2/21/2024,12:00:02,41.48817,61.699711
2/21/2024,12:00:02,41.50817,61.679711
2/21/2024,12:00:02,41.51817,61.649711
2/21/2024,12:00:02,41.53817,61.619711
2/21/2024,12:00:03,41.54817,61.599711
2/21/2024,12:00:03,41.56817,61.569711
2/21/2024,12:00:03,41.58817,61.549711
2/21/2024,12:00:03,41.59817,61.519711
2/21/2024,12:00:03,41.60817,61.499711
2/21/2024,12:00:04,41.61817,61.459711
2/21/2024,12:00:04,41.61817,61.419711
2/21/2024,12:00:04,41.62817,61.389711
2/21/2024,12:00:04,41.62817,61.359711
2/21/2024,12:00:04,41.63817,61.329711
2/21/2024,12:00:05,41.64817,61.309711
2/21/2024,12:00:05,41.66817,61.289711
2/21/2024,12:00:05,41.68817,61.269711
2/21/2024,12:00:05,41.70817,61.239711
2/21/2024,12:00:05,41.71817,61.219711
2/21/2024,12:00:06,41.71817,61.189711
2/21/2024,12:00:06,41.71817,61.149711
2/21/2024,12:00:06,41.71817,61.109711
2/21/2024,12:00:06,41.71817,61.079711
2/21/2024,12:00:06,41.72817,61.049711
2/21/2024,12:00:07,41.73817,61.019711
2/21/2024,12:00:07,41.74817,60.999711
2/21/2024,12:00:07,41.75817,60.979711
2/21/2024,12:00:07,41.77817,60.959711
2/21/2024,12:00:07,41.78817,60.939711
2/21/2024,12:00:08,41.79817,60.909711
2/21/2024,12:00:08,41.79817,60.869711
2/21/2024,12:00:08,41.79817,60.829711
2/21/2024,12:00:08,41.78817,60.789711
2/21/2024,12:00:08,41.78817,60.759711
2/21/2024,12:00:09,41.79817,60.739711
2/21/2024,12:00:09,41.79817,60.709711
2/21/2024,12:00:09,41.81817,60.689711
2/21/2024,12:00:09,41.82817,60.669711
2/21/2024,12:00:09,41.83817,60.639711
2/21/2024,12:00:10,41.85817,60.619711
2/21/2024,12:00:10,41.85817,60.589711
2/21/2024,12:00:10,41.85817,60.559711
2/21/2024,12:00:10,41.84817,60.509711
2/21/2024,12:00:10,41.84817,60.479711
2/21/2024,12:00:11,41.84817,60.449711
2/21/2024,12:00:11,41.84817,60.419711
2/21/2024,12:00:11,41.85817,60.389711
2/21/2024,12:00:11,41.86817,60.369711
2/21/2024,12:00:11,41.87817,60.349711
2/21/2024,12:00:12,41.88817,60.319711
2/21/2024,12:00:12,41.88817,60.299711
2/21/2024,12:00:12,41.89817,60.269711
2/21/2024,12:00:12,41.89817,60.249711
2/21/2024,12:00:12,41.89817,60.219711
2/21/2024,12:00:13,41.89817,60.179711
2/21/2024,12:00:13,41.88817,60.149711
2/21/2024,12:00:13,41.88817,60.109711
2/21/2024,12:00:13,41.88817,60.079711
2/21/2024,12:00:13,41.88817,60.049711
2/21/2024,12:00:14,41.89817,60.019711
2/21/2024,12:00:14,41.90817,59.999711
2/21/2024,12:00:14,41.90817,59.979711
2/21/2024,12:00:14,41.91817,59.959711
2/21/2024,12:00:14,41.92817,59.929711
2/21/2024,12:00:15,41.92817,59.899711
2/21/2024,12:00:15,41.92817,59.869711
2/21/2024,12:00:15,41.91817,59.829711
2/21/2024,12:00:15,41.90817,59.799711
2/21/2024,12:00:15,41.90817,59.769711
2/21/2024,12:00:16,41.90817,59.739711
2/21/2024,12:00:16,41.90817,59.709711
2/21/2024,12:00:16,41.91817,59.679711
2/21/2024,12:00:16,41.91817,59.659711
2/21/2024,12:00:16,41.92817,59.629711
2/21/2024,12:00:17,41.93817,59.609711
2/21/2024,12:00:17,41.93817,59.579711
2/21/2024,12:00:17,41.92817,59.549711
2/21/2024,12:00:17,41.92817,59.519711
2/21/2024,12:00:17,41.92817,59.489711
2/21/2024,12:00:18,41.91817,59.459711
2/21/2024,12:00:18,41.91817,59.429711
2/21/2024,12:00:18,41.91817,59.399711
2/21/2024,12:00:18,41.91817,59.359711
2/21/2024,12:00:18,41.91817,59.339711
2/21/2024,12:00:19,41.91817,59.309711
2/21/2024,12:00:19,41.91817,59.279711
2/21/2024,12:00:19,41.92817,59.259711
2/21/2024,12:00:19,41.92817,59.229711
2/21/2024,12:00:19,41.92817,59.199711
2/21/2024,12:00:20,41.91817,59.169711
2/21/2024,12:00:20,41.91817,59.139711
2/21/2024,12:00:20,41.91817,59.099711
2/21/2024,12:00:20,41.90817,59.069711
2/21/2024,12:00:20,41.89817,59.029711
2/21/2024,12:00:21,41.89817,59.009711
2/21/2024,12:00:21,41.88817,58.979711
2/21/2024,12:00:21,41.89817,58.949711
2/21/2024,12:00:21,41.89817,58.929711
2/21/2024,12:00:21,41.90817,58.899711
2/21/2024,12:00:22,41.90817,58.869711
2/21/2024,12:00:22,41.89817,58.839711
2/21/2024,12:00:22,41.88817,58.799711
2/21/2024,12:00:22,41.87817,58.769711
2/21/2024,12:00:22,41.86817,58.729711
2/21/2024,12:00:23,41.86817,58.699711
2/21/2024,12:00:23,41.86817,58.669711
2/21/2024,12:00:23,41.86817,58.649711
2/21/2024,12:00:23,41.86817,58.619711
2/21/2024,12:00:23,41.86817,58.589711
2/21/2024,12:00:24,41.86817,58.559711
2/21/2024,12:00:24,41.86817,58.529711
2/21/2024,12:00:24,41.85817,58.499711
2/21/2024,12:00:24,41.84817,58.459711
2/21/2024,12:00:24,41.83817,58.429711
2/21/2024,12:00:25,41.82817,58.399711
2/21/2024,12:00:25,41.82817,58.369711
2/21/2024,12:00:25,41.82817,58.339711
2/21/2024,12:00:25,41.82817,58.309711
2/21/2024,12:00:25,41.82817,58.279711
2/21/2024,12:00:26,41.81817,58.249711
2/21/2024,12:00:26,41.81817,58.219711
2/21/2024,12:00:26,41.80817,58.179711
2/21/2024,12:00:26,41.79817,58.149711
2/21/2024,12:00:26,41.78817,58.119711
2/21/2024,12:00:27,41.78817,58.089711
2/21/2024,12:00:27,41.78817,58.059711
2/21/2024,12:00:27,41.77817,58.029711
2/21/2024,12:00:27,41.77817,57.999711
2/21/2024,12:00:27,41.76817,57.969711
2/21/2024,12:00:28,41.76817,57.939711
2/21/2024,12:00:28,41.75817,57.909711
2/21/2024,12:00:28,41.74817,57.869711
2/21/2024,12:00:28,41.74817,57.839711
2/21/2024,12:00:28,41.73817,57.809711
2/21/2024,12:00:29,41.72817,57.779711
2/21/2024,12:00:29,41.72817,57.749711
2/21/2024,12:00:29,41.72817,57.729711
2/21/2024,12:00:29,41.72817,57.689711
2/21/2024,12:00:29,41.71817,57.659711
2/21/2024,12:00:30,41.70817,57.629711
2/21/2024,12:00:30,41.69817,57.599711
2/21/2024,12:00:30,41.69817,57.559711
2/21/2024,12:00:30,41.68817,57.529711
2/21/2024,12:00:30,41.67817,57.499711
2/21/2024,12:00:31,41.67817,57.469711
2/21/2024,12:00:31,41.67817,57.439711
2/21/2024,12:00:31,41.66817,57.419711
2/21/2024,12:00:31,41.66817,57.389711
2/21/2024,12:00:31,41.65817,57.359711
2/21/2024,12:00:32,41.65817,57.319711
2/21/2024,12:00:32,41.64817,57.289711
2/21/2024,12:00:32,41.62817,57.249711
2/21/2024,12:00:32,41.61817,57.219711
2/21/2024,12:00:32,41.60817,57.189711
2/21/2024,12:00:33,41.60817,57.169711
2/21/2024,12:00:33,41.60817,57.139711
2/21/2024,12:00:33,41.60817,57.119711
2/21/2024,12:00:33,41.60817,57.089711
2/21/2024,12:00:33,41.59817,57.059711
2/21/2024,12:00:34,41.57817,57.019711
2/21/2024,12:00:34,41.56817,56.979711
2/21/2024,12:00:34,41.54817,56.939711
2/21/2024,12:00:34,41.53817,56.909711
2/21/2024,12:00:34,41.52817,56.879711
2/21/2024,12:00:35,41.52817,56.859711
2/21/2024,12:00:35,41.51817,56.829711
2/21/2024,12:00:35,41.51817,56.809711
2/21/2024,12:00:35,41.51817,56.779711
2/21/2024,12:00:35,41.50817,56.749711
2/21/2024,12:00:36,41.48817,56.719711
2/21/2024,12:00:36,41.46817,56.689711
2/21/2024,12:00:36,41.44817,56.649711
2/21/2024,12:00:36,41.42817,56.629711
2/21/2024,12:00:36,41.40817,56.599711
2/21/2024,12:00:37,41.38817,56.579711
2/21/2024,12:00:37,41.36817,56.559711
2/21/2024,12:00:37,41.35817,56.549711
2/21/2024,12:00:37,41.33817,56.539711
2/21/2024,12:00:37,41.31817,56.529711
2/21/2024,12:00:38,41.28817,56.519711
2/21/2024,12:00:38,41.25817,56.499711
2/21/2024,12:00:38,41.22817,56.489711
2/21/2024,12:00:38,41.18817,56.479711
2/21/2024,12:00:38,41.15817,56.469711
2/21/2024,12:00:39,41.11817,56.459711
2/21/2024,12:00:39,41.08817,56.449711
2/21/2024,12:00:39,41.04817,56.459711
2/21/2024,12:00:39,41.00817,56.459711
2/21/2024,12:00:39,40.96817,56.459711
2/21/2024,12:00:40,40.92817,56.469711
2/21/2024,12:00:40,40.88817,56.469711
2/21/2024,12:00:40,40.84817,56.479711
2/21/2024,12:00:40,40.79817,56.479711
2/21/2024,12:00:40,40.73817,56.489711
2/21/2024,12:00:41,40.68817,56.499711
2/21/2024,12:00:41,40.63817,56.509711
2/21/2024,12:00:41,40.58817,56.519711
2/21/2024,12:00:41,40.52817,56.539711
2/21/2024,12:00:41,40.47817,56.549711
2/21/2024,12:00:42,40.40817,56.569711
2/21/2024,12:00:42,40.34817,56.589711
2/21/2024,12:00:42,40.28817,56.609711
2/21/2024,12:00:42,40.22817,56.629711
2/21/2024,12:00:42,40.15817,56.649711
2/21/2024,12:00:43,40.08817,56.669711
2/21/2024,12:00:43,40.02817,56.699711
2/21/2024,12:00:43,39.95817,56.729711
2/21/2024,12:00:43,39.88817,56.759711
2/21/2024,12:00:43,39.80817,56.779711
2/21/2024,12:00:44,39.72817,56.789711
2/21/2024,12:00:44,39.63817,56.809711
2/21/2024,12:00:44,39.55817,56.839711
2/21/2024,12:00:44,39.47817,56.869711
2/21/2024,12:00:44,39.38817,56.889711
2/21/2024,12:00:45,39.29817,56.909711
2/21/2024,12:00:45,39.21817,56.939711
2/21/2024,12:00:45,39.13817,56.989711
2/21/2024,12:00:45,39.05817,57.019711
2/21/2024,12:00:45,38.95817,57.029711
2/21/2024,12:00:46,38.84817,57.049711
2/21/2024,12:00:46,38.74817,57.069711
2/21/2024,12:00:46,38.64817,57.099711
2/21/2024,12:00:46,38.54817,57.119711
2/21/2024,12:00:46,38.43817,57.129711
2/21/2024,12:00:47,38.33817,57.149711
2/21/2024,12:00:47,38.23817,57.189711
2/21/2024,12:00:47,38.13817,57.219711
2/21/2024,12:00:47,38.03817,57.239711
2/21/2024,12:00:47,37.91817,57.249711
2/21/2024,12:00:48,37.78817,57.269711
2/21/2024,12:00:48,37.66817,57.299711
2/21/2024,12:00:48,37.55817,57.319711
2/21/2024,12:00:48,37.42817,57.319711
2/21/2024,12:00:48,37.28817,57.329711
2/21/2024,12:00:49,37.16817,57.349711
2/21/2024,12:00:49,37.03817,57.369711
2/21/2024,12:00:49,36.89817,57.379711
2/21/2024,12:00:49,36.76817,57.389711
2/21/2024,12:00:49,36.62817,57.419711
2/21/2024,12:00:50,36.46817,57.429711
2/21/2024,12:00:50,36.31817,57.429711
2/21/2024,12:00:50,36.17817,57.429711
2/21/2024,12:00:50,36.03817,57.449711
2/21/2024,12:00:50,35.88817,57.459711
2/21/2024,12:00:51,35.72817,57.459711
2/21/2024,12:00:51,35.55817,57.449711
2/21/2024,12:00:51,35.39817,57.449711
2/21/2024,12:00:51,35.22817,57.459711
2/21/2024,12:00:51,35.05817,57.459711
2/21/2024,12:00:52,34.85817,57.429711
2/21/2024,12:00:52,34.68817,57.429711
2/21/2024,12:00:52,34.52817,57.469711
2/21/2024,12:00:52,34.34817,57.469711
2/21/2024,12:00:52,34.16817,57.469711
2/21/2024,12:00:53,33.98817,57.459711
2/21/2024,12:00:53,33.80817,57.459711
2/21/2024,12:00:53,33.61817,57.449711
2/21/2024,12:00:53,33.42817,57.449711
2/21/2024,12:00:53,33.23817,57.439711
2/21/2024,12:00:54,33.04817,57.439711
2/21/2024,12:00:54,32.85817,57.429711
2/21/2024,12:00:54,32.65817,57.429711
2/21/2024,12:00:54,32.46817,57.419711
2/21/2024,12:00:54,32.26817,57.419711
2/21/2024,12:00:55,32.07817,57.409711
2/21/2024,12:00:55,31.87817,57.399711
2/21/2024,12:00:55,31.68817,57.389711
2/21/2024,12:00:55,31.49817,57.389711
2/21/2024,12:00:55,31.29817,57.369711
2/21/2024,12:00:56,31.09817,57.359711
2/21/2024,12:00:56,30.89817,57.359711
2/21/2024,12:00:56,30.69817,57.349711
2/21/2024,12:00:56,30.48817,57.339711
2/21/2024,12:00:56,30.28817,57.329711
2/21/2024,12:00:57,30.08817,57.319711
2/21/2024,12:00:57,29.87817,57.309711
2/21/2024,12:00:57,29.67817,57.299711
2/21/2024,12:00:57,29.46817,57.289711
2/21/2024,12:00:57,29.26817,57.269711
2/21/2024,12:00:58,29.06817,57.259711
2/21/2024,12:00:58,28.85817,57.239711
2/21/2024,12:00:58,28.65817,57.229711
2/21/2024,12:00:58,28.44817,57.219711
2/21/2024,12:00:58,28.24817,57.199711
2/21/2024,12:00:59,28.03817,57.189711
2/21/2024,12:00:59,27.82817,57.169711
2/21/2024,12:00:59,27.61817,57.149711
2/21/2024,12:00:59,27.40817,57.129711
2/21/2024,12:00:59,27.19817,57.109711
2/21/2024,12:01:00,26.98817,57.089711
2/21/2024,12:01:00,26.77817,57.069711
2/21/2024,12:01:00,26.56817,57.049711
2/21/2024,12:01:00,26.36817,57.029711
2/21/2024,12:01:00,26.17817,57.019711
2/21/2024,12:01:01,25.97817,56.999711
2/21/2024,12:01:01,25.76817,56.979711
2/21/2024,12:01:01,25.55817,56.959711
2/21/2024,12:01:01,25.35817,56.929711
2/21/2024,12:01:01,25.14817,56.899711
2/21/2024,12:01:02,24.94817,56.869711
2/21/2024,12:01:02,24.73817,56.839711
2/21/2024,12:01:02,24.53817,56.819711
2/21/2024,12:01:02,24.32817,56.789711
2/21/2024,12:01:02,24.11817,56.759711
2/21/2024,12:01:03,23.91817,56.729711
2/21/2024,12:01:03,23.70817,56.699711
2/21/2024,12:01:03,23.49817,56.649711
2/21/2024,12:01:03,23.29817,56.619711
2/21/2024,12:01:03,23.08817,56.569711
2/21/2024,12:01:04,22.88817,56.529711
2/21/2024,12:01:04,22.67817,56.489711
2/21/2024,12:01:04,22.47817,56.459711
2/21/2024,12:01:04,22.26817,56.409711
2/21/2024,12:01:04,22.06817,56.369711
2/21/2024,12:01:05,21.86817,56.319711
2/21/2024,12:01:05,21.64817,56.269711
2/21/2024,12:01:05,21.43817,56.219711
2/21/2024,12:01:05,21.24817,56.179711
2/21/2024,12:01:05,21.04817,56.129711
2/21/2024,12:01:06,20.84817,56.079711
2/21/2024,12:01:06,20.65817,56.019711
2/21/2024,12:01:06,20.45817,55.959711
2/21/2024,12:01:06,20.25817,55.899711
2/21/2024,12:01:06,20.06817,55.839711
2/21/2024,12:01:07,19.88817,55.789711
2/21/2024,12:01:07,19.68817,55.719711
2/21/2024,12:01:07,19.49817,55.659711
2/21/2024,12:01:07,19.31817,55.589711
2/21/2024,12:01:07,19.13817,55.519711
2/21/2024,12:01:08,18.95817,55.459711
2/21/2024,12:01:08,18.78817,55.399711
2/21/2024,12:01:08,18.61817,55.329711
2/21/2024,12:01:08,18.44817,55.259711
2/21/2024,12:01:08,18.27817,55.179711
2/21/2024,12:01:09,18.10817,55.109711
2/21/2024,12:01:09,17.94817,55.029711
2/21/2024,12:01:09,17.77817,54.959711
2/21/2024,12:01:09,17.61817,54.879711
2/21/2024,12:01:09,17.45817,54.789711
2/21/2024,12:01:10,17.29817,54.709711
2/21/2024,12:01:10,17.14817,54.629711
2/21/2024,12:01:10,16.99817,54.549711
2/21/2024,12:01:10,16.83817,54.459711
2/21/2024,12:01:10,16.69817,54.379711
2/21/2024,12:01:11,16.54817,54.289711
2/21/2024,12:01:11,16.40817,54.199711
2/21/2024,12:01:11,16.26817,54.109711
2/21/2024,12:01:11,16.12817,54.019711
2/21/2024,12:01:11,15.98817,53.919711
2/21/2024,12:01:12,15.85817,53.829711
2/21/2024,12:01:12,15.72817,53.729711
2/21/2024,12:01:12,15.59817,53.629711
2/21/2024,12:01:12,15.46817,53.529711
2/21/2024,12:01:12,15.34817,53.429711
2/21/2024,12:01:13,15.22817,53.319711
2/21/2024,12:01:13,15.10817,53.219711
2/21/2024,12:01:13,14.97817,53.109711
2/21/2024,12:01:13,14.85817,53.009711
2/21/2024,12:01:13,14.74817,52.899711
2/21/2024,12:01:14,14.62817,52.779711
2/21/2024,12:01:14,14.50817,52.669711
2/21/2024,12:01:14,14.38817,52.549711
2/21/2024,12:01:14,14.27817,52.419711
2/21/2024,12:01:14,14.16817,52.299711
2/21/2024,12:01:15,14.05817,52.169711
2/21/2024,12:01:15,13.94817,52.039711
2/21/2024,12:01:15,13.83817,51.909711
2/21/2024,12:01:15,13.72817,51.769711
2/21/2024,12:01:15,13.61817,51.629711
2/21/2024,12:01:16,13.51817,51.489711
2/21/2024,12:01:16,13.40817,51.349711
2/21/2024,12:01:16,13.27817,51.179711
2/21/2024,12:01:16,13.16817,51.019711
2/21/2024,12:01:16,13.05817,50.869711
2/21/2024,12:01:17,12.94817,50.709711
2/21/2024,12:01:17,12.83817,50.549711
2/21/2024,12:01:17,12.74817,50.419711
2/21/2024,12:01:17,12.63817,50.249711
2/21/2024,12:01:17,12.52817,50.089711
2/21/2024,12:01:18,12.41817,49.919711
2/21/2024,12:01:18,12.30817,49.749711
2/21/2024,12:01:18,12.19817,49.579711
2/21/2024,12:01:18,12.07817,49.399711
2/21/2024,12:01:18,11.96817,49.229711
2/21/2024,12:01:19,11.84817,49.049711
2/21/2024,12:01:19,11.73817,48.879711
2/21/2024,12:01:19,11.62817,48.699711
2/21/2024,12:01:19,11.50817,48.519711
2/21/2024,12:01:19,11.38817,48.339711
2/21/2024,12:01:20,11.27817,48.169711
2/21/2024,12:01:20,11.15817,47.989711
2/21/2024,12:01:20,11.04817,47.809711
2/21/2024,12:01:20,10.93817,47.639711
2/21/2024,12:01:20,10.82817,47.469711
2/21/2024,12:01:21,10.71817,47.299711
2/21/2024,12:01:21,10.59817,47.129711
2/21/2024,12:01:21,10.48817,46.969711
2/21/2024,12:01:21,10.37817,46.799711
2/21/2024,12:01:21,10.26817,46.639711
2/21/2024,12:01:22,10.15817,46.489711
2/21/2024,12:01:22,10.04817,46.319711
2/21/2024,12:01:22,9.94817,46.169711
2/21/2024,12:01:22,9.838169999,46.009711
2/21/2024,12:01:22,9.72817,45.859711
2/21/2024,12:01:23,9.61817,45.709711
2/21/2024,12:01:23,9.508169999,45.559711
2/21/2024,12:01:23,9.39817,45.409711
2/21/2024,12:01:23,9.28817,45.269711
2/21/2024,12:01:23,9.178169999,45.119711
2/21/2024,12:01:24,9.07817,44.969711
2/21/2024,12:01:24,8.968169999,44.829711
2/21/2024,12:01:24,8.86817,44.689711
2/21/2024,12:01:24,8.758169999,44.549711
2/21/2024,12:01:24,8.64817,44.409711
2/21/2024,12:01:25,8.548169999,44.269711
2/21/2024,12:01:25,8.43817,44.139711
2/21/2024,12:01:25,8.32817,43.999711
2/21/2024,12:01:25,8.22817,43.869711
2/21/2024,12:01:25,8.11817,43.739711
2/21/2024,12:01:26,8.008169999,43.609711
2/21/2024,12:01:26,7.90817,43.469711
2/21/2024,12:01:26,7.798169999,43.349711
2/21/2024,12:01:26,7.68817,43.219711
2/21/2024,12:01:26,7.588169999,43.099711
2/21/2024,12:01:27,7.47817,42.969711
2/21/2024,12:01:27,7.378169999,42.849711
2/21/2024,12:01:27,7.268169999,42.729711
2/21/2024,12:01:27,7.15817,42.609711
2/21/2024,12:01:27,7.058169999,42.489711
2/21/2024,12:01:28,6.94817,42.379711
2/21/2024,12:01:28,6.838169999,42.259711
2/21/2024,12:01:28,6.73817,42.149711
2/21/2024,12:01:28,6.628169999,42.039711
2/21/2024,12:01:28,6.52817,41.929711
2/21/2024,12:01:29,6.418169999,41.819711
2/21/2024,12:01:29,6.31817,41.709711
2/21/2024,12:01:29,6.20817,41.599711
2/21/2024,12:01:29,6.10817,41.499711
2/21/2024,12:01:29,6.008169999,41.389711
2/21/2024,12:01:30,5.89817,41.289711
2/21/2024,12:01:30,5.78817,41.189711
2/21/2024,12:01:30,5.678169999,41.089711
2/21/2024,12:01:30,5.57817,40.979711
2/21/2024,12:01:30,5.47817,40.889711
2/21/2024,12:01:31,5.35817,40.799711
2/21/2024,12:01:31,5.258169999,40.699711
2/21/2024,12:01:31,5.15817,40.599711
2/21/2024,12:01:31,5.048169999,40.509711
2/21/2024,12:01:31,4.93817,40.419711
2/21/2024,12:01:32,4.81817,40.319711
2/21/2024,12:01:32,4.70817,40.209711
2/21/2024,12:01:32,4.588169999,40.119711
2/21/2024,12:01:32,4.45817,40.019711
2/21/2024,12:01:32,4.348169999,39.919711
2/21/2024,12:01:33,4.22817,39.819711
2/21/2024,12:01:33,4.10817,39.719711
2/21/2024,12:01:33,3.98817,39.639711
2/21/2024,12:01:33,3.878169999,39.539711
2/21/2024,12:01:33,3.758169999,39.449711
2/21/2024,12:01:34,3.638169999,39.369711
2/21/2024,12:01:34,3.52817,39.279711
2/21/2024,12:01:34,3.40817,39.189711
2/21/2024,12:01:34,3.298169999,39.109711
2/21/2024,12:01:34,3.178169999,39.039711
2/21/2024,12:01:35,3.06817,38.959711
2/21/2024,12:01:35,2.95817,38.869711
2/21/2024,12:01:35,2.848169999,38.789711
2/21/2024,12:01:35,2.72817,38.719711
2/21/2024,12:01:35,2.61817,38.649711
2/21/2024,12:01:36,2.518169999,38.559711
2/21/2024,12:01:36,2.40817,38.489711
2/21/2024,12:01:36,2.28817,38.429711
2/21/2024,12:01:36,2.178169999,38.369711
2/21/2024,12:01:36,2.07817,38.289711
2/21/2024,12:01:37,1.97817,38.219711
2/21/2024,12:01:37,1.85817,38.169711
2/21/2024,12:01:37,1.74817,38.109711
2/21/2024,12:01:37,1.64817,38.039711
2/21/2024,12:01:37,1.548169999,37.959711
2/21/2024,12:01:38,1.44817,37.899711
2/21/2024,12:01:38,1.338169999,37.849711
2/21/2024,12:01:38,1.23817,37.789711
2/21/2024,12:01:38,1.138169999,37.719711
2/21/2024,12:01:38,1.03817,37.649711
2/21/2024,12:01:39,0.93817,37.609711
2/21/2024,12:01:39,0.838169999,37.569711
2/21/2024,12:01:39,0.74817,37.509711
2/21/2024,12:01:39,0.668169999,37.449711
2/21/2024,12:01:39,0.588169999,37.399711
2/21/2024,12:01:40,0.508169999,37.359711
2/21/2024,12:01:40,0.418169999,37.319711
2/21/2024,12:01:40,0.348169999,37.279711
2/21/2024,12:01:40,0.27817,37.229711
2/21/2024,12:01:40,0.19817,37.169711
2/21/2024,12:01:41,0.11817,37.139711
2/21/2024,12:01:41,0.03817,37.099711
2/21/2024,12:01:41,-0.031830001,37.059711
2/21/2024,12:01:41,-0.10183,37.009711
2/21/2024,12:01:41,-0.17183,36.959711
2/21/2024,12:01:42,-0.25183,36.929711
2/21/2024,12:01:42,-0.331830001,36.899711
2/21/2024,12:01:42,-0.401830001,36.859711
2/21/2024,12:01:42,-0.47183,36.809711
2/21/2024,12:01:42,-0.55183,36.759711
2/21/2024,12:01:43,-0.63183,36.719711
2/21/2024,12:01:43,-0.71183,36.689711
2/21/2024,12:01:43,-0.79183,36.639711
2/21/2024,12:01:43,-0.861830001,36.579711
2/21/2024,12:01:43,-0.951830001,36.529711
2/21/2024,12:01:44,-1.04183,36.489711
2/21/2024,12:01:44,-1.13183,36.449711
2/21/2024,12:01:44,-1.21183,36.399711
2/21/2024,12:01:44,-1.30183,36.339711
2/21/2024,12:01:44,-1.39183,36.299711
2/21/2024,12:01:45,-1.491830001,36.259711
2/21/2024,12:01:45,-1.59183,36.209711
2/21/2024,12:01:45,-1.68183,36.149711
2/21/2024,12:01:45,-1.77183,36.089711
2/21/2024,12:01:45,-1.871830001,36.039711
2/21/2024,12:01:46,-1.96183,35.989711
2/21/2024,12:01:46,-2.05183,35.939711
2/21/2024,12:01:46,-2.13183,35.879711
2/21/2024,12:01:46,-2.22183,35.829711
2/21/2024,12:01:46,-2.31183,35.789711
2/21/2024,12:01:47,-2.401830001,35.759711
2/21/2024,12:01:47,-2.481830001,35.709711
2/21/2024,12:01:47,-2.55183,35.659711
2/21/2024,12:01:47,-2.63183,35.609711
2/21/2024,12:01:47,-2.71183,35.569711
2/21/2024,12:01:48,-2.781830001,35.539711
2/21/2024,12:01:48,-2.85183,35.499711
2/21/2024,12:01:48,-2.92183,35.449711
2/21/2024,12:01:48,-2.991830001,35.409711
2/21/2024,12:01:48,-3.06183,35.379711
2/21/2024,12:01:49,-3.13183,35.349711
2/21/2024,12:01:49,-3.191830001,35.319711
2/21/2024,12:01:49,-3.241830001,35.279711
2/21/2024,12:01:49,-3.30183,35.239711
2/21/2024,12:01:49,-3.361830001,35.219711
2/21/2024,12:01:50,-3.42183,35.199711
2/21/2024,12:01:50,-3.47183,35.169711
2/21/2024,12:01:50,-3.51183,35.139711
2/21/2024,12:01:50,-3.55183,35.099711
2/21/2024,12:01:50,-3.60183,35.069711
2/21/2024,12:01:51,-3.651830001,35.049711
2/21/2024,12:01:51,-3.701830001,35.039711
2/21/2024,12:01:51,-3.741830001,35.019711
2/21/2024,12:01:51,-3.781830001,34.989711
2/21/2024,12:01:51,-3.821830001,34.969711
2/21/2024,12:01:52,-3.85183,34.949711
2/21/2024,12:01:52,-3.89183,34.939711
2/21/2024,12:01:52,-3.92183,34.929711
2/21/2024,12:01:52,-3.951830001,34.909711
2/21/2024,12:01:52,-3.97183,34.899711
2/21/2024,12:01:53,-4.00183,34.889711
2/21/2024,12:01:53,-4.02183,34.879711
2/21/2024,12:01:53,-4.04183,34.869711
2/21/2024,12:01:53,-4.06183,34.859711
2/21/2024,12:01:53,-4.081830001,34.849711
2/21/2024,12:01:54,-4.09183,34.839711
2/21/2024,12:01:54,-4.111830001,34.839711
2/21/2024,12:01:54,-4.121830001,34.849711
2/21/2024,12:01:54,-4.13183,34.849711
2/21/2024,12:01:54,-4.14183,34.849711
2/21/2024,12:01:55,-4.151830001,34.849711
2/21/2024,12:01:55,-4.161830001,34.849711
2/21/2024,12:01:55,-4.161830001,34.849711
2/21/2024,12:01:55,-4.161830001,34.849711
2/21/2024,12:01:55,-4.161830001,34.859711
2/21/2024,12:01:56,-4.161830001,34.859711
2/21/2024,12:01:56,-4.161830001,34.859711
2/21/2024,12:01:56,-4.151830001,34.879711
2/21/2024,12:01:56,-4.151830001,34.889711
2/21/2024,12:01:56,-4.14183,34.899711
2/21/2024,12:01:57,-4.13183,34.909711
2/21/2024,12:01:57,-4.121830001,34.919711
2/21/2024,12:01:57,-4.10183,34.929711
2/21/2024,12:01:57,-4.09183,34.939711
2/21/2024,12:01:57,-4.071830001,34.949711
2/21/2024,12:01:58,-4.04183,34.969711
2/21/2024,12:01:58,-4.031830001,34.979711
2/21/2024,12:01:58,-4.02183,34.989711
2/21/2024,12:01:58,-4.00183,34.999711
2/21/2024,12:01:58,-3.991830001,35.009711
2/21/2024,12:01:59,-3.97183,35.019711
2/21/2024,12:01:59,-3.96183,35.039711
2/21/2024,12:01:59,-3.941830001,35.049711
2/21/2024,12:01:59,-3.941830001,35.049711
2/21/2024,12:01:59,-3.93183,35.059711
2/21/2024,12:02:00,-3.911830001,35.069711
2/21/2024,12:02:00,-3.89183,35.089711
2/21/2024,12:02:00,-3.861830001,35.099711
2/21/2024,12:02:00,-3.84183,35.119711
2/21/2024,12:02:00,-3.80183,35.139711
2/21/2024,12:02:01,-3.77183,35.159711
2/21/2024,12:02:01,-3.741830001,35.169711
2/21/2024,12:02:01,-3.72183,35.179711
2/21/2024,12:02:01,-3.691830001,35.189711
2/21/2024,12:02:01,-3.67183,35.199711
2/21/2024,12:02:02,-3.64183,35.219711
2/21/2024,12:02:02,-3.621830001,35.239711
2/21/2024,12:02:02,-3.60183,35.249711
2/21/2024,12:02:02,-3.571830001,35.269711
2/21/2024,12:02:02,-3.55183,35.279711
2/21/2024,12:02:03,-3.531830001,35.289711
2/21/2024,12:02:03,-3.50183,35.299711
2/21/2024,12:02:03,-3.47183,35.309711
2/21/2024,12:02:03,-3.441830001,35.329711
2/21/2024,12:02:03,-3.411830001,35.339711
2/21/2024,12:02:04,-3.38183,35.349711
2/21/2024,12:02:04,-3.361830001,35.369711
2/21/2024,12:02:04,-3.331830001,35.379711
2/21/2024,12:02:04,-3.30183,35.389711
2/21/2024,12:02:04,-3.30183,35.389711
2/21/2024,12:02:05,-3.281830001,35.399711
2/21/2024,12:02:05,-3.25183,35.419711
2/21/2024,12:02:05,-3.231830001,35.429711
2/21/2024,12:02:05,-3.201830001,35.449711
2/21/2024,12:02:05,-3.18183,35.459711
2/21/2024,12:02:06,-3.151830001,35.469711
2/21/2024,12:02:06,-3.13183,35.479711
2/21/2024,12:02:06,-3.10183,35.489711
2/21/2024,12:02:06,-3.05183,35.509711
2/21/2024,12:02:06,-3.02183,35.519711
2/21/2024,12:02:07,-3.01183,35.529711
2/21/2024,12:02:07,-3.00183,35.529711
2/21/2024,12:02:07,-2.981830001,35.549711
2/21/2024,12:02:07,-2.951830001,35.559711
2/21/2024,12:02:07,-2.93183,35.569711
2/21/2024,12:02:08,-2.901830001,35.579711
2/21/2024,12:02:08,-2.88183,35.589711
2/21/2024,12:02:08,-2.85183,35.599711
2/21/2024,12:02:08,-2.831830001,35.609711
2/21/2024,12:02:08,-2.80183,35.629711
2/21/2024,12:02:09,-2.77183,35.639711
2/21/2024,12:02:09,-2.731830001,35.659711
2/21/2024,12:02:09,-2.701830001,35.669711
2/21/2024,12:02:09,-2.67183,35.669711
2/21/2024,12:02:09,-2.651830001,35.679711
2/21/2024,12:02:10,-2.63183,35.689711
2/21/2024,12:02:10,-2.611830001,35.689711
2/21/2024,12:02:10,-2.581830001,35.699711
2/21/2024,12:02:10,-2.56183,35.709711
2/21/2024,12:02:10,-2.531830001,35.719711
2/21/2024,12:02:11,-2.50183,35.729711
2/21/2024,12:02:11,-2.481830001,35.739711
2/21/2024,12:02:11,-2.451830001,35.749711
2/21/2024,12:02:11,-2.42183,35.749711
2/21/2024,12:02:11,-2.401830001,35.759711
2/21/2024,12:02:12,-2.39183,35.759711
2/21/2024,12:02:12,-2.371830001,35.759711
2/21/2024,12:02:12,-2.35183,35.759711
2/21/2024,12:02:12,-2.331830001,35.769711
2/21/2024,12:02:12,-2.321830001,35.769711
2/21/2024,12:02:13,-2.31183,35.779711
2/21/2024,12:02:13,-2.30183,35.789711
2/21/2024,12:02:13,-2.30183,35.799711
2/21/2024,12:02:13,-2.29183,35.809711
2/21/2024,12:02:13,-2.30183,35.819711
2/21/2024,12:02:14,-2.30183,35.819711
2/21/2024,12:02:14,-2.31183,35.829711
2/21/2024,12:02:14,-2.31183,35.829711
2/21/2024,12:02:14,-2.321830001,35.829711
2/21/2024,12:02:14,-2.331830001,35.829711
2/21/2024,12:02:15,-2.34183,35.839711
2/21/2024,12:02:15,-2.35183,35.849711
2/21/2024,12:02:15,-2.35183,35.869711
2/21/2024,12:02:15,-2.361830001,35.869711
2/21/2024,12:02:15,-2.371830001,35.879711
2/21/2024,12:02:16,-2.38183,35.879711
2/21/2024,12:02:16,-2.401830001,35.889711
2/21/2024,12:02:16,-2.401830001,35.889711
2/21/2024,12:02:16,-2.42183,35.889711
2/21/2024,12:02:16,-2.43183,35.889711
2/21/2024,12:02:17,-2.441830001,35.899711
2/21/2024,12:02:17,-2.46183,35.909711
2/21/2024,12:02:17,-2.47183,35.909711
2/21/2024,12:02:17,-2.481830001,35.919711
2/21/2024,12:02:17,-2.491830001,35.929711
2/21/2024,12:02:18,-2.50183,35.939711
2/21/2024,12:02:18,-2.51183,35.939711
2/21/2024,12:02:18,-2.531830001,35.949711
2/21/2024,12:02:18,-2.54183,35.949711
2/21/2024,12:02:18,-2.55183,35.949711
2/21/2024,12:02:19,-2.56183,35.959711
2/21/2024,12:02:19,-2.571830001,35.959711
2/21/2024,12:02:19,-2.581830001,35.969711
2/21/2024,12:02:19,-2.581830001,35.979711
2/21/2024,12:02:19,-2.581830001,35.989711
2/21/2024,12:02:20,-2.581830001,35.989711
2/21/2024,12:02:20,-2.581830001,35.999711
2/21/2024,12:02:20,-2.581830001,35.999711
2/21/2024,12:02:20,-2.571830001,36.009711
2/21/2024,12:02:20,-2.571830001,36.009711
2/21/2024,12:02:21,-2.571830001,36.009711
2/21/2024,12:02:21,-2.571830001,36.019711
2/21/2024,12:02:21,-2.55183,36.029711
2/21/2024,12:02:21,-2.55183,36.029711
2/21/2024,12:02:21,-2.531830001,36.039711
2/21/2024,12:02:22,-2.52183,36.039711
2/21/2024,12:02:22,-2.50183,36.039711
2/21/2024,12:02:22,-2.491830001,36.049711
2/21/2024,12:02:22,-2.47183,36.049711
2/21/2024,12:02:22,-2.451830001,36.049711
2/21/2024,12:02:23,-2.43183,36.049711
2/21/2024,12:02:23,-2.411830001,36.059711
2/21/2024,12:02:23,-2.39183,36.059711
2/21/2024,12:02:23,-2.35183,36.059711
2/21/2024,12:02:23,-2.31183,36.059711
2/21/2024,12:02:24,-2.281830001,36.059711
2/21/2024,12:02:24,-2.241830001,36.059711
2/21/2024,12:02:24,-2.21183,36.049711
2/21/2024,12:02:24,-2.17183,36.049711
2/21/2024,12:02:24,-2.13183,36.049711
2/21/2024,12:02:25,-2.09183,36.049711
2/21/2024,12:02:25,-2.04183,36.039711
2/21/2024,12:02:25,-2.00183,36.039711
2/21/2024,12:02:25,-1.941830001,36.039711
2/21/2024,12:02:25,-1.89183,36.029711
2/21/2024,12:02:26,-1.84183,36.029711
2/21/2024,12:02:26,-1.79183,36.019711
2/21/2024,12:02:26,-1.741830001,36.009711
2/21/2024,12:02:26,-1.68183,35.999711
2/21/2024,12:02:26,-1.63183,35.979711
2/21/2024,12:02:27,-1.571830001,35.969711
2/21/2024,12:02:27,-1.51183,35.959711
2/21/2024,12:02:27,-1.451830001,35.949711
2/21/2024,12:02:27,-1.39183,35.929711
2/21/2024,12:02:27,-1.321830001,35.919711
2/21/2024,12:02:28,-1.25183,35.899711
2/21/2024,12:02:28,-1.191830001,35.879711
2/21/2024,12:02:28,-1.121830001,35.859711
2/21/2024,12:02:28,-1.04183,35.849711
2/21/2024,12:02:28,-0.97183,35.829711
2/21/2024,12:02:29,-0.901830001,35.799711
2/21/2024,12:02:29,-0.84183,35.769711
2/21/2024,12:02:29,-0.77183,35.749711
2/21/2024,12:02:29,-0.691830001,35.729711
2/21/2024,12:02:29,-0.621830001,35.709711
2/21/2024,12:02:30,-0.55183,35.689711
2/21/2024,12:02:30,-0.481830001,35.659711
2/21/2024,12:02:30,-0.42183,35.619711
2/21/2024,12:02:30,-0.361830001,35.589711
2/21/2024,12:02:30,-0.29183,35.579711
2/21/2024,12:02:31,-0.21183,35.559711
2/21/2024,12:02:31,-0.14183,35.539711
2/21/2024,12:02:31,-0.081830001,35.499711
2/21/2024,12:02:31,-0.01183,35.469711
2/21/2024,12:02:31,0.058169999,35.429711
2/21/2024,12:02:32,0.128169999,35.399711
2/21/2024,12:02:32,0.20817,35.379711
2/21/2024,12:02:32,0.298169999,35.349711
2/21/2024,12:02:32,0.378169999,35.299711
2/21/2024,12:02:32,0.44817,35.239711
2/21/2024,12:02:33,0.518169999,35.179711
2/21/2024,12:02:33,0.598169999,35.139711
2/21/2024,12:02:33,0.69817,35.099711
2/21/2024,12:02:33,0.808169999,35.059711
2/21/2024,12:02:33,0.89817,34.999711
2/21/2024,12:02:34,0.97817,34.929711
2/21/2024,12:02:34,1.058169999,34.869711
2/21/2024,12:02:34,1.15817,34.819711
2/21/2024,12:02:34,1.268169999,34.769711
2/21/2024,12:02:34,1.35817,34.699711
2/21/2024,12:02:35,1.44817,34.609711
2/21/2024,12:02:35,1.52817,34.539711
2/21/2024,12:02:35,1.638169999,34.489711
2/21/2024,12:02:35,1.768169999,34.439711
2/21/2024,12:02:35,1.86817,34.379711
2/21/2024,12:02:36,1.968169999,34.289711
2/21/2024,12:02:36,2.058169999,34.209711
2/21/2024,12:02:36,2.168169999,34.149711
2/21/2024,12:02:36,2.28817,34.099711
2/21/2024,12:02:36,2.388169999,34.019711
2/21/2024,12:02:37,2.468169999,33.929711
2/21/2024,12:02:37,2.558169999,33.849711
2/21/2024,12:02:37,2.668169999,33.799711
2/21/2024,12:02:37,2.78817,33.749711
2/21/2024,12:02:37,2.888169999,33.679711
2/21/2024,12:02:38,2.95817,33.599711
2/21/2024,12:02:38,3.048169999,33.529711
2/21/2024,12:02:38,3.14817,33.489711
2/21/2024,12:02:38,3.258169999,33.439711
2/21/2024,12:02:38,3.338169999,33.359711
2/21/2024,12:02:39,3.418169999,33.269711
2/21/2024,12:02:39,3.49817,33.209711
2/21/2024,12:02:39,3.598169999,33.169711
2/21/2024,12:02:39,3.70817,33.119711
2/21/2024,12:02:39,3.78817,33.059711
2/21/2024,12:02:40,3.85817,32.979711
2/21/2024,12:02:40,3.93817,32.919711
2/21/2024,12:02:40,4.02817,32.869711
2/21/2024,12:02:40,4.128169999,32.819711
2/21/2024,12:02:40,4.20817,32.749711
2/21/2024,12:02:41,4.27817,32.679711
2/21/2024,12:02:41,4.35817,32.609711
2/21/2024,12:02:41,4.43817,32.569711
2/21/2024,12:02:41,4.53817,32.529711
2/21/2024,12:02:41,4.61817,32.469711
2/21/2024,12:02:42,4.68817,32.399711
2/21/2024,12:02:42,4.74817,32.329711
2/21/2024,12:02:42,4.82817,32.279711
2/21/2024,12:02:42,4.90817,32.229711
2/21/2024,12:02:42,4.99817,32.179711
2/21/2024,12:02:43,5.06817,32.119711
2/21/2024,12:02:43,5.128169999,32.049711
2/21/2024,12:02:43,5.19817,31.989711
2/21/2024,12:02:43,5.27817,31.949711
2/21/2024,12:02:43,5.35817,31.899711
2/21/2024,12:02:44,5.43817,31.849711
2/21/2024,12:02:44,5.49817,31.779711
2/21/2024,12:02:44,5.56817,31.709711
2/21/2024,12:02:44,5.638169999,31.659711
2/21/2024,12:02:44,5.718169999,31.619711
2/21/2024,12:02:45,5.798169999,31.579711
2/21/2024,12:02:45,5.86817,31.529711
2/21/2024,12:02:45,5.918169999,31.459711
2/21/2024,12:02:45,5.97817,31.389711
2/21/2024,12:02:45,6.048169999,31.339711
2/21/2024,12:02:46,6.11817,31.299711
2/21/2024,12:02:46,6.19817,31.259711
2/21/2024,12:02:46,6.258169999,31.199711
2/21/2024,12:02:46,6.308169999,31.139711
2/21/2024,12:02:46,6.378169999,31.079711
2/21/2024,12:02:47,6.44817,31.039711
2/21/2024,12:02:47,6.518169999,30.999711
2/21/2024,12:02:47,6.588169999,30.949711
2/21/2024,12:02:47,6.638169999,30.889711
2/21/2024,12:02:47,6.69817,30.829711
2/21/2024,12:02:48,6.758169999,30.779711
2/21/2024,12:02:48,6.82817,30.739711
2/21/2024,12:02:48,6.89817,30.699711
2/21/2024,12:02:48,6.94817,30.649711
2/21/2024,12:02:48,6.99817,30.579711
2/21/2024,12:02:49,7.058169999,30.529711
2/21/2024,12:02:49,7.128169999,30.489711
2/21/2024,12:02:49,7.19817,30.449711
2/21/2024,12:02:49,7.268169999,30.409711
2/21/2024,12:02:49,7.31817,30.349711
2/21/2024,12:02:50,7.36817,30.289711
2/21/2024,12:02:50,7.418169999,30.239711
2/21/2024,12:02:50,7.47817,30.199711
2/21/2024,12:02:50,7.52817,30.159711
2/21/2024,12:02:50,7.588169999,30.099711
2/21/2024,12:02:51,7.638169999,30.049711
2/21/2024,12:02:51,7.68817,29.989711
2/21/2024,12:02:51,7.758169999,29.949711
2/21/2024,12:02:51,7.81817,29.919711
2/21/2024,12:02:51,7.888169999,29.879711
2/21/2024,12:02:52,7.93817,29.839711
2/21/2024,12:02:52,7.97817,29.779711
2/21/2024,12:02:52,8.02817,29.719711
2/21/2024,12:02:52,8.07817,29.679711
2/21/2024,12:02:52,8.138169999,29.639711
2/21/2024,12:02:53,8.18817,29.589711
2/21/2024,12:02:53,8.23817,29.539711
2/21/2024,12:02:53,8.28817,29.499711
2/21/2024,12:02:53,8.348169999,29.459711
2/21/2024,12:02:53,8.40817,29.419711
2/21/2024,12:02:54,8.45817,29.379711
2/21/2024,12:02:54,8.508169999,29.339711
2/21/2024,12:02:54,8.548169999,29.279711
2/21/2024,12:02:54,8.60817,29.229711
2/21/2024,12:02:54,8.65817,29.189711
2/21/2024,12:02:55,8.718169999,29.159711
2/21/2024,12:02:55,8.758169999,29.119711
2/21/2024,12:02:55,8.78817,29.069711
2/21/2024,12:02:55,8.81817,29.019711
2/21/2024,12:02:55,8.85817,28.989711
2/21/2024,12:02:56,8.89817,28.959711
2/21/2024,12:02:56,8.94817,28.929711
2/21/2024,12:02:56,8.97817,28.909711
2/21/2024,12:02:56,8.99817,28.879711
2/21/2024,12:02:56,9.018169999,28.839711
2/21/2024,12:02:57,9.02817,28.799711
2/21/2024,12:02:57,9.048169999,28.779711
2/21/2024,12:02:57,9.06817,28.749711
2/21/2024,12:02:57,9.088169999,28.729711
2/21/2024,12:02:57,9.098169999,28.689711
2/21/2024,12:02:58,9.098169999,28.659711
2/21/2024,12:02:58,9.10817,28.639711
2/21/2024,12:02:58,9.11817,28.619711
2/21/2024,12:02:58,9.128169999,28.599711
2/21/2024,12:02:58,9.138169999,28.589711
2/21/2024,12:02:59,9.128169999,28.569711
2/21/2024,12:02:59,9.128169999,28.549711
2/21/2024,12:02:59,9.128169999,28.519711
2/21/2024,12:02:59,9.11817,28.499711
2/21/2024,12:02:59,9.098169999,28.479711
2/21/2024,12:03:00,9.088169999,28.459711
2/21/2024,12:03:00,9.07817,28.439711
2/21/2024,12:03:00,9.058169999,28.419711
2/21/2024,12:03:00,9.03817,28.409711
2/21/2024,12:03:00,9.018169999,28.399711
2/21/2024,12:03:01,8.98817,28.379711
2/21/2024,12:03:01,8.95817,28.369711
2/21/2024,12:03:01,8.928169999,28.359711
2/21/2024,12:03:01,8.89817,28.339711
2/21/2024,12:03:01,8.86817,28.329711
2/21/2024,12:03:02,8.82817,28.309711
2/21/2024,12:03:02,8.78817,28.309711
2/21/2024,12:03:02,8.74817,28.299711
2/21/2024,12:03:02,8.70817,28.279711
2/21/2024,12:03:02,8.65817,28.279711
2/21/2024,12:03:03,8.598169999,28.269711
2/21/2024,12:03:03,8.558169999,28.249711
2/21/2024,12:03:03,8.508169999,28.239711
2/21/2024,12:03:03,8.44817,28.229711
2/21/2024,12:03:03,8.39817,28.219711
2/21/2024,12:03:04,8.338169999,28.219711
2/21/2024,12:03:04,8.27817,28.209711
2/21/2024,12:03:04,8.20817,28.189711
2/21/2024,12:03:04,8.14817,28.169711
2/21/2024,12:03:04,8.07817,28.149711
2/21/2024,12:03:05,8.008169999,28.149711
2/21/2024,12:03:05,7.928169999,28.139711
2/21/2024,12:03:05,7.85817,28.129711
2/21/2024,12:03:05,7.78817,28.099711
2/21/2024,12:03:05,7.70817,28.079711
2/21/2024,12:03:06,7.628169999,28.069711
2/21/2024,12:03:06,7.548169999,28.059711
2/21/2024,12:03:06,7.468169999,28.039711
2/21/2024,12:03:06,7.39817,28.009711
2/21/2024,12:03:06,7.308169999,27.989711
2/21/2024,12:03:07,7.22817,27.969711
2/21/2024,12:03:07,7.138169999,27.959711
2/21/2024,12:03:07,7.048169999,27.929711
2/21/2024,12:03:07,6.968169999,27.889711
2/21/2024,12:03:07,6.878169999,27.859711
2/21/2024,12:03:08,6.77817,27.839711
2/21/2024,12:03:08,6.678169999,27.819711
2/21/2024,12:03:08,6.598169999,27.779711
2/21/2024,12:03:08,6.508169999,27.739711
2/21/2024,12:03:08,6.40817,27.699711
2/21/2024,12:03:09,6.308169999,27.679711
2/21/2024,12:03:09,6.218169999,27.649711
2/21/2024,12:03:09,6.128169999,27.599711
2/21/2024,12:03:09,6.02817,27.549711
2/21/2024,12:03:09,5.93817,27.519711
2/21/2024,12:03:10,5.838169999,27.479711
2/21/2024,12:03:10,5.74817,27.429711
2/21/2024,12:03:10,5.65817,27.369711
2/21/2024,12:03:10,5.558169999,27.319711
2/21/2024,12:03:10,5.44817,27.289711
2/21/2024,12:03:11,5.348169999,27.239711
2/21/2024,12:03:11,5.258169999,27.179711
2/21/2024,12:03:11,5.15817,27.119711
2/21/2024,12:03:11,5.048169999,27.079711
2/21/2024,12:03:11,4.93817,27.019711
2/21/2024,12:03:12,4.848169999,26.939711
2/21/2024,12:03:12,4.74817,26.869711
2/21/2024,12:03:12,4.64817,26.809711
2/21/2024,12:03:12,4.548169999,26.749711
2/21/2024,12:03:12,4.44817,26.669711
2/21/2024,12:03:13,4.338169999,26.589711
2/21/2024,12:03:13,4.218169999,26.529711
2/21/2024,12:03:13,4.11817,26.449711
2/21/2024,12:03:13,4.018169999,26.359711
2/21/2024,12:03:13,3.90817,26.269711
2/21/2024,12:03:14,3.798169999,26.189711
2/21/2024,12:03:14,3.68817,26.099711
2/21/2024,12:03:14,3.588169999,25.999711
2/21/2024,12:03:14,3.47817,25.909711
2/21/2024,12:03:14,3.35817,25.819711
2/21/2024,12:03:15,3.258169999,25.719711
2/21/2024,12:03:15,3.14817,25.609711
2/21/2024,12:03:15,3.03817,25.519711
2/21/2024,12:03:15,2.928169999,25.409711
2/21/2024,12:03:15,2.81817,25.309711
2/21/2024,12:03:16,2.70817,25.199711
2/21/2024,12:03:16,2.598169999,25.089711
2/21/2024,12:03:16,2.48817,24.979711
2/21/2024,12:03:16,2.378169999,24.859711
2/21/2024,12:03:16,2.27817,24.739711
2/21/2024,12:03:17,2.168169999,24.619711
2/21/2024,12:03:17,2.058169999,24.499711
2/21/2024,12:03:17,1.94817,24.379711
2/21/2024,12:03:17,1.848169999,24.249711
2/21/2024,12:03:17,1.74817,24.129711
2/21/2024,12:03:18,1.638169999,24.009711
2/21/2024,12:03:18,1.53817,23.889711
2/21/2024,12:03:18,1.43817,23.759711
2/21/2024,12:03:18,1.338169999,23.639711
2/21/2024,12:03:18,1.23817,23.509711
2/21/2024,12:03:19,1.14817,23.389711
2/21/2024,12:03:19,1.058169999,23.259711
2/21/2024,12:03:19,0.95817,23.129711
2/21/2024,12:03:19,0.86817,23.009711
2/21/2024,12:03:19,0.77817,22.879711
2/21/2024,12:03:20,0.68817,22.749711
2/21/2024,12:03:20,0.598169999,22.619711
2/21/2024,12:03:20,0.518169999,22.479711
2/21/2024,12:03:20,0.43817,22.349711
2/21/2024,12:03:20,0.35817,22.209711
2/21/2024,12:03:21,0.28817,22.079711
2/21/2024,12:03:21,0.20817,21.939711
2/21/2024,12:03:21,0.128169999,21.819711
2/21/2024,12:03:21,0.048169999,21.679711
2/21/2024,12:03:21,-0.01183,21.549711
2/21/2024,12:03:22,-0.081830001,21.409711
2/21/2024,12:03:22,-0.14183,21.279711
2/21/2024,12:03:22,-0.22183,21.139711
2/21/2024,12:03:22,-0.281830001,21.009711
2/21/2024,12:03:22,-0.34183,20.869711
2/21/2024,12:03:23,-0.39183,20.739711
2/21/2024,12:03:23,-0.441830001,20.599711
2/21/2024,12:03:23,-0.50183,20.459711
2/21/2024,12:03:23,-0.56183,20.329711
2/21/2024,12:03:23,-0.611830001,20.189711
2/21/2024,12:03:24,-0.651830001,20.059711
2/21/2024,12:03:24,-0.701830001,19.919711
2/21/2024,12:03:24,-0.731830001,19.779711
2/21/2024,12:03:24,-0.77183,19.639711
2/21/2024,12:03:24,-0.821830001,19.509711
2/21/2024,12:03:25,-0.861830001,19.359711
2/21/2024,12:03:25,-0.901830001,19.219711
2/21/2024,12:03:25,-0.93183,19.079711
2/21/2024,12:03:25,-0.96183,18.929711
2/21/2024,12:03:25,-0.991830001,18.789711
2/21/2024,12:03:26,-1.01183,18.649711
2/21/2024,12:03:26,-1.04183,18.499711
2/21/2024,12:03:26,-1.06183,18.349711
2/21/2024,12:03:26,-1.071830001,18.199711
2/21/2024,12:03:26,-1.09183,18.059711
2/21/2024,12:03:27,-1.10183,17.909711
2/21/2024,12:03:27,-1.121830001,17.759711
2/21/2024,12:03:27,-1.13183,17.619711
2/21/2024,12:03:27,-1.14183,17.469711
2/21/2024,12:03:27,-1.151830001,17.319711
2/21/2024,12:03:28,-1.151830001,17.169711
2/21/2024,12:03:28,-1.151830001,17.019711
2/21/2024,12:03:28,-1.151830001,16.869711
2/21/2024,12:03:28,-1.151830001,16.719711
2/21/2024,12:03:28,-1.14183,16.569711
2/21/2024,12:03:29,-1.14183,16.419711
2/21/2024,12:03:29,-1.13183,16.269711
2/21/2024,12:03:29,-1.121830001,16.119711
2/21/2024,12:03:29,-1.10183,15.969711
2/21/2024,12:03:29,-1.09183,15.819711
2/21/2024,12:03:30,-1.071830001,15.669711
2/21/2024,12:03:30,-1.05183,15.509711
2/21/2024,12:03:30,-1.04183,15.359711
2/21/2024,12:03:30,-1.01183,15.209711
2/21/2024,12:03:30,-0.991830001,15.059711
2/21/2024,12:03:31,-0.951830001,14.909711
2/21/2024,12:03:31,-0.93183,14.749711
2/21/2024,12:03:31,-0.89183,14.599711
2/21/2024,12:03:31,-0.861830001,14.439711
2/21/2024,12:03:31,-0.821830001,14.289711
2/21/2024,12:03:32,-0.781830001,14.129711
2/21/2024,12:03:32,-0.741830001,13.969711
2/21/2024,12:03:32,-0.691830001,13.819711
2/21/2024,12:03:32,-0.64183,13.659711
2/21/2024,12:03:32,-0.60183,13.509711
2/21/2024,12:03:33,-0.55183,13.359711
2/21/2024,12:03:33,-0.50183,13.199711
2/21/2024,12:03:33,-0.46183,13.049711
2/21/2024,12:03:33,-0.401830001,12.899711
2/21/2024,12:03:33,-0.35183,12.739711
2/21/2024,12:03:34,-0.281830001,12.579711
2/21/2024,12:03:34,-0.22183,12.429711
2/21/2024,12:03:34,-0.151830001,12.279711
2/21/2024,12:03:34,-0.081830001,12.119711
2/21/2024,12:03:34,-0.01183,11.969711
2/21/2024,12:03:35,0.048169999,11.819711
2/21/2024,12:03:35,0.10817,11.669711
2/21/2024,12:03:35,0.168169999,11.529711
2/21/2024,12:03:35,0.23817,11.379711
2/21/2024,12:03:35,0.298169999,11.239711
2/21/2024,12:03:36,0.36817,11.089711
2/21/2024,12:03:36,0.43817,10.949711
2/21/2024,12:03:36,0.518169999,10.819711
2/21/2024,12:03:36,0.588169999,10.679711
2/21/2024,12:03:36,0.65817,10.539711
2/21/2024,12:03:37,0.72817,10.409711
2/21/2024,12:03:37,0.798169999,10.279711
2/21/2024,12:03:37,0.86817,10.149711
2/21/2024,12:03:37,0.93817,10.009711
2/21/2024,12:03:37,0.99817,9.879711
2/21/2024,12:03:38,1.06817,9.749711
2/21/2024,12:03:38,1.138169999,9.629711
2/21/2024,12:03:38,1.20817,9.499711
2/21/2024,12:03:38,1.27817,9.379711
2/21/2024,12:03:38,1.348169999,9.249711
2/21/2024,12:03:39,1.418169999,9.129711
2/21/2024,12:03:39,1.49817,9.009711
2/21/2024,12:03:39,1.56817,8.899711
2/21/2024,12:03:39,1.628169999,8.779711
2/21/2024,12:03:39,1.69817,8.659711
2/21/2024,12:03:40,1.768169999,8.549711
2/21/2024,12:03:40,1.838169999,8.439711
2/21/2024,12:03:40,1.90817,8.329711
2/21/2024,12:03:40,1.968169999,8.219711
2/21/2024,12:03:40,2.03817,8.109711
2/21/2024,12:03:41,2.098169999,8.009711
2/21/2024,12:03:41,2.168169999,7.899711
2/21/2024,12:03:41,2.23817,7.799711
2/21/2024,12:03:41,2.298169999,7.699711
2/21/2024,12:03:41,2.36817,7.599711
2/21/2024,12:03:42,2.43817,7.509711
2/21/2024,12:03:42,2.49817,7.409711
2/21/2024,12:03:42,2.56817,7.309711
2/21/2024,12:03:42,2.628169999,7.219711
2/21/2024,12:03:42,2.68817,7.119711
2/21/2024,12:03:43,2.74817,7.019711
2/21/2024,12:03:43,2.798169999,6.929711
2/21/2024,12:03:43,2.86817,6.849711
2/21/2024,12:03:43,2.928169999,6.759711
2/21/2024,12:03:43,2.99817,6.679711
2/21/2024,12:03:44,3.058169999,6.599711
2/21/2024,12:03:44,3.11817,6.509711
2/21/2024,12:03:44,3.178169999,6.429711
2/21/2024,12:03:44,3.23817,6.349711
2/21/2024,12:03:44,3.298169999,6.259711
2/21/2024,12:03:45,3.35817,6.179711
2/21/2024,12:03:45,3.418169999,6.109711
2/21/2024,12:03:45,3.47817,6.019711
2/21/2024,12:03:45,3.52817,5.939711
2/21/2024,12:03:45,3.588169999,5.869711
2/21/2024,12:03:46,3.65817,5.799711
2/21/2024,12:03:46,3.70817,5.719711
2/21/2024,12:03:46,3.758169999,5.639711
2/21/2024,12:03:46,3.808169999,5.569711
2/21/2024,12:03:46,3.888169999,5.509711
2/21/2024,12:03:47,3.93817,5.439711
2/21/2024,12:03:47,3.98817,5.359711
2/21/2024,12:03:47,4.03817,5.299711
2/21/2024,12:03:47,4.10817,5.249711
2/21/2024,12:03:47,4.178169999,5.189711
2/21/2024,12:03:48,4.22817,5.109711
2/21/2024,12:03:48,4.27817,5.029711
2/21/2024,12:03:48,4.32817,4.969711
2/21/2024,12:03:48,4.388169999,4.919711
2/21/2024,12:03:48,4.43817,4.849711
2/21/2024,12:03:49,4.48817,4.779711
2/21/2024,12:03:49,4.53817,4.719711
2/21/2024,12:03:49,4.60817,4.679711
2/21/2024,12:03:49,4.678169999,4.629711
2/21/2024,12:03:49,4.718169999,4.569711
2/21/2024,12:03:50,4.768169999,4.499711
2/21/2024,12:03:50,4.81817,4.439711
2/21/2024,12:03:50,4.878169999,4.389711
2/21/2024,12:03:50,4.93817,4.339711
2/21/2024,12:03:50,4.97817,4.269711
2/21/2024,12:03:51,5.018169999,4.209711
2/21/2024,12:03:51,5.06817,4.159711
2/21/2024,12:03:51,5.128169999,4.119711
2/21/2024,12:03:51,5.18817,4.079711
2/21/2024,12:03:51,5.22817,4.029711
2/21/2024,12:03:52,5.268169999,3.969711
2/21/2024,12:03:52,5.31817,3.919711
2/21/2024,12:03:52,5.388169999,3.879711
2/21/2024,12:03:52,5.44817,3.839711
2/21/2024,12:03:52,5.48817,3.799711
2/21/2024,12:03:53,5.52817,3.739711
2/21/2024,12:03:53,5.56817,3.679711
2/21/2024,12:03:53,5.628169999,3.649711
2/21/2024,12:03:53,5.678169999,3.619711
2/21/2024,12:03:53,5.72817,3.569711
2/21/2024,12:03:54,5.768169999,3.509711
2/21/2024,12:03:54,5.81817,3.449711
2/21/2024,12:03:54,5.85817,3.419711
2/21/2024,12:03:54,5.918169999,3.389711
2/21/2024,12:03:54,5.97817,3.359711
2/21/2024,12:03:55,6.02817,3.319711
2/21/2024,12:03:55,6.06817,3.269711
2/21/2024,12:03:55,6.10817,3.229711
2/21/2024,12:03:55,6.168169999,3.199711
2/21/2024,12:03:55,6.218169999,3.169711
2/21/2024,12:03:56,6.258169999,3.119711
2/21/2024,12:03:56,6.298169999,3.069711
2/21/2024,12:03:56,6.348169999,3.019711
2/21/2024,12:03:56,6.39817,2.999711
2/21/2024,12:03:56,6.44817,2.969711
2/21/2024,12:03:57,6.508169999,2.939711
2/21/2024,12:03:57,6.548169999,2.899711
2/21/2024,12:03:57,6.588169999,2.859711
2/21/2024,12:03:57,6.628169999,2.819711
2/21/2024,12:03:57,6.678169999,2.799711
2/21/2024,12:03:58,6.72817,2.769711
2/21/2024,12:03:58,6.77817,2.729711
2/21/2024,12:03:58,6.808169999,2.679711
2/21/2024,12:03:58,6.85817,2.639711
2/21/2024,12:03:58,6.89817,2.619711
2/21/2024,12:03:59,6.95817,2.599711
2/21/2024,12:03:59,7.008169999,2.579711
2/21/2024,12:03:59,7.048169999,2.539711
2/21/2024,12:03:59,7.088169999,2.499711
2/21/2024,12:03:59,7.128169999,2.469711
2/21/2024,12:04:00,7.18817,2.439711
2/21/2024,12:04:00,7.23817,2.429711
2/21/2024,12:04:00,7.27817,2.399711
2/21/2024,12:04:00,7.31817,2.359711
2/21/2024,12:04:00,7.35817,2.329711
2/21/2024,12:04:01,7.39817,2.309711
2/21/2024,12:04:01,7.44817,2.289711
2/21/2024,12:04:01,7.48817,2.269711
2/21/2024,12:04:01,7.52817,2.229711
2/21/2024,12:04:01,7.56817,2.199711
2/21/2024,12:04:02,7.61817,2.169711
2/21/2024,12:04:02,7.65817,2.159711
2/21/2024,12:04:02,7.70817,2.149711
2/21/2024,12:04:02,7.758169999,2.129711
2/21/2024,12:04:02,7.798169999,2.099711
2/21/2024,12:04:03,7.838169999,2.069711
2/21/2024,12:04:03,7.878169999,2.039711
2/21/2024,12:04:03,7.90817,2.019711
2/21/2024,12:04:03,7.94817,1.999711
2/21/2024,12:04:03,7.98817,1.979711
2/21/2024,12:04:04,8.018169999,1.939711
2/21/2024,12:04:04,8.048169999,1.919711
2/21/2024,12:04:04,8.098169999,1.909711
2/21/2024,12:04:04,8.128169999,1.899711
2/21/2024,12:04:04,8.15817,1.889711
2/21/2024,12:04:05,8.18817,1.869711
2/21/2024,12:04:05,8.218169999,1.839711
2/21/2024,12:04:05,8.23817,1.819711
2/21/2024,12:04:05,8.268169999,1.799711
2/21/2024,12:04:05,8.298169999,1.779711
2/21/2024,12:04:06,8.32817,1.749711
2/21/2024,12:04:06,8.35817,1.729711
2/21/2024,12:04:06,8.378169999,1.719711
2/21/2024,12:04:06,8.40817,1.699711
2/21/2024,12:04:06,8.43817,1.689711
2/21/2024,12:04:07,8.468169999,1.669711
2/21/2024,12:04:07,8.48817,1.649711
2/21/2024,12:04:07,8.518169999,1.629711
2/21/2024,12:04:07,8.548169999,1.609711
2/21/2024,12:04:07,8.56817,1.589711
2/21/2024,12:04:08,8.598169999,1.579711
2/21/2024,12:04:08,8.628169999,1.559711
2/21/2024,12:04:08,8.64817,1.529711
2/21/2024,12:04:08,8.668169999,1.509711
2/21/2024,12:04:08,8.68817,1.489711
2/21/2024,12:04:09,8.70817,1.479711
2/21/2024,12:04:09,8.72817,1.469711
2/21/2024,12:04:09,8.74817,1.459711
2/21/2024,12:04:09,8.768169999,1.439711
2/21/2024,12:04:09,8.78817,1.429711
2/21/2024,12:04:10,8.808169999,1.409711
2/21/2024,12:04:10,8.82817,1.389711
2/21/2024,12:04:10,8.848169999,1.369711
2/21/2024,12:04:10,8.85817,1.349711
2/21/2024,12:04:10,8.878169999,1.339711
2/21/2024,12:04:11,8.89817,1.329711
2/21/2024,12:04:11,8.918169999,1.319711
2/21/2024,12:04:11,8.93817,1.299711
2/21/2024,12:04:11,8.94817,1.279711
2/21/2024,12:04:11,8.968169999,1.259711
2/21/2024,12:04:12,8.97817,1.239711
2/21/2024,12:04:12,8.99817,1.219711
2/21/2024,12:04:12,9.008169999,1.199711
2/21/2024,12:04:12,9.02817,1.189711
2/21/2024,12:04:12,9.048169999,1.189711
2/21/2024,12:04:13,9.06817,1.179711
2/21/2024,12:04:13,9.07817,1.169711
2/21/2024,12:04:13,9.088169999,1.159711
2/21/2024,12:04:13,9.10817,1.139711
2/21/2024,12:04:13,9.11817,1.119711
2/21/2024,12:04:14,9.138169999,1.089711
2/21/2024,12:04:14,9.14817,1.079711
2/21/2024,12:04:14,9.168169999,1.059711
2/21/2024,12:04:14,9.178169999,1.049711
2/21/2024,12:04:14,9.19817,1.049711
2/21/2024,12:04:15,9.20817,1.039711
2/21/2024,12:04:15,9.22817,1.029711
2/21/2024,12:04:15,9.23817,1.019711
2/21/2024,12:04:15,9.24817,0.999711
2/21/2024,12:04:15,9.258169999,0.979711
2/21/2024,12:04:16,9.268169999,0.949711
2/21/2024,12:04:16,9.28817,0.929711
2/21/2024,12:04:16,9.298169999,0.919711
2/21/2024,12:04:16,9.31817,0.909711
2/21/2024,12:04:16,9.32817,0.909711
2/21/2024,12:04:17,9.338169999,0.899711
2/21/2024,12:04:17,9.348169999,0.889711
2/21/2024,12:04:17,9.36817,0.879711
2/21/2024,12:04:17,9.378169999,0.859711
2/21/2024,12:04:17,9.388169999,0.849711
2/21/2024,12:04:18,9.39817,0.819711
2/21/2024,12:04:18,9.40817,0.799711
2/21/2024,12:04:18,9.418169999,0.789711
2/21/2024,12:04:18,9.428169999,0.769711
2/21/2024,12:04:18,9.43817,0.759711
2/21/2024,12:04:19,9.45817,0.749711
2/21/2024,12:04:19,9.468169999,0.739711
2/21/2024,12:04:19,9.48817,0.729711
2/21/2024,12:04:19,9.49817,0.719711
2/21/2024,12:04:19,9.508169999,0.699711
2/21/2024,12:04:20,9.518169999,0.689711
2/21/2024,12:04:20,9.52817,0.669711
2/21/2024,12:04:20,9.52817,0.659711
2/21/2024,12:04:20,9.548169999,0.639711
2/21/2024,12:04:20,9.558169999,0.619711
2/21/2024,12:04:21,9.558169999,0.609711
2/21/2024,12:04:21,9.56817,0.589711
2/21/2024,12:04:21,9.57817,0.569711
2/21/2024,12:04:21,9.588169999,0.559711
2/21/2024,12:04:21,9.598169999,0.539711
2/21/2024,12:04:22,9.61817,0.529711
2/21/2024,12:04:22,9.638169999,0.529711
2/21/2024,12:04:22,9.64817,0.519711
2/21/2024,12:04:22,9.64817,0.519711
2/21/2024,12:04:22,9.65817,0.499711
2/21/2024,12:04:23,9.668169999,0.479711
2/21/2024,12:04:23,9.678169999,0.459711
2/21/2024,12:04:23,9.678169999,0.439711
2/21/2024,12:04:23,9.68817,0.409711
2/21/2024,12:04:23,9.69817,0.389711
2/21/2024,12:04:24,9.718169999,0.379711
2/21/2024,12:04:24,9.73817,0.379711
2/21/2024,12:04:24,9.74817,0.379711
2/21/2024,12:04:24,9.768169999,0.379711
2/21/2024,12:04:24,9.798169999,0.369711
2/21/2024,12:04:25,9.808169999,0.359711
2/21/2024,12:04:25,9.838169999,0.339711
2/21/2024,12:04:25,9.86817,0.319711
2/21/2024,12:04:25,9.888169999,0.289711
2/21/2024,12:04:25,9.918169999,0.259711
2/21/2024,12:04:26,9.94817,0.239711
2/21/2024,12:04:26,9.97817,0.239711
2/21/2024,12:04:26,10.02817,0.239711
2/21/2024,12:04:26,10.06817,0.229711
2/21/2024,12:04:26,10.09817,0.219711
2/21/2024,12:04:27,10.13817,0.209711
2/21/2024,12:04:27,10.17817,0.189711
2/21/2024,12:04:27,10.20817,0.179711
2/21/2024,12:04:27,10.23817,0.159711
2/21/2024,12:04:27,10.26817,0.139711
2/21/2024,12:04:28,10.30817,0.119711
2/21/2024,12:04:28,10.32817,0.109711
2/21/2024,12:04:28,10.35817,0.099711
2/21/2024,12:04:28,10.37817,0.089711
2/21/2024,12:04:28,10.40817,0.079711
2/21/2024,12:04:29,10.42817,0.069711
2/21/2024,12:04:29,10.44817,0.049711
2/21/2024,12:04:29,10.47817,0.049711
2/21/2024,12:04:29,10.49817,0.039711
2/21/2024,12:04:29,10.51817,0.029711
2/21/2024,12:04:30,10.52817,0.009711
2/21/2024,12:04:30,10.54817,-0.000289
2/21/2024,12:04:30,10.56817,-0.020289
2/21/2024,12:04:30,10.58817,-0.030289
2/21/2024,12:04:30,10.59817,-0.050289
2/21/2024,12:04:31,10.61817,-0.060289
2/21/2024,12:04:31,10.63817,-0.070289
2/21/2024,12:04:31,10.65817,-0.080289
2/21/2024,12:04:31,10.67817,-0.090289
2/21/2024,12:04:31,10.69817,-0.110289
2/21/2024,12:04:32,10.70817,-0.120289
2/21/2024,12:04:32,10.72817,-0.130289
2/21/2024,12:04:32,10.74817,-0.140289
2/21/2024,12:04:32,10.75817,-0.150289
2/21/2024,12:04:32,10.77817,-0.160289
2/21/2024,12:04:33,10.78817,-0.170289
2/21/2024,12:04:33,10.80817,-0.190289
2/21/2024,12:04:33,10.81817,-0.200289
2/21/2024,12:04:33,10.82817,-0.220289
2/21/2024,12:04:33,10.84817,-0.230289
2/21/2024,12:04:34,10.86817,-0.240289
2/21/2024,12:04:34,10.87817,-0.250289
2/21/2024,12:04:34,10.89817,-0.250289
2/21/2024,12:04:34,10.90817,-0.260289
2/21/2024,12:04:34,10.91817,-0.270289
2/21/2024,12:04:35,10.91817,-0.290289
2/21/2024,12:04:35,10.91817,-0.300289
2/21/2024,12:04:35,10.91817,-0.310289
2/21/2024,12:04:35,10.91817,-0.320289
2/21/2024,12:04:35,10.91817,-0.340289
2/21/2024,12:04:36,10.91817,-0.350289
2/21/2024,12:04:36,10.91817,-0.370289
2/21/2024,12:04:36,10.91817,-0.370289
2/21/2024,12:04:36,10.90817,-0.370289
2/21/2024,12:04:36,10.89817,-0.380289
2/21/2024,12:04:37,10.89817,-0.390289
2/21/2024,12:04:37,10.87817,-0.400289
2/21/2024,12:04:37,10.86817,-0.410289
2/21/2024,12:04:37,10.84817,-0.430289
2/21/2024,12:04:37,10.82817,-0.450289
2/21/2024,12:04:38,10.79817,-0.460289
2/21/2024,12:04:38,10.77817,-0.480289
2/21/2024,12:04:38,10.75817,-0.480289
2/21/2024,12:04:38,10.73817,-0.480289
2/21/2024,12:04:38,10.70817,-0.490289
2/21/2024,12:04:39,10.68817,-0.490289
2/21/2024,12:04:39,10.66817,-0.500289
2/21/2024,12:04:39,10.64817,-0.500289
2/21/2024,12:04:39,10.61817,-0.510289
2/21/2024,12:04:39,10.58817,-0.520289
2/21/2024,12:04:40,10.56817,-0.530289
2/21/2024,12:04:40,10.53817,-0.540289
2/21/2024,12:04:40,10.51817,-0.560289
2/21/2024,12:04:40,10.48817,-0.580289
2/21/2024,12:04:40,10.45817,-0.590289
2/21/2024,12:04:41,10.42817,-0.600289
2/21/2024,12:04:41,10.39817,-0.610289
2/21/2024,12:04:41,10.36817,-0.610289
2/21/2024,12:04:41,10.33817,-0.610289
2/21/2024,12:04:41,10.30817,-0.600289
2/21/2024,12:04:42,10.26817,-0.600289
2/21/2024,12:04:42,10.22817,-0.610289
2/21/2024,12:04:42,10.18817,-0.610289
2/21/2024,12:04:42,10.13817,-0.620289
2/21/2024,12:04:42,10.08817,-0.640289
2/21/2024,12:04:43,10.03817,-0.660289
2/21/2024,12:04:43,9.98817,-0.670289
2/21/2024,12:04:43,9.93817,-0.670289
2/21/2024,12:04:43,9.878169999,-0.660289
2/21/2024,12:04:43,9.81817,-0.650289
2/21/2024,12:04:44,9.77817,-0.640289
2/21/2024,12:04:44,9.718169999,-0.620289
2/21/2024,12:04:44,9.65817,-0.600289
2/21/2024,12:04:44,9.60817,-0.590289
2/21/2024,12:04:44,9.548169999,-0.600289
2/21/2024,12:04:45,9.47817,-0.610289
2/21/2024,12:04:45,9.40817,-0.620289
2/21/2024,12:04:45,9.338169999,-0.630289
2/21/2024,12:04:45,9.27817,-0.620289
2/21/2024,12:04:45,9.22817,-0.600289
2/21/2024,12:04:46,9.168169999,-0.590289
2/21/2024,12:04:46,9.11817,-0.580289
2/21/2024,12:04:46,9.07817,-0.570289
2/21/2024,12:04:46,9.02817,-0.550289
2/21/2024,12:04:46,8.968169999,-0.520289
2/21/2024,12:04:47,8.918169999,-0.520289
2/21/2024,12:04:47,8.86817,-0.530289
2/21/2024,12:04:47,8.798169999,-0.540289
2/21/2024,12:04:47,8.72817,-0.550289
2/21/2024,12:04:47,8.668169999,-0.560289
2/21/2024,12:04:48,8.61817,-0.540289
2/21/2024,12:04:48,8.558169999,-0.520289
2/21/2024,12:04:48,8.518169999,-0.500289
2/21/2024,12:04:48,8.47817,-0.490289
2/21/2024,12:04:48,8.428169999,-0.480289
2/21/2024,12:04:49,8.378169999,-0.470289
2/21/2024,12:04:49,8.32817,-0.450289
2/21/2024,12:04:49,8.27817,-0.430289
2/21/2024,12:04:49,8.218169999,-0.440289
2/21/2024,12:04:49,8.15817,-0.440289
2/21/2024,12:04:50,8.098169999,-0.440289
2/21/2024,12:04:50,8.048169999,-0.430289
2/21/2024,12:04:50,7.99817,-0.420289
2/21/2024,12:04:50,7.94817,-0.400289
2/21/2024,12:04:50,7.90817,-0.380289
2/21/2024,12:04:51,7.85817,-0.370289
2/21/2024,12:04:51,7.81817,-0.350289
2/21/2024,12:04:51,7.77817,-0.340289
2/21/2024,12:04:51,7.73817,-0.330289
2/21/2024,12:04:51,7.70817,-0.320289
2/21/2024,12:04:52,7.668169999,-0.320289
2/21/2024,12:04:52,7.61817,-0.320289
2/21/2024,12:04:52,7.57817,-0.330289
2/21/2024,12:04:52,7.53817,-0.330289
2/21/2024,12:04:52,7.508169999,-0.320289
2/21/2024,12:04:53,7.47817,-0.320289
2/21/2024,12:04:53,7.43817,-0.310289
2/21/2024,12:04:53,7.418169999,-0.300289
2/21/2024,12:04:53,7.388169999,-0.290289
2/21/2024,12:04:53,7.35817,-0.280289
2/21/2024,12:04:54,7.32817,-0.270289
2/21/2024,12:04:54,7.298169999,-0.270289
2/21/2024,12:04:54,7.268169999,-0.270289
2/21/2024,12:04:54,7.22817,-0.270289
2/21/2024,12:04:54,7.18817,-0.270289
2/21/2024,12:04:55,7.15817,-0.270289
2/21/2024,12:04:55,7.128169999,-0.270289
2/21/2024,12:04:55,7.098169999,-0.250289
2/21/2024,12:04:55,7.07817,-0.250289
2/21/2024,12:04:55,7.048169999,-0.240289
2/21/2024,12:04:56,7.018169999,-0.230289
2/21/2024,12:04:56,6.97817,-0.230289
2/21/2024,12:04:56,6.94817,-0.230289
2/21/2024,12:04:56,6.918169999,-0.230289
2/21/2024,12:04:56,6.878169999,-0.230289
2/21/2024,12:04:57,6.848169999,-0.230289
2/21/2024,12:04:57,6.808169999,-0.230289
2/21/2024,12:04:57,6.78817,-0.220289
2/21/2024,12:04:57,6.758169999,-0.220289
2/21/2024,12:04:57,6.718169999,-0.210289
2/21/2024,12:04:58,6.68817,-0.200289
2/21/2024,12:04:58,6.65817,-0.190289
2/21/2024,12:04:58,6.628169999,-0.190289
2/21/2024,12:04:58,6.588169999,-0.180289
2/21/2024,12:04:58,6.548169999,-0.170289
2/21/2024,12:04:59,6.508169999,-0.170289
2/21/2024,12:04:59,6.468169999,-0.170289
2/21/2024,12:04:59,6.428169999,-0.170289
2/21/2024,12:04:59,6.388169999,-0.160289
2/21/2024,12:04:59,6.348169999,-0.150289
2/21/2024,12:05:00,6.31817,-0.150289
2/21/2024,12:05:00,6.28817,-0.130289
2/21/2024,12:05:00,6.258169999,-0.120289
2/21/2024,12:05:00,6.22817,-0.120289
2/21/2024,12:05:00,6.18817,-0.110289
2/21/2024,12:05:01,6.14817,-0.110289
2/21/2024,12:05:01,6.10817,-0.110289
2/21/2024,12:05:01,6.06817,-0.100289
2/21/2024,12:05:01,6.02817,-0.100289
2/21/2024,12:05:01,5.98817,-0.100289
2/21/2024,12:05:02,5.95817,-0.090289
2/21/2024,12:05:02,5.928169999,-0.070289
2/21/2024,12:05:02,5.89817,-0.070289
2/21/2024,12:05:02,5.86817,-0.060289
2/21/2024,12:05:02,5.82817,-0.060289
2/21/2024,12:05:03,5.798169999,-0.050289
2/21/2024,12:05:03,5.768169999,-0.050289
2/21/2024,12:05:03,5.72817,-0.050289
2/21/2024,12:05:03,5.68817,-0.050289
2/21/2024,12:05:03,5.64817,-0.040289
2/21/2024,12:05:04,5.60817,-0.040289
2/21/2024,12:05:04,5.57817,-0.030289
2/21/2024,12:05:04,5.548169999,-0.020289
2/21/2024,12:05:04,5.508169999,-0.010289
2/21/2024,12:05:04,5.47817,-0.010289
2/21/2024,12:05:05,5.44817,-0.010289
2/21/2024,12:05:05,5.418169999,-0.000289
2/21/2024,12:05:05,5.388169999,-0.000289
2/21/2024,12:05:05,5.35817,-0.010289
2/21/2024,12:05:05,5.338169999,-0.010289
2/21/2024,12:05:06,5.31817,-0.020289
2/21/2024,12:05:06,5.28817,-0.020289
2/21/2024,12:05:06,5.268169999,-0.030289
2/21/2024,12:05:06,5.24817,-0.040289
2/21/2024,12:05:06,5.22817,-0.050289
2/21/2024,12:05:07,5.218169999,-0.060289
2/21/2024,12:05:07,5.19817,-0.070289
2/21/2024,12:05:07,5.18817,-0.080289
2/21/2024,12:05:07,5.18817,-0.100289
2/21/2024,12:05:07,5.178169999,-0.120289
2/21/2024,12:05:08,5.168169999,-0.140289
2/21/2024,12:05:08,5.15817,-0.170289
2/21/2024,12:05:08,5.15817,-0.190289
2/21/2024,12:05:08,5.15817,-0.220289
2/21/2024,12:05:08,5.168169999,-0.240289
2/21/2024,12:05:09,5.178169999,-0.270289
2/21/2024,12:05:09,5.18817,-0.310289
2/21/2024,12:05:09,5.18817,-0.340289
2/21/2024,12:05:09,5.19817,-0.380289
2/21/2024,12:05:09,5.218169999,-0.420289
2/21/2024,12:05:10,5.23817,-0.460289
2/21/2024,12:05:10,5.258169999,-0.500289
2/21/2024,12:05:10,5.28817,-0.550289
2/21/2024,12:05:10,5.31817,-0.600289
2/21/2024,12:05:10,5.348169999,-0.640289
2/21/2024,12:05:11,5.378169999,-0.700289
2/21/2024,12:05:11,5.418169999,-0.740289
2/21/2024,12:05:11,5.45817,-0.800289
2/21/2024,12:05:11,5.49817,-0.860289
2/21/2024,12:05:11,5.53817,-0.920289
2/21/2024,12:05:12,5.57817,-0.980289
2/21/2024,12:05:12,5.638169999,-1.040289
2/21/2024,12:05:12,5.69817,-1.100289
2/21/2024,12:05:12,5.74817,-1.170289
2/21/2024,12:05:12,5.78817,-1.240289
2/21/2024,12:05:13,5.85817,-1.300289
2/21/2024,12:05:13,5.928169999,-1.360289
2/21/2024,12:05:13,5.99817,-1.420289
2/21/2024,12:05:13,6.058169999,-1.490289
2/21/2024,12:05:13,6.128169999,-1.570289
2/21/2024,12:05:14,6.19817,-1.640289
2/21/2024,12:05:14,6.27817,-1.710289
2/21/2024,12:05:14,6.338169999,-1.790289
2/21/2024,12:05:14,6.418169999,-1.880289
2/21/2024,12:05:14,6.49817,-1.950289
2/21/2024,12:05:15,6.588169999,-2.010289
2/21/2024,12:05:15,6.678169999,-2.090289
2/21/2024,12:05:15,6.758169999,-2.170289
2/21/2024,12:05:15,6.848169999,-2.240289
2/21/2024,12:05:15,6.94817,-2.310289
2/21/2024,12:05:16,7.048169999,-2.390289
2/21/2024,12:05:16,7.128169999,-2.480289
2/21/2024,12:05:16,7.22817,-2.560289
2/21/2024,12:05:16,7.32817,-2.640289
2/21/2024,12:05:16,7.428169999,-2.730289
2/21/2024,12:05:17,7.52817,-2.820289
2/21/2024,12:05:17,7.64817,-2.890289
2/21/2024,12:05:17,7.758169999,-2.970289
2/21/2024,12:05:17,7.86817,-3.050289
2/21/2024,12:05:17,7.98817,-3.130289
2/21/2024,12:05:18,8.10817,-3.210289
2/21/2024,12:05:18,8.22817,-3.300289
2/21/2024,12:05:18,8.338169999,-3.390289
2/21/2024,12:05:18,8.44817,-3.480289
2/21/2024,12:05:18,8.57817,-3.560289
2/21/2024,12:05:19,8.69817,-3.650289
2/21/2024,12:05:19,8.82817,-3.730289
2/21/2024,12:05:19,8.95817,-3.810289
2/21/2024,12:05:19,9.088169999,-3.900289
2/21/2024,12:05:19,9.218169999,-3.990289
2/21/2024,12:05:20,9.348169999,-4.070289
2/21/2024,12:05:20,9.48817,-4.160289
2/21/2024,12:05:20,9.628169999,-4.240289
2/21/2024,12:05:20,9.768169999,-4.320289
2/21/2024,12:05:20,9.918169999,-4.400289
2/21/2024,12:05:21,10.05817,-4.480289
2/21/2024,12:05:21,10.19817,-4.570289
2/21/2024,12:05:21,10.34817,-4.660289
2/21/2024,12:05:21,10.48817,-4.740289
2/21/2024,12:05:21,10.63817,-4.840289
2/21/2024,12:05:22,10.78817,-4.930289
2/21/2024,12:05:22,10.94817,-5.010289
2/21/2024,12:05:22,11.09817,-5.090289
2/21/2024,12:05:22,11.25817,-5.170289
2/21/2024,12:05:22,11.42817,-5.250289
2/21/2024,12:05:23,11.58817,-5.330289
2/21/2024,12:05:23,11.75817,-5.420289
2/21/2024,12:05:23,11.90817,-5.500289
2/21/2024,12:05:23,12.07817,-5.580289
2/21/2024,12:05:23,12.23817,-5.670289
2/21/2024,12:05:24,12.40817,-5.750289
2/21/2024,12:05:24,12.57817,-5.830289
2/21/2024,12:05:24,12.74817,-5.910289
2/21/2024,12:05:24,12.91817,-5.980289
2/21/2024,12:05:24,13.09817,-6.060289
2/21/2024,12:05:25,13.27817,-6.140289
2/21/2024,12:05:25,13.45817,-6.220289
2/21/2024,12:05:25,13.62817,-6.290289
2/21/2024,12:05:25,13.80817,-6.370289
2/21/2024,12:05:25,13.98817,-6.460289
2/21/2024,12:05:26,14.16817,-6.530289
2/21/2024,12:05:26,14.34817,-6.610289
2/21/2024,12:05:26,14.52817,-6.690289
2/21/2024,12:05:26,14.71817,-6.770289
2/21/2024,12:05:26,14.89817,-6.830289
2/21/2024,12:05:27,15.08817,-6.900289
2/21/2024,12:05:27,15.27817,-6.970289
2/21/2024,12:05:27,15.46817,-7.040289
2/21/2024,12:05:27,15.64817,-7.120289
2/21/2024,12:05:27,15.83817,-7.200289
2/21/2024,12:05:28,16.02817,-7.280289
2/21/2024,12:05:28,16.21817,-7.360289
2/21/2024,12:05:28,16.39817,-7.430289
2/21/2024,12:05:28,16.59817,-7.500289
2/21/2024,12:05:28,16.78817,-7.560289
2/21/2024,12:05:29,16.98817,-7.630289
2/21/2024,12:05:29,17.17817,-7.690289
2/21/2024,12:05:29,17.37817,-7.750289
2/21/2024,12:05:29,17.56817,-7.830289
2/21/2024,12:05:29,17.75817,-7.900289
2/21/2024,12:05:30,17.95817,-7.980289
2/21/2024,12:05:30,18.15817,-8.050289
2/21/2024,12:05:30,18.35817,-8.110289
2/21/2024,12:05:30,18.55817,-8.170289
2/21/2024,12:05:30,18.75817,-8.240289
2/21/2024,12:05:31,18.95817,-8.300289
2/21/2024,12:05:31,19.14817,-8.370289
2/21/2024,12:05:31,19.34817,-8.440289
2/21/2024,12:05:31,19.54817,-8.500289
2/21/2024,12:05:31,19.75817,-8.570289
2/21/2024,12:05:32,19.95817,-8.620289
2/21/2024,12:05:32,20.15817,-8.680289
2/21/2024,12:05:32,20.36817,-8.730289
2/21/2024,12:05:32,20.58817,-8.790289
2/21/2024,12:05:32,20.78817,-8.860289
2/21/2024,12:05:33,20.98817,-8.920289
2/21/2024,12:05:33,21.19817,-8.990289
2/21/2024,12:05:33,21.40817,-9.050289
2/21/2024,12:05:33,21.61817,-9.100289
2/21/2024,12:05:33,21.82817,-9.160289
2/21/2024,12:05:34,22.04817,-9.210289
2/21/2024,12:05:34,22.25817,-9.260289
2/21/2024,12:05:34,22.46817,-9.320289
2/21/2024,12:05:34,22.67817,-9.380289
2/21/2024,12:05:34,22.88817,-9.440289
2/21/2024,12:05:35,23.10817,-9.500289
2/21/2024,12:05:35,23.31817,-9.550289
2/21/2024,12:05:35,23.53817,-9.610289
2/21/2024,12:05:35,23.75817,-9.660289
2/21/2024,12:05:35,23.96817,-9.710289
2/21/2024,12:05:36,24.17817,-9.770289
2/21/2024,12:05:36,24.39817,-9.820289
2/21/2024,12:05:36,24.60817,-9.880289
2/21/2024,12:05:36,24.82817,-9.940289
2/21/2024,12:05:36,25.05817,-9.980289
2/21/2024,12:05:37,25.27817,-10.030289
2/21/2024,12:05:37,25.48817,-10.080289
2/21/2024,12:05:37,25.70817,-10.130289
2/21/2024,12:05:37,25.92817,-10.190289
2/21/2024,12:05:37,26.13817,-10.240289
2/21/2024,12:05:38,26.35817,-10.290289
2/21/2024,12:05:38,26.57817,-10.340289
2/21/2024,12:05:38,26.80817,-10.390289
2/21/2024,12:05:38,27.02817,-10.450289
2/21/2024,12:05:38,27.24817,-10.500289
2/21/2024,12:05:39,27.46817,-10.550289
2/21/2024,12:05:39,27.67817,-10.600289
2/21/2024,12:05:39,27.89817,-10.640289
2/21/2024,12:05:39,28.12817,-10.690289
2/21/2024,12:05:39,28.33817,-10.740289
2/21/2024,12:05:40,28.55817,-10.780289
2/21/2024,12:05:40,28.76817,-10.830289
2/21/2024,12:05:40,28.97817,-10.890289
2/21/2024,12:05:40,29.17817,-10.940289
2/21/2024,12:05:40,29.38817,-10.980289
2/21/2024,12:05:41,29.59817,-11.030289
2/21/2024,12:05:41,29.80817,-11.060289
2/21/2024,12:05:41,30.00817,-11.100289
2/21/2024,12:05:41,30.20817,-11.150289
2/21/2024,12:05:41,30.40817,-11.190289
2/21/2024,12:05:42,30.59817,-11.240289
2/21/2024,12:05:42,30.78817,-11.280289
2/21/2024,12:05:42,30.97817,-11.330289
2/21/2024,12:05:42,31.16817,-11.360289
2/21/2024,12:05:42,31.36817,-11.400289
2/21/2024,12:05:43,31.54817,-11.430289
2/21/2024,12:05:43,31.73817,-11.470289
2/21/2024,12:05:43,31.91817,-11.510289
2/21/2024,12:05:43,32.09817,-11.550289
2/21/2024,12:05:43,32.28817,-11.600289
2/21/2024,12:05:44,32.46817,-11.640289
2/21/2024,12:05:44,32.64817,-11.670289
2/21/2024,12:05:44,32.82817,-11.700289
2/21/2024,12:05:44,33.00817,-11.740289
2/21/2024,12:05:44,33.17817,-11.770289
2/21/2024,12:05:45,33.35817,-11.800289
2/21/2024,12:05:45,33.51817,-11.840289
2/21/2024,12:05:45,33.68817,-11.880289
2/21/2024,12:05:45,33.85817,-11.920289
2/21/2024,12:05:45,34.02817,-11.950289
2/21/2024,12:05:46,34.19817,-11.980289
2/21/2024,12:05:46,34.36817,-12.010289
2/21/2024,12:05:46,34.53817,-12.040289
2/21/2024,12:05:46,34.69817,-12.070289
2/21/2024,12:05:46,34.85817,-12.110289
2/21/2024,12:05:47,35.01817,-12.140289
2/21/2024,12:05:47,35.17817,-12.180289
2/21/2024,12:05:47,35.33817,-12.210289
2/21/2024,12:05:47,35.49817,-12.230289
2/21/2024,12:05:47,35.65817,-12.250289
2/21/2024,12:05:48,35.81817,-12.280289
2/21/2024,12:05:48,35.96817,-12.310289
2/21/2024,12:05:48,36.11817,-12.340289
2/21/2024,12:05:48,36.26817,-12.380289
2/21/2024,12:05:48,36.41817,-12.410289
2/21/2024,12:05:49,36.56817,-12.440289
2/21/2024,12:05:49,36.70817,-12.480289
2/21/2024,12:05:49,36.85817,-12.500289
2/21/2024,12:05:49,37.00817,-12.510289
2/21/2024,12:05:49,37.15817,-12.530289
2/21/2024,12:05:50,37.29817,-12.560289
2/21/2024,12:05:50,37.44817,-12.590289
2/21/2024,12:05:50,37.58817,-12.620289
2/21/2024,12:05:50,37.72817,-12.650289
2/21/2024,12:05:50,37.86817,-12.680289
2/21/2024,12:05:51,38.00817,-12.700289
2/21/2024,12:05:51,38.13817,-12.730289
2/21/2024,12:05:51,38.27817,-12.760289
2/21/2024,12:05:51,38.41817,-12.780289
2/21/2024,12:05:51,38.55817,-12.800289
2/21/2024,12:05:52,38.68817,-12.820289
2/21/2024,12:05:52,38.80817,-12.840289
2/21/2024,12:05:52,38.93817,-12.870289
2/21/2024,12:05:52,39.05817,-12.880289
2/21/2024,12:05:52,39.17817,-12.900289
2/21/2024,12:05:53,39.29817,-12.920289
2/21/2024,12:05:53,39.41817,-12.940289
2/21/2024,12:05:53,39.53817,-12.960289
2/21/2024,12:05:53,39.64817,-12.980289
2/21/2024,12:05:53,39.75817,-13.020289
2/21/2024,12:05:54,39.86817,-13.040289
2/21/2024,12:05:54,39.98817,-13.050289
2/21/2024,12:05:54,40.10817,-13.060289
2/21/2024,12:05:54,40.20817,-13.080289
2/21/2024,12:05:54,40.31817,-13.100289
2/21/2024,12:05:55,40.41817,-13.110289
2/21/2024,12:05:55,40.52817,-13.120289
2/21/2024,12:05:55,40.62817,-13.140289
2/21/2024,12:05:55,40.71817,-13.170289
2/21/2024,12:05:55,40.81817,-13.190289
2/21/2024,12:05:56,40.91817,-13.200289
2/21/2024,12:05:56,41.01817,-13.220289
2/21/2024,12:05:56,41.10817,-13.250289
2/21/2024,12:05:56,41.19817,-13.270289
2/21/2024,12:05:56,41.29817,-13.270289
2/21/2024,12:05:57,41.40817,-13.270289
2/21/2024,12:05:57,41.49817,-13.280289
2/21/2024,12:05:57,41.59817,-13.310289
2/21/2024,12:05:57,41.68817,-13.330289
2/21/2024,12:05:57,41.78817,-13.330289
2/21/2024,12:05:58,41.88817,-13.340289
2/21/2024,12:05:58,41.96817,-13.380289
2/21/2024,12:05:58,42.06817,-13.410289
2/21/2024,12:05:58,42.15817,-13.420289
2/21/2024,12:05:58,42.24817,-13.430289
2/21/2024,12:05:59,42.33817,-13.440289
2/21/2024,12:05:59,42.42817,-13.460289
2/21/2024,12:05:59,42.50817,-13.480289
2/21/2024,12:05:59,42.57817,-13.480289
2/21/2024,12:05:59,42.65817,-13.480289
2/21/2024,12:06:00,42.73817,-13.480289
2/21/2024,12:06:00,42.79817,-13.510289
2/21/2024,12:06:00,42.85817,-13.540289
2/21/2024,12:06:00,42.91817,-13.550289
2/21/2024,12:06:00,42.97817,-13.550289
2/21/2024,12:06:01,43.04817,-13.560289
2/21/2024,12:06:01,43.10817,-13.580289
2/21/2024,12:06:01,43.16817,-13.600289
2/21/2024,12:06:01,43.23817,-13.610289
2/21/2024,12:06:01,43.30817,-13.610289
2/21/2024,12:06:02,43.37817,-13.600289
2/21/2024,12:06:02,43.44817,-13.610289
2/21/2024,12:06:02,43.49817,-13.630289
2/21/2024,12:06:02,43.55817,-13.660289
2/21/2024,12:06:02,43.60817,-13.670289
2/21/2024,12:06:03,43.65817,-13.670289
2/21/2024,12:06:03,43.70817,-13.680289
2/21/2024,12:06:03,43.74817,-13.710289
2/21/2024,12:06:03,43.77817,-13.740289
2/21/2024,12:06:03,43.80817,-13.740289
2/21/2024,12:06:04,43.84817,-13.730289
2/21/2024,12:06:04,43.88817,-13.720289
2/21/2024,12:06:04,43.91817,-13.710289
2/21/2024,12:06:04,43.94817,-13.720289
2/21/2024,12:06:04,43.96817,-13.730289
2/21/2024,12:06:05,43.98817,-13.750289
2/21/2024,12:06:05,44.00817,-13.770289
2/21/2024,12:06:05,44.02817,-13.780289
2/21/2024,12:06:05,44.04817,-13.790289
2/21/2024,12:06:05,44.06817,-13.790289
2/21/2024,12:06:06,44.09817,-13.790289
2/21/2024,12:06:06,44.12817,-13.770289
2/21/2024,12:06:06,44.15817,-13.760289
2/21/2024,12:06:06,44.18817,-13.770289
2/21/2024,12:06:06,44.20817,-13.780289
2/21/2024,12:06:07,44.21817,-13.800289
2/21/2024,12:06:07,44.23817,-13.810289
2/21/2024,12:06:07,44.26817,-13.830289
2/21/2024,12:06:07,44.28817,-13.840289
2/21/2024,12:06:07,44.30817,-13.840289
2/21/2024,12:06:08,44.33817,-13.840289
2/21/2024,12:06:08,44.36817,-13.830289
2/21/2024,12:06:08,44.39817,-13.830289
2/21/2024,12:06:08,44.41817,-13.840289
2/21/2024,12:06:08,44.42817,-13.850289
2/21/2024,12:06:09,44.43817,-13.860289
2/21/2024,12:06:09,44.45817,-13.870289
2/21/2024,12:06:09,44.46817,-13.880289
2/21/2024,12:06:09,44.46817,-13.880289
2/21/2024,12:06:09,44.47817,-13.870289
2/21/2024,12:06:10,44.47817,-13.870289
2/21/2024,12:06:10,44.47817,-13.870289
2/21/2024,12:06:10,44.46817,-13.880289
2/21/2024,12:06:10,44.45817,-13.880289
2/21/2024,12:06:10,44.45817,-13.880289
2/21/2024,12:06:11,44.45817,-13.890289
2/21/2024,12:06:11,44.45817,-13.890289
2/21/2024,12:06:11,44.44817,-13.900289
2/21/2024,12:06:11,44.44817,-13.890289
2/21/2024,12:06:11,44.44817,-13.890289
2/21/2024,12:06:12,44.44817,-13.890289
2/21/2024,12:06:12,44.44817,-13.890289
2/21/2024,12:06:12,44.44817,-13.900289
2/21/2024,12:06:12,44.43817,-13.900289
2/21/2024,12:06:12,44.42817,-13.910289
2/21/2024,12:06:13,44.41817,-13.910289
2/21/2024,12:06:13,44.40817,-13.920289
2/21/2024,12:06:13,44.38817,-13.910289
2/21/2024,12:06:13,44.36817,-13.910289
2/21/2024,12:06:13,44.34817,-13.910289
2/21/2024,12:06:14,44.32817,-13.900289
2/21/2024,12:06:14,44.29817,-13.900289
2/21/2024,12:06:14,44.26817,-13.900289
2/21/2024,12:06:14,44.23817,-13.890289
2/21/2024,12:06:14,44.20817,-13.890289
2/21/2024,12:06:15,44.16817,-13.900289
2/21/2024,12:06:15,44.13817,-13.900289
2/21/2024,12:06:15,44.09817,-13.910289
2/21/2024,12:06:15,44.06817,-13.920289
2/21/2024,12:06:15,44.03817,-13.920289
2/21/2024,12:06:16,44.00817,-13.910289
2/21/2024,12:06:16,43.97817,-13.910289
2/21/2024,12:06:16,43.95817,-13.900289
2/21/2024,12:06:16,43.92817,-13.890289
2/21/2024,12:06:16,43.90817,-13.890289
2/21/2024,12:06:17,43.87817,-13.890289
2/21/2024,12:06:17,43.84817,-13.890289
2/21/2024,12:06:17,43.82817,-13.900289
2/21/2024,12:06:17,43.79817,-13.910289
2/21/2024,12:06:17,43.76817,-13.930289
2/21/2024,12:06:18,43.73817,-13.940289
2/21/2024,12:06:18,43.71817,-13.940289
2/21/2024,12:06:18,43.68817,-13.940289
2/21/2024,12:06:18,43.65817,-13.930289
2/21/2024,12:06:18,43.63817,-13.930289
2/21/2024,12:06:19,43.61817,-13.920289
2/21/2024,12:06:19,43.59817,-13.920289
2/21/2024,12:06:19,43.56817,-13.920289
2/21/2024,12:06:19,43.54817,-13.930289
2/21/2024,12:06:19,43.51817,-13.940289
2/21/2024,12:06:20,43.49817,-13.960289
2/21/2024,12:06:20,43.46817,-13.970289
2/21/2024,12:06:20,43.43817,-13.980289
2/21/2024,12:06:20,43.41817,-13.970289
2/21/2024,12:06:20,43.39817,-13.960289
2/21/2024,12:06:21,43.37817,-13.960289
2/21/2024,12:06:21,43.35817,-13.950289
2/21/2024,12:06:21,43.33817,-13.950289
2/21/2024,12:06:21,43.30817,-13.960289
2/21/2024,12:06:21,43.27817,-13.960289
2/21/2024,12:06:22,43.25817,-13.980289
2/21/2024,12:06:22,43.22817,-13.990289
2/21/2024,12:06:22,43.20817,-14.010289
2/21/2024,12:06:22,43.17817,-14.020289
2/21/2024,12:06:22,43.15817,-14.010289
2/21/2024,12:06:23,43.13817,-14.000289
2/21/2024,12:06:23,43.11817,-13.990289
2/21/2024,12:06:23,43.09817,-13.990289
2/21/2024,12:06:23,43.07817,-13.990289
2/21/2024,12:06:23,43.05817,-13.990289
2/21/2024,12:06:24,43.02817,-13.990289
2/21/2024,12:06:24,43.00817,-14.000289
2/21/2024,12:06:24,42.97817,-14.020289
2/21/2024,12:06:24,42.95817,-14.040289
2/21/2024,12:06:24,42.93817,-14.040289
2/21/2024,12:06:25,42.91817,-14.040289
2/21/2024,12:06:25,42.89817,-14.040289
2/21/2024,12:06:25,42.86817,-14.040289
2/21/2024,12:06:25,42.84817,-14.040289
2/21/2024,12:06:25,42.82817,-14.040289
2/21/2024,12:06:26,42.80817,-14.040289
2/21/2024,12:06:26,42.78817,-14.040289
2/21/2024,12:06:26,42.76817,-14.050289
2/21/2024,12:06:26,42.74817,-14.060289
2/21/2024,12:06:26,42.72817,-14.070289
2/21/2024,12:06:27,42.69817,-14.070289
2/21/2024,12:06:27,42.67817,-14.080289
2/21/2024,12:06:27,42.64817,-14.080289
2/21/2024,12:06:27,42.62817,-14.090289
2/21/2024,12:06:27,42.60817,-14.090289
2/21/2024,12:06:28,42.58817,-14.080289
2/21/2024,12:06:28,42.57817,-14.080289
2/21/2024,12:06:28,42.55817,-14.070289
2/21/2024,12:06:28,42.53817,-14.080289
2/21/2024,12:06:28,42.51817,-14.090289
2/21/2024,12:06:29,42.48817,-14.100289
2/21/2024,12:06:29,42.45817,-14.120289
2/21/2024,12:06:29,42.43817,-14.140289
2/21/2024,12:06:29,42.41817,-14.140289
2/21/2024,12:06:29,42.40817,-14.140289
2/21/2024,12:06:30,42.38817,-14.130289
2/21/2024,12:06:30,42.36817,-14.120289
2/21/2024,12:06:30,42.34817,-14.120289
2/21/2024,12:06:30,42.32817,-14.120289
2/21/2024,12:06:30,42.31817,-14.130289
2/21/2024,12:06:31,42.28817,-14.140289
2/21/2024,12:06:31,42.26817,-14.150289
2/21/2024,12:06:31,42.24817,-14.160289
2/21/2024,12:06:31,42.22817,-14.170289
2/21/2024,12:06:31,42.20817,-14.170289
2/21/2024,12:06:32,42.18817,-14.170289
2/21/2024,12:06:32,42.16817,-14.170289
2/21/2024,12:06:32,42.14817,-14.170289
2/21/2024,12:06:32,42.12817,-14.170289
2/21/2024,12:06:32,42.11817,-14.170289
2/21/2024,12:06:33,42.09817,-14.170289
2/21/2024,12:06:33,42.07817,-14.170289
2/21/2024,12:06:33,42.04817,-14.180289
2/21/2024,12:06:33,42.02817,-14.190289
2/21/2024,12:06:33,42.00817,-14.200289
2/21/2024,12:06:34,41.98817,-14.200289
2/21/2024,12:06:34,41.96817,-14.200289
2/21/2024,12:06:34,41.94817,-14.200289
2/21/2024,12:06:34,41.93817,-14.200289
2/21/2024,12:06:34,41.91817,-14.200289
2/21/2024,12:06:35,41.89817,-14.210289
2/21/2024,12:06:35,41.87817,-14.210289
2/21/2024,12:06:35,41.85817,-14.210289
2/21/2024,12:06:35,41.83817,-14.220289
2/21/2024,12:06:35,41.81817,-14.220289
2/21/2024,12:06:36,41.79817,-14.220289
2/21/2024,12:06:36,41.77817,-14.220289
2/21/2024,12:06:36,41.75817,-14.230289
2/21/2024,12:06:36,41.73817,-14.230289
2/21/2024,12:06:36,41.71817,-14.230289
2/21/2024,12:06:37,41.69817,-14.230289
2/21/2024,12:06:37,41.67817,-14.240289
2/21/2024,12:06:37,41.65817,-14.250289
2/21/2024,12:06:37,41.63817,-14.260289
2/21/2024,12:06:37,41.60817,-14.270289
2/21/2024,12:06:38,41.58817,-14.280289
2/21/2024,12:06:38,41.56817,-14.280289
2/21/2024,12:06:38,41.55817,-14.280289
2/21/2024,12:06:38,41.53817,-14.270289
2/21/2024,12:06:38,41.51817,-14.270289
2/21/2024,12:06:39,41.49817,-14.270289
2/21/2024,12:06:39,41.47817,-14.280289
2/21/2024,12:06:39,41.45817,-14.280289
2/21/2024,12:06:39,41.43817,-14.290289
2/21/2024,12:06:39,41.40817,-14.310289
2/21/2024,12:06:40,41.38817,-14.320289
2/21/2024,12:06:40,41.36817,-14.330289
2/21/2024,12:06:40,41.34817,-14.320289
2/21/2024,12:06:40,41.33817,-14.320289
2/21/2024,12:06:40,41.31817,-14.320289
2/21/2024,12:06:41,41.29817,-14.320289
2/21/2024,12:06:41,41.27817,-14.320289
2/21/2024,12:06:41,41.25817,-14.330289
2/21/2024,12:06:41,41.22817,-14.340289
2/21/2024,12:06:41,41.20817,-14.350289
2/21/2024,12:06:42,41.18817,-14.360289
2/21/2024,12:06:42,41.16817,-14.370289
2/21/2024,12:06:42,41.15817,-14.360289
2/21/2024,12:06:42,41.13817,-14.370289
2/21/2024,12:06:42,41.12817,-14.370289
2/21/2024,12:06:43,41.11817,-14.380289
2/21/2024,12:06:43,41.10817,-14.390289
2/21/2024,12:06:43,41.10817,-14.400289
2/21/2024,12:06:43,41.10817,-14.420289
2/21/2024,12:06:43,41.11817,-14.430289
2/21/2024,12:06:44,41.12817,-14.440289
2/21/2024,12:06:44,41.14817,-14.450289
2/21/2024,12:06:44,41.15817,-14.470289
2/21/2024,12:06:44,41.16817,-14.490289
2/21/2024,12:06:44,41.18817,-14.510289
2/21/2024,12:06:45,41.21817,-14.530289
2/21/2024,12:06:45,41.23817,-14.540289
2/21/2024,12:06:45,41.26817,-14.560289
2/21/2024,12:06:45,41.29817,-14.590289
2/21/2024,12:06:45,41.32817,-14.610289
2/21/2024,12:06:46,41.35817,-14.630289
2/21/2024,12:06:46,41.39817,-14.650289
2/21/2024,12:06:46,41.42817,-14.680289
2/21/2024,12:06:46,41.46817,-14.700289
2/21/2024,12:06:46,41.51817,-14.730289
2/21/2024,12:06:47,41.55817,-14.750289
2/21/2024,12:06:47,41.59817,-14.770289
2/21/2024,12:06:47,41.63817,-14.790289
2/21/2024,12:06:47,41.68817,-14.810289
2/21/2024,12:06:47,41.73817,-14.830289
2/21/2024,12:06:48,41.78817,-14.860289
2/21/2024,12:06:48,41.84817,-14.890289
2/21/2024,12:06:48,41.89817,-14.930289
2/21/2024,12:06:48,41.94817,-14.960289
2/21/2024,12:06:48,42.00817,-14.990289
2/21/2024,12:06:49,42.05817,-15.020289
2/21/2024,12:06:49,42.10817,-15.050289
2/21/2024,12:06:49,42.16817,-15.080289
2/21/2024,12:06:49,42.22817,-15.100289
2/21/2024,12:06:49,42.29817,-15.100289
2/21/2024,12:06:50,42.35817,-15.120289
2/21/2024,12:06:50,42.41817,-15.150289
2/21/2024,12:06:50,42.47817,-15.180289
2/21/2024,12:06:50,42.52817,-15.210289
2/21/2024,12:06:50,42.57817,-15.230289
2/21/2024,12:06:51,42.63817,-15.250289
2/21/2024,12:06:51,42.67817,-15.290289
2/21/2024,12:06:51,42.72817,-15.330289
2/21/2024,12:06:51,42.77817,-15.340289
2/21/2024,12:06:51,42.82817,-15.340289
2/21/2024,12:06:52,42.88817,-15.350289
2/21/2024,12:06:52,42.93817,-15.370289
2/21/2024,12:06:52,42.96817,-15.400289
2/21/2024,12:06:52,43.00817,-15.430289
2/21/2024,12:06:52,43.04817,-15.450289
2/21/2024,12:06:53,43.09817,-15.460289
2/21/2024,12:06:53,43.14817,-15.470289
2/21/2024,12:06:53,43.18817,-15.480289
2/21/2024,12:06:53,43.22817,-15.500289
2/21/2024,12:06:53,43.26817,-15.530289
2/21/2024,12:06:54,43.30817,-15.550289
2/21/2024,12:06:54,43.34817,-15.580289
2/21/2024,12:06:54,43.38817,-15.600289
2/21/2024,12:06:54,43.43817,-15.610289
2/21/2024,12:06:54,43.48817,-15.620289
2/21/2024,12:06:55,43.52817,-15.620289
2/21/2024,12:06:55,43.56817,-15.630289
2/21/2024,12:06:55,43.60817,-15.650289
2/21/2024,12:06:55,43.63817,-15.670289
2/21/2024,12:06:55,43.67817,-15.700289
2/21/2024,12:06:56,43.71817,-15.720289
2/21/2024,12:06:56,43.75817,-15.740289
2/21/2024,12:06:56,43.79817,-15.760289
2/21/2024,12:06:56,43.83817,-15.760289
2/21/2024,12:06:56,43.87817,-15.770289
2/21/2024,12:06:57,43.91817,-15.780289
2/21/2024,12:06:57,43.95817,-15.790289
2/21/2024,12:06:57,43.99817,-15.800289
2/21/2024,12:06:57,44.02817,-15.820289
2/21/2024,12:06:57,44.06817,-15.840289
2/21/2024,12:06:58,44.09817,-15.870289
2/21/2024,12:06:58,44.13817,-15.890289
2/21/2024,12:06:58,44.17817,-15.900289
2/21/2024,12:06:58,44.20817,-15.900289
2/21/2024,12:06:58,44.24817,-15.910289
2/21/2024,12:06:59,44.28817,-15.910289
2/21/2024,12:06:59,44.31817,-15.920289
2/21/2024,12:06:59,44.35817,-15.940289
2/21/2024,12:06:59,44.38817,-15.950289
2/21/2024,12:06:59,44.41817,-15.970289
2/21/2024,12:07:00,44.45817,-15.990289
2/21/2024,12:07:00,44.48817,-16.010289
2/21/2024,12:07:00,44.51817,-16.020289
2/21/2024,12:07:00,44.54817,-16.030289
2/21/2024,12:07:00,44.58817,-16.030289
2/21/2024,12:07:01,44.61817,-16.030289
2/21/2024,12:07:01,44.65817,-16.040289
2/21/2024,12:07:01,44.68817,-16.050289
2/21/2024,12:07:01,44.71817,-16.060289
2/21/2024,12:07:01,44.75817,-16.070289
2/21/2024,12:07:02,44.78817,-16.090289
2/21/2024,12:07:02,44.81817,-16.110289
2/21/2024,12:07:02,44.84817,-16.120289
2/21/2024,12:07:02,44.87817,-16.140289
2/21/2024,12:07:02,44.91817,-16.140289
2/21/2024,12:07:03,44.93817,-16.140289
2/21/2024,12:07:03,44.96817,-16.150289
2/21/2024,12:07:03,44.99817,-16.150289
2/21/2024,12:07:03,45.02817,-16.150289
2/21/2024,12:07:03,45.05817,-16.160289
2/21/2024,12:07:04,45.08817,-16.170289
2/21/2024,12:07:04,45.11817,-16.180289
2/21/2024,12:07:04,45.14817,-16.200289
2/21/2024,12:07:04,45.17817,-16.220289
2/21/2024,12:07:04,45.19817,-16.230289
2/21/2024,12:07:05,45.21817,-16.240289
2/21/2024,12:07:05,45.23817,-16.250289
2/21/2024,12:07:05,45.25817,-16.260289
2/21/2024,12:07:05,45.27817,-16.260289
2/21/2024,12:07:05,45.28817,-16.250289
2/21/2024,12:07:06,45.30817,-16.250289
2/21/2024,12:07:06,45.31817,-16.260289
2/21/2024,12:07:06,45.32817,-16.260289
2/21/2024,12:07:06,45.33817,-16.270289
2/21/2024,12:07:06,45.34817,-16.290289
2/21/2024,12:07:07,45.34817,-16.310289
2/21/2024,12:07:07,45.34817,-16.320289
2/21/2024,12:07:07,45.34817,-16.330289
2/21/2024,12:07:07,45.34817,-16.340289
2/21/2024,12:07:07,45.33817,-16.340289
2/21/2024,12:07:08,45.33817,-16.340289
2/21/2024,12:07:08,45.33817,-16.340289
2/21/2024,12:07:08,45.32817,-16.340289
2/21/2024,12:07:08,45.31817,-16.340289
2/21/2024,12:07:08,45.30817,-16.340289
2/21/2024,12:07:09,45.29817,-16.340289
2/21/2024,12:07:09,45.27817,-16.360289
2/21/2024,12:07:09,45.24817,-16.370289
2/21/2024,12:07:09,45.22817,-16.380289
2/21/2024,12:07:09,45.20817,-16.390289
2/21/2024,12:07:10,45.17817,-16.390289
2/21/2024,12:07:10,45.15817,-16.390289
2/21/2024,12:07:10,45.12817,-16.390289
2/21/2024,12:07:10,45.10817,-16.390289
2/21/2024,12:07:10,45.08817,-16.390289
2/21/2024,12:07:11,45.05817,-16.380289
2/21/2024,12:07:11,45.03817,-16.380289
2/21/2024,12:07:11,45.01817,-16.390289
2/21/2024,12:07:11,44.98817,-16.390289
2/21/2024,12:07:11,44.96817,-16.400289
2/21/2024,12:07:12,44.92817,-16.410289
2/21/2024,12:07:12,44.89817,-16.420289
2/21/2024,12:07:12,44.86817,-16.430289
2/21/2024,12:07:12,44.83817,-16.430289
2/21/2024,12:07:12,44.81817,-16.430289
2/21/2024,12:07:13,44.79817,-16.420289
2/21/2024,12:07:13,44.77817,-16.410289
2/21/2024,12:07:13,44.75817,-16.400289
2/21/2024,12:07:13,44.72817,-16.400289
2/21/2024,12:07:13,44.69817,-16.400289
2/21/2024,12:07:14,44.66817,-16.420289
2/21/2024,12:07:14,44.62817,-16.430289
2/21/2024,12:07:14,44.59817,-16.440289
2/21/2024,12:07:14,44.56817,-16.450289
2/21/2024,12:07:14,44.54817,-16.450289
2/21/2024,12:07:15,44.52817,-16.450289
2/21/2024,12:07:15,44.50817,-16.440289
2/21/2024,12:07:15,44.49817,-16.440289
2/21/2024,12:07:15,44.48817,-16.440289
2/21/2024,12:07:15,44.47817,-16.440289
2/21/2024,12:07:16,44.47817,-16.440289
2/21/2024,12:07:16,44.45817,-16.450289
2/21/2024,12:07:16,44.44817,-16.460289
2/21/2024,12:07:16,44.42817,-16.480289
2/21/2024,12:07:16,44.41817,-16.500289
2/21/2024,12:07:17,44.39817,-16.510289
2/21/2024,12:07:17,44.38817,-16.520289
2/21/2024,12:07:17,44.38817,-16.530289
2/21/2024,12:07:17,44.38817,-16.520289
2/21/2024,12:07:17,44.37817,-16.510289
2/21/2024,12:07:18,44.37817,-16.500289
2/21/2024,12:07:18,44.37817,-16.510289
2/21/2024,12:07:18,44.36817,-16.510289
2/21/2024,12:07:18,44.35817,-16.520289
2/21/2024,12:07:18,44.34817,-16.540289
2/21/2024,12:07:19,44.32817,-16.560289
2/21/2024,12:07:19,44.31817,-16.570289
2/21/2024,12:07:19,44.30817,-16.570289
2/21/2024,12:07:19,44.30817,-16.570289
2/21/2024,12:07:19,44.30817,-16.560289
2/21/2024,12:07:20,44.29817,-16.560289
2/21/2024,12:07:20,44.29817,-16.570289
2/21/2024,12:07:20,44.28817,-16.570289
2/21/2024,12:07:20,44.28817,-16.580289
2/21/2024,12:07:20,44.27817,-16.590289
2/21/2024,12:07:21,44.26817,-16.600289
2/21/2024,12:07:21,44.25817,-16.610289
2/21/2024,12:07:21,44.24817,-16.620289
2/21/2024,12:07:21,44.23817,-16.620289
2/21/2024,12:07:21,44.23817,-16.610289
2/21/2024,12:07:22,44.22817,-16.620289
2/21/2024,12:07:22,44.22817,-16.620289
2/21/2024,12:07:22,44.21817,-16.630289
2/21/2024,12:07:22,44.21817,-16.630289
2/21/2024,12:07:22,44.20817,-16.640289
2/21/2024,12:07:23,44.19817,-16.640289
2/21/2024,12:07:23,44.18817,-16.650289
2/21/2024,12:07:23,44.17817,-16.670289
2/21/2024,12:07:23,44.17817,-16.670289
2/21/2024,12:07:23,44.16817,-16.670289
2/21/2024,12:07:24,44.16817,-16.670289
2/21/2024,12:07:24,44.15817,-16.670289
2/21/2024,12:07:24,44.15817,-16.670289
2/21/2024,12:07:24,44.14817,-16.680289
2/21/2024,12:07:24,44.13817,-16.680289
2/21/2024,12:07:25,44.12817,-16.690289
2/21/2024,12:07:25,44.12817,-16.700289
2/21/2024,12:07:25,44.10817,-16.710289
2/21/2024,12:07:25,44.09817,-16.720289
2/21/2024,12:07:25,44.09817,-16.730289
2/21/2024,12:07:26,44.08817,-16.740289
2/21/2024,12:07:26,44.07817,-16.740289
2/21/2024,12:07:26,44.07817,-16.730289
2/21/2024,12:07:26,44.07817,-16.730289
2/21/2024,12:07:26,44.06817,-16.730289
2/21/2024,12:07:27,44.06817,-16.730289
2/21/2024,12:07:27,44.05817,-16.730289
2/21/2024,12:07:27,44.04817,-16.750289
2/21/2024,12:07:27,44.02817,-16.770289
2/21/2024,12:07:27,44.01817,-16.790289
2/21/2024,12:07:28,44.00817,-16.800289
2/21/2024,12:07:28,43.99817,-16.800289
2/21/2024,12:07:28,43.99817,-16.800289
2/21/2024,12:07:28,43.99817,-16.790289
2/21/2024,12:07:28,43.98817,-16.790289
2/21/2024,12:07:29,43.98817,-16.790289
2/21/2024,12:07:29,43.97817,-16.790289
2/21/2024,12:07:29,43.96817,-16.790289
2/21/2024,12:07:29,43.95817,-16.800289
2/21/2024,12:07:29,43.94817,-16.820289
2/21/2024,12:07:30,43.93817,-16.830289
2/21/2024,12:07:30,43.91817,-16.850289
2/21/2024,12:07:30,43.91817,-16.850289
2/21/2024,12:07:30,43.91817,-16.850289
2/21/2024,12:07:30,43.90817,-16.840289
2/21/2024,12:07:31,43.90817,-16.830289
2/21/2024,12:07:31,43.89817,-16.830289
2/21/2024,12:07:31,43.88817,-16.830289
2/21/2024,12:07:31,43.88817,-16.840289
2/21/2024,12:07:31,43.87817,-16.850289
2/21/2024,12:07:32,43.85817,-16.870289
2/21/2024,12:07:32,43.84817,-16.880289
2/21/2024,12:07:32,43.83817,-16.890289
2/21/2024,12:07:32,43.84817,-16.880289
2/21/2024,12:07:32,43.83817,-16.880289
2/21/2024,12:07:33,43.82817,-16.870289
2/21/2024,12:07:33,43.82817,-16.870289
2/21/2024,12:07:33,43.81817,-16.870289
2/21/2024,12:07:33,43.80817,-16.880289
2/21/2024,12:07:33,43.79817,-16.900289
2/21/2024,12:07:34,43.78817,-16.910289
2/21/2024,12:07:34,43.77817,-16.920289
2/21/2024,12:07:34,43.76817,-16.920289
2/21/2024,12:07:34,43.76817,-16.920289
2/21/2024,12:07:34,43.75817,-16.910289
2/21/2024,12:07:35,43.75817,-16.910289
2/21/2024,12:07:35,43.74817,-16.910289
2/21/2024,12:07:35,43.73817,-16.910289
2/21/2024,12:07:35,43.72817,-16.920289
2/21/2024,12:07:35,43.71817,-16.930289
2/21/2024,12:07:36,43.71817,-16.940289
2/21/2024,12:07:36,43.70817,-16.950289
2/21/2024,12:07:36,43.69817,-16.960289
2/21/2024,12:07:36,43.68817,-16.970289
2/21/2024,12:07:36,43.67817,-16.970289
2/21/2024,12:07:37,43.67817,-16.970289
2/21/2024,12:07:37,43.66817,-16.970289
2/21/2024,12:07:37,43.66817,-16.970289
2/21/2024,12:07:37,43.65817,-16.960289
2/21/2024,12:07:37,43.65817,-16.970289
2/21/2024,12:07:38,43.65817,-16.970289
2/21/2024,12:07:38,43.65817,-16.990289
2/21/2024,12:07:38,43.66817,-17.010289
2/21/2024,12:07:38,43.66817,-17.030289
2/21/2024,12:07:38,43.67817,-17.040289
2/21/2024,12:07:39,43.68817,-17.060289
2/21/2024,12:07:39,43.69817,-17.060289
2/21/2024,12:07:39,43.71817,-17.070289
2/21/2024,12:07:39,43.73817,-17.070289
2/21/2024,12:07:39,43.75817,-17.070289
2/21/2024,12:07:40,43.77817,-17.080289
2/21/2024,12:07:40,43.79817,-17.100289
2/21/2024,12:07:40,43.81817,-17.110289
2/21/2024,12:07:40,43.84817,-17.140289
2/21/2024,12:07:40,43.87817,-17.170289
2/21/2024,12:07:41,43.90817,-17.180289
2/21/2024,12:07:41,43.93817,-17.200289
2/21/2024,12:07:41,43.97817,-17.210289
2/21/2024,12:07:41,44.01817,-17.220289
2/21/2024,12:07:41,44.05817,-17.220289
2/21/2024,12:07:42,44.09817,-17.230289
2/21/2024,12:07:42,44.13817,-17.250289
2/21/2024,12:07:42,44.18817,-17.270289
2/21/2024,12:07:42,44.23817,-17.290289
2/21/2024,12:07:42,44.28817,-17.310289
2/21/2024,12:07:43,44.33817,-17.330289
2/21/2024,12:07:43,44.38817,-17.350289
2/21/2024,12:07:43,44.45817,-17.370289
2/21/2024,12:07:43,44.51817,-17.380289
2/21/2024,12:07:43,44.58817,-17.390289
2/21/2024,12:07:44,44.64817,-17.400289
2/21/2024,12:07:44,44.71817,-17.410289
2/21/2024,12:07:44,44.78817,-17.430289
2/21/2024,12:07:44,44.85817,-17.450289
2/21/2024,12:07:44,44.92817,-17.470289
2/21/2024,12:07:45,45.00817,-17.490289
2/21/2024,12:07:45,45.07817,-17.510289
2/21/2024,12:07:45,45.16817,-17.530289
2/21/2024,12:07:45,45.24817,-17.530289
2/21/2024,12:07:45,45.32817,-17.520289
2/21/2024,12:07:46,45.41817,-17.530289
2/21/2024,12:07:46,45.49817,-17.540289
2/21/2024,12:07:46,45.58817,-17.540289
2/21/2024,12:07:46,45.67817,-17.540289
2/21/2024,12:07:46,45.76817,-17.550289
2/21/2024,12:07:47,45.86817,-17.570289
2/21/2024,12:07:47,45.95817,-17.590289
2/21/2024,12:07:47,46.04817,-17.590289
2/21/2024,12:07:47,46.14817,-17.580289
2/21/2024,12:07:47,46.23817,-17.580289
2/21/2024,12:07:48,46.33817,-17.590289
2/21/2024,12:07:48,46.43817,-17.580289
2/21/2024,12:07:48,46.52817,-17.560289
2/21/2024,12:07:48,46.62817,-17.540289
2/21/2024,12:07:48,46.73817,-17.540289
2/21/2024,12:07:49,46.83817,-17.540289
2/21/2024,12:07:49,46.93817,-17.510289
2/21/2024,12:07:49,47.04817,-17.490289
2/21/2024,12:07:49,47.15817,-17.490289
2/21/2024,12:07:49,47.25817,-17.490289
2/21/2024,12:07:50,47.36817,-17.460289
2/21/2024,12:07:50,47.46817,-17.420289
2/21/2024,12:07:50,47.56817,-17.400289
2/21/2024,12:07:50,47.66817,-17.380289
2/21/2024,12:07:50,47.76817,-17.350289
2/21/2024,12:07:51,47.86817,-17.310289
2/21/2024,12:07:51,47.97817,-17.270289
2/21/2024,12:07:51,48.07817,-17.250289
2/21/2024,12:07:51,48.18817,-17.220289
2/21/2024,12:07:51,48.28817,-17.180289
2/21/2024,12:07:52,48.38817,-17.130289
2/21/2024,12:07:52,48.49817,-17.090289
2/21/2024,12:07:52,48.60817,-17.060289
2/21/2024,12:07:52,48.70817,-17.010289
2/21/2024,12:07:52,48.80817,-16.950289
2/21/2024,12:07:53,48.90817,-16.900289
2/21/2024,12:07:53,49.01817,-16.870289
2/21/2024,12:07:53,49.11817,-16.810289
2/21/2024,12:07:53,49.20817,-16.740289
2/21/2024,12:07:53,49.30817,-16.680289
2/21/2024,12:07:54,49.40817,-16.630289
2/21/2024,12:07:54,49.50817,-16.580289
2/21/2024,12:07:54,49.60817,-16.510289
2/21/2024,12:07:54,49.69817,-16.440289
2/21/2024,12:07:54,49.79817,-16.380289
2/21/2024,12:07:55,49.89817,-16.320289
2/21/2024,12:07:55,49.98817,-16.240289
2/21/2024,12:07:55,50.07817,-16.160289
2/21/2024,12:07:55,50.16817,-16.090289
2/21/2024,12:07:55,50.26817,-16.030289
2/21/2024,12:07:56,50.34817,-15.940289
2/21/2024,12:07:56,50.42817,-15.850289
2/21/2024,12:07:56,50.51817,-15.770289
2/21/2024,12:07:56,50.60817,-15.700289
2/21/2024,12:07:56,50.69817,-15.620289
2/21/2024,12:07:57,50.76817,-15.530289
2/21/2024,12:07:57,50.84817,-15.450289
2/21/2024,12:07:57,50.93817,-15.370289
2/21/2024,12:07:57,51.01817,-15.290289
2/21/2024,12:07:57,51.07817,-15.200289
2/21/2024,12:07:58,51.14817,-15.110289
2/21/2024,12:07:58,51.21817,-15.030289
2/21/2024,12:07:58,51.28817,-14.960289
2/21/2024,12:07:58,51.34817,-14.870289
2/21/2024,12:07:58,51.39817,-14.780289
2/21/2024,12:07:59,51.46817,-14.700289
2/21/2024,12:07:59,51.54817,-14.630289
2/21/2024,12:07:59,51.60817,-14.540289
2/21/2024,12:07:59,51.64817,-14.450289
2/21/2024,12:07:59,51.69817,-14.360289
2/21/2024,12:08:00,51.75817,-14.290289
2/21/2024,12:08:00,51.82817,-14.210289
2/21/2024,12:08:00,51.86817,-14.130289
2/21/2024,12:08:00,51.89817,-14.040289
2/21/2024,12:08:00,51.94817,-13.950289
2/21/2024,12:08:01,52.00817,-13.880289
2/21/2024,12:08:01,52.05817,-13.800289
2/21/2024,12:08:01,52.09817,-13.720289
2/21/2024,12:08:01,52.12817,-13.630289
2/21/2024,12:08:01,52.16817,-13.550289
2/21/2024,12:08:02,52.22817,-13.490289
2/21/2024,12:08:02,52.27817,-13.420289
2/21/2024,12:08:02,52.29817,-13.340289
2/21/2024,12:08:02,52.32817,-13.250289
2/21/2024,12:08:02,52.35817,-13.170289
2/21/2024,12:08:03,52.39817,-13.090289
2/21/2024,12:08:03,52.44817,-13.020289
2/21/2024,12:08:03,52.47817,-12.940289
2/21/2024,12:08:03,52.49817,-12.850289
2/21/2024,12:08:03,52.52817,-12.780289
2/21/2024,12:08:04,52.56817,-12.710289
2/21/2024,12:08:04,52.60817,-12.630289
2/21/2024,12:08:04,52.62817,-12.560289
2/21/2024,12:08:04,52.62817,-12.480289
2/21/2024,12:08:04,52.64817,-12.400289
2/21/2024,12:08:05,52.67817,-12.330289
2/21/2024,12:08:05,52.71817,-12.260289
2/21/2024,12:08:05,52.74817,-12.180289
2/21/2024,12:08:05,52.76817,-12.110289
2/21/2024,12:08:05,52.77817,-12.030289
2/21/2024,12:08:06,52.80817,-11.950289
2/21/2024,12:08:06,52.84817,-11.880289
2/21/2024,12:08:06,52.86817,-11.800289
2/21/2024,12:08:06,52.87817,-11.720289
2/21/2024,12:08:06,52.87817,-11.630289
2/21/2024,12:08:07,52.88817,-11.550289
2/21/2024,12:08:07,52.91817,-11.460289
2/21/2024,12:08:07,52.93817,-11.370289
2/21/2024,12:08:07,52.93817,-11.290289
2/21/2024,12:08:07,52.93817,-11.190289
2/21/2024,12:08:08,52.95817,-11.110289
2/21/2024,12:08:08,52.97817,-11.020289
2/21/2024,12:08:08,52.99817,-10.920289
2/21/2024,12:08:08,52.98817,-10.830289
2/21/2024,12:08:08,52.96817,-10.730289
2/21/2024,12:08:09,52.97817,-10.630289
2/21/2024,12:08:09,52.99817,-10.530289
2/21/2024,12:08:09,52.99817,-10.430289
2/21/2024,12:08:09,52.97817,-10.330289
2/21/2024,12:08:09,52.95817,-10.230289
2/21/2024,12:08:10,52.95817,-10.120289
2/21/2024,12:08:10,52.97817,-10.010289
2/21/2024,12:08:10,52.97817,-9.910289
2/21/2024,12:08:10,52.95817,-9.800289
2/21/2024,12:08:10,52.93817,-9.690289
2/21/2024,12:08:11,52.93817,-9.590289
2/21/2024,12:08:11,52.92817,-9.480289
2/21/2024,12:08:11,52.89817,-9.380289
2/21/2024,12:08:11,52.85817,-9.270289
2/21/2024,12:08:11,52.83817,-9.160289
2/21/2024,12:08:12,52.83817,-9.040289
2/21/2024,12:08:12,52.80817,-8.920289
2/21/2024,12:08:12,52.77817,-8.810289
2/21/2024,12:08:12,52.75817,-8.690289
2/21/2024,12:08:12,52.73817,-8.580289
2/21/2024,12:08:13,52.71817,-8.480289
2/21/2024,12:08:13,52.66817,-8.370289
2/21/2024,12:08:13,52.60817,-8.260289
2/21/2024,12:08:13,52.57817,-8.150289
2/21/2024,12:08:13,52.54817,-8.030289
2/21/2024,12:08:14,52.50817,-7.920289
2/21/2024,12:08:14,52.45817,-7.810289
2/21/2024,12:08:14,52.40817,-7.680289
2/21/2024,12:08:14,52.37817,-7.570289
2/21/2024,12:08:14,52.33817,-7.460289
2/21/2024,12:08:15,52.27817,-7.360289
2/21/2024,12:08:15,52.21817,-7.250289
2/21/2024,12:08:15,52.16817,-7.130289
2/21/2024,12:08:15,52.11817,-7.020289
2/21/2024,12:08:15,52.04817,-6.920289
2/21/2024,12:08:16,51.98817,-6.810289
2/21/2024,12:08:16,51.92817,-6.690289
2/21/2024,12:08:16,51.87817,-6.590289
2/21/2024,12:08:16,51.80817,-6.490289
2/21/2024,12:08:16,51.73817,-6.390289
2/21/2024,12:08:17,51.66817,-6.280289
2/21/2024,12:08:17,51.60817,-6.170289
2/21/2024,12:08:17,51.52817,-6.080289
2/21/2024,12:08:17,51.44817,-5.980289
2/21/2024,12:08:17,51.37817,-5.870289
2/21/2024,12:08:18,51.30817,-5.760289
2/21/2024,12:08:18,51.21817,-5.670289
2/21/2024,12:08:18,51.12817,-5.580289
2/21/2024,12:08:18,51.05817,-5.470289
2/21/2024,12:08:18,50.97817,-5.370289
2/21/2024,12:08:19,50.87817,-5.290289
2/21/2024,12:08:19,50.78817,-5.210289
2/21/2024,12:08:19,50.69817,-5.110289
2/21/2024,12:08:19,50.61817,-5.020289
2/21/2024,12:08:19,50.51817,-4.940289
2/21/2024,12:08:20,50.41817,-4.860289
2/21/2024,12:08:20,50.32817,-4.770289
2/21/2024,12:08:20,50.23817,-4.680289
2/21/2024,12:08:20,50.13817,-4.600289
2/21/2024,12:08:20,50.03817,-4.520289
2/21/2024,12:08:21,49.93817,-4.430289
2/21/2024,12:08:21,49.83817,-4.360289
2/21/2024,12:08:21,49.72817,-4.300289
2/21/2024,12:08:21,49.61817,-4.230289
2/21/2024,12:08:21,49.50817,-4.150289
2/21/2024,12:08:22,49.40817,-4.080289
2/21/2024,12:08:22,49.29817,-4.020289
2/21/2024,12:08:22,49.18817,-3.940289
2/21/2024,12:08:22,49.06817,-3.880289
2/21/2024,12:08:22,48.93817,-3.810289
2/21/2024,12:08:23,48.80817,-3.750289
2/21/2024,12:08:23,48.68817,-3.680289
2/21/2024,12:08:23,48.55817,-3.620289
2/21/2024,12:08:23,48.41817,-3.570289
2/21/2024,12:08:23,48.27817,-3.510289
2/21/2024,12:08:24,48.14817,-3.450289
2/21/2024,12:08:24,48.00817,-3.390289
2/21/2024,12:08:24,47.86817,-3.340289
2/21/2024,12:08:24,47.71817,-3.280289
2/21/2024,12:08:24,47.56817,-3.220289
2/21/2024,12:08:25,47.40817,-3.160289
2/21/2024,12:08:25,47.24817,-3.110289
2/21/2024,12:08:25,47.08817,-3.060289
2/21/2024,12:08:25,46.92817,-3.000289
2/21/2024,12:08:25,46.76817,-2.950289
2/21/2024,12:08:26,46.59817,-2.910289
2/21/2024,12:08:26,46.42817,-2.860289
2/21/2024,12:08:26,46.26817,-2.810289
2/21/2024,12:08:26,46.08817,-2.770289
2/21/2024,12:08:26,45.90817,-2.720289
2/21/2024,12:08:27,45.71817,-2.670289
2/21/2024,12:08:27,45.53817,-2.630289
2/21/2024,12:08:27,45.34817,-2.580289
2/21/2024,12:08:27,45.16817,-2.530289
2/21/2024,12:08:27,44.97817,-2.480289
2/21/2024,12:08:28,44.79817,-2.430289
2/21/2024,12:08:28,44.60817,-2.370289
2/21/2024,12:08:28,44.42817,-2.330289
2/21/2024,12:08:28,44.22817,-2.290289
2/21/2024,12:08:28,44.03817,-2.240289
2/21/2024,12:08:29,43.83817,-2.190289
2/21/2024,12:08:29,43.63817,-2.140289
2/21/2024,12:08:29,43.43817,-2.090289
2/21/2024,12:08:29,43.24817,-2.040289
2/21/2024,12:08:29,43.04817,-1.980289
2/21/2024,12:08:30,42.85817,-1.930289
2/21/2024,12:08:30,42.65817,-1.880289
2/21/2024,12:08:30,42.45817,-1.820289
2/21/2024,12:08:30,42.26817,-1.760289
2/21/2024,12:08:30,42.06817,-1.700289
2/21/2024,12:08:31,41.86817,-1.650289
2/21/2024,12:08:31,41.66817,-1.600289
2/21/2024,12:08:31,41.46817,-1.550289
2/21/2024,12:08:31,41.27817,-1.490289
2/21/2024,12:08:31,41.06817,-1.430289
2/21/2024,12:08:32,40.86817,-1.370289
2/21/2024,12:08:32,40.66817,-1.310289
2/21/2024,12:08:32,40.46817,-1.250289
2/21/2024,12:08:32,40.26817,-1.190289
2/21/2024,12:08:32,40.05817,-1.140289
2/21/2024,12:08:33,39.85817,-1.080289
2/21/2024,12:08:33,39.65817,-1.020289
2/21/2024,12:08:33,39.45817,-0.960289
2/21/2024,12:08:33,39.25817,-0.900289
2/21/2024,12:08:33,39.05817,-0.830289
2/21/2024,12:08:34,38.86817,-0.770289
2/21/2024,12:08:34,38.65817,-0.710289
2/21/2024,12:08:34,38.45817,-0.640289
2/21/2024,12:08:34,38.25817,-0.580289
2/21/2024,12:08:34,38.04817,-0.520289
2/21/2024,12:08:35,37.83817,-0.450289
2/21/2024,12:08:35,37.62817,-0.390289
2/21/2024,12:08:35,37.43817,-0.340289
2/21/2024,12:08:35,37.23817,-0.280289
2/21/2024,12:08:35,37.03817,-0.210289
2/21/2024,12:08:36,36.82817,-0.150289
2/21/2024,12:08:36,36.62817,-0.080289
2/21/2024,12:08:36,36.41817,-0.020289
2/21/2024,12:08:36,36.21817,0.039711
2/21/2024,12:08:36,36.00817,0.099711
2/21/2024,12:08:37,35.80817,0.169711
2/21/2024,12:08:37,35.59817,0.229711
2/21/2024,12:08:37,35.40817,0.289711
2/21/2024,12:08:37,35.19817,0.349711
2/21/2024,12:08:37,34.99817,0.419711
2/21/2024,12:08:38,34.78817,0.479711
2/21/2024,12:08:38,34.57817,0.539711
2/21/2024,12:08:38,34.37817,0.609711
2/21/2024,12:08:38,34.16817,0.669711
2/21/2024,12:08:38,33.96817,0.729711
2/21/2024,12:08:39,33.75817,0.789711
2/21/2024,12:08:39,33.54817,0.859711
2/21/2024,12:08:39,33.33817,0.919711
2/21/2024,12:08:39,33.13817,0.979711
2/21/2024,12:08:39,32.92817,1.049711
2/21/2024,12:08:40,32.71817,1.109711
2/21/2024,12:08:40,32.50817,1.169711
2/21/2024,12:08:40,32.29817,1.229711
2/21/2024,12:08:40,32.07817,1.289711
2/21/2024,12:08:40,31.86817,1.349711
2/21/2024,12:08:41,31.65817,1.409711
2/21/2024,12:08:41,31.43817,1.469711
2/21/2024,12:08:41,31.22817,1.529711
2/21/2024,12:08:41,31.01817,1.589711
2/21/2024,12:08:41,30.80817,1.649711
2/21/2024,12:08:42,30.59817,1.709711
2/21/2024,12:08:42,30.37817,1.779711
2/21/2024,12:08:42,30.15817,1.839711
2/21/2024,12:08:42,29.93817,1.899711
2/21/2024,12:08:42,29.71817,1.949711
2/21/2024,12:08:43,29.49817,2.009711
2/21/2024,12:08:43,29.27817,2.069711
2/21/2024,12:08:43,29.06817,2.119711
2/21/2024,12:08:43,28.84817,2.179711
2/21/2024,12:08:43,28.63817,2.239711
2/21/2024,12:08:44,28.41817,2.299711
2/21/2024,12:08:44,28.19817,2.349711
2/21/2024,12:08:44,27.97817,2.409711
2/21/2024,12:08:44,27.76817,2.469711
2/21/2024,12:08:44,27.54817,2.519711
2/21/2024,12:08:45,27.32817,2.579711
2/21/2024,12:08:45,27.10817,2.629711
2/21/2024,12:08:45,26.88817,2.679711
2/21/2024,12:08:45,26.66817,2.739711
2/21/2024,12:08:45,26.44817,2.789711
2/21/2024,12:08:46,26.22817,2.839711
2/21/2024,12:08:46,25.99817,2.889711
2/21/2024,12:08:46,25.78817,2.939711
2/21/2024,12:08:46,25.56817,2.989711
2/21/2024,12:08:46,25.34817,3.039711
2/21/2024,12:08:47,25.13817,3.079711
2/21/2024,12:08:47,24.91817,3.139711
2/21/2024,12:08:47,24.70817,3.179711
2/21/2024,12:08:47,24.48817,3.229711
2/21/2024,12:08:47,24.27817,3.269711
2/21/2024,12:08:48,24.04817,3.309711
2/21/2024,12:08:48,23.82817,3.349711
2/21/2024,12:08:48,23.61817,3.389711
2/21/2024,12:08:48,23.39817,3.429711
2/21/2024,12:08:48,23.17817,3.469711
2/21/2024,12:08:49,22.96817,3.509711
2/21/2024,12:08:49,22.74817,3.549711
2/21/2024,12:08:49,22.53817,3.589711
2/21/2024,12:08:49,22.31817,3.619711
2/21/2024,12:08:49,22.09817,3.659711
2/21/2024,12:08:50,21.87817,3.689711
2/21/2024,12:08:50,21.65817,3.719711
2/21/2024,12:08:50,21.43817,3.749711
2/21/2024,12:08:50,21.21817,3.769711
2/21/2024,12:08:50,21.00817,3.799711
2/21/2024,12:08:51,20.78817,3.829711
2/21/2024,12:08:51,20.56817,3.849711
2/21/2024,12:08:51,20.34817,3.869711
2/21/2024,12:08:51,20.12817,3.899711
2/21/2024,12:08:51,19.89817,3.919711
2/21/2024,12:08:52,19.67817,3.939711
2/21/2024,12:08:52,19.45817,3.959711
2/21/2024,12:08:52,19.22817,3.979711
2/21/2024,12:08:52,19.00817,3.999711
2/21/2024,12:08:52,18.77817,4.009711
2/21/2024,12:08:53,18.55817,4.029711
2/21/2024,12:08:53,18.32817,4.039711
2/21/2024,12:08:53,18.10817,4.049711
2/21/2024,12:08:53,17.87817,4.069711
2/21/2024,12:08:53,17.63817,4.079711
2/21/2024,12:08:54,17.40817,4.089711
2/21/2024,12:08:54,17.16817,4.099711
2/21/2024,12:08:54,16.93817,4.109711
2/21/2024,12:08:54,16.69817,4.119711
2/21/2024,12:08:54,16.46817,4.129711
2/21/2024,12:08:55,16.22817,4.139711
2/21/2024,12:08:55,15.99817,4.149711
2/21/2024,12:08:55,15.76817,4.159711
2/21/2024,12:08:55,15.52817,4.169711
2/21/2024,12:08:55,15.28817,4.179711
2/21/2024,12:08:56,15.05817,4.179711
2/21/2024,12:08:56,14.81817,4.199711
2/21/2024,12:08:56,14.57817,4.199711
2/21/2024,12:08:56,14.33817,4.209711
2/21/2024,12:08:56,14.09817,4.219711
2/21/2024,12:08:57,13.85817,4.229711
2/21/2024,12:08:57,13.60817,4.239711
2/21/2024,12:08:57,13.37817,4.249711
2/21/2024,12:08:57,13.13817,4.259711
2/21/2024,12:08:57,12.88817,4.269711
2/21/2024,12:08:58,12.64817,4.279711
2/21/2024,12:08:58,12.41817,4.289711
2/21/2024,12:08:58,12.17817,4.299711
2/21/2024,12:08:58,11.93817,4.309711
2/21/2024,12:08:58,11.69817,4.319711
2/21/2024,12:08:59,11.44817,4.329711
2/21/2024,12:08:59,11.20817,4.339711
2/21/2024,12:08:59,10.96817,4.349711
2/21/2024,12:08:59,10.72817,4.369711
2/21/2024,12:08:59,10.48817,4.379711
2/21/2024,12:09:00,10.24817,4.389711
2/21/2024,12:09:00,10.00817,4.399711
2/21/2024,12:09:00,9.768169999,4.409711
2/21/2024,12:09:00,9.52817,4.429711
2/21/2024,12:09:00,9.28817,4.439711
2/21/2024,12:09:01,9.048169999,4.449711
2/21/2024,12:09:01,8.808169999,4.469711
2/21/2024,12:09:01,8.57817,4.479711
2/21/2024,12:09:01,8.338169999,4.489711
2/21/2024,12:09:01,8.098169999,4.499711
2/21/2024,12:09:02,7.85817,4.519711
2/21/2024,12:09:02,7.61817,4.539711
2/21/2024,12:09:02,7.378169999,4.559711
2/21/2024,12:09:02,7.128169999,4.579711
2/21/2024,12:09:02,6.888169999,4.609711
2/21/2024,12:09:03,6.638169999,4.629711
2/21/2024,12:09:03,6.39817,4.649711
2/21/2024,12:09:03,6.14817,4.679711
2/21/2024,12:09:03,5.89817,4.699711
2/21/2024,12:09:03,5.65817,4.729711
2/21/2024,12:09:04,5.418169999,4.749711
2/21/2024,12:09:04,5.168169999,4.789711
2/21/2024,12:09:04,4.918169999,4.819711
2/21/2024,12:09:04,4.668169999,4.859711
2/21/2024,12:09:04,4.418169999,4.899711
2/21/2024,12:09:05,4.168169999,4.939711
2/21/2024,12:09:05,3.918169999,4.989711
2/21/2024,12:09:05,3.668169999,5.029711
2/21/2024,12:09:05,3.418169999,5.079711
2/21/2024,12:09:05,3.178169999,5.129711
2/21/2024,12:09:06,2.93817,5.179711
2/21/2024,12:09:06,2.69817,5.229711
2/21/2024,12:09:06,2.468169999,5.299711
2/21/2024,12:09:06,2.22817,5.359711
2/21/2024,12:09:06,1.98817,5.429711
2/21/2024,12:09:07,1.74817,5.509711
2/21/2024,12:09:07,1.518169999,5.589711
2/21/2024,12:09:07,1.27817,5.659711
2/21/2024,12:09:07,1.03817,5.739711
2/21/2024,12:09:07,0.798169999,5.819711
2/21/2024,12:09:08,0.56817,5.899711
2/21/2024,12:09:08,0.338169999,5.989711
2/21/2024,12:09:08,0.11817,6.089711
2/21/2024,12:09:08,-0.10183,6.179711
2/21/2024,12:09:08,-0.321830001,6.279711
2/21/2024,12:09:09,-0.531830001,6.379711
2/21/2024,12:09:09,-0.741830001,6.489711
2/21/2024,12:09:09,-0.951830001,6.599711
2/21/2024,12:09:09,-1.151830001,6.709711
2/21/2024,12:09:09,-1.361830001,6.819711
2/21/2024,12:09:10,-1.571830001,6.939711
2/21/2024,12:09:10,-1.77183,7.059711
2/21/2024,12:09:10,-1.97183,7.179711
2/21/2024,12:09:10,-2.161830001,7.309711
2/21/2024,12:09:10,-2.35183,7.429711
2/21/2024,12:09:11,-2.531830001,7.559711
2/21/2024,12:09:11,-2.72183,7.689711
2/21/2024,12:09:11,-2.89183,7.829711
2/21/2024,12:09:11,-3.071830001,7.969711
2/21/2024,12:09:11,-3.241830001,8.109711
2/21/2024,12:09:12,-3.411830001,8.249711
2/21/2024,12:09:12,-3.581830001,8.399711
2/21/2024,12:09:12,-3.75183,8.539711
2/21/2024,12:09:12,-3.92183,8.689711
2/21/2024,12:09:12,-4.081830001,8.839711
2/21/2024,12:09:13,-4.231830001,8.989711
2/21/2024,12:09:13,-4.39183,9.139711
2/21/2024,12:09:13,-4.531830001,9.299711
2/21/2024,12:09:13,-4.68183,9.459711
2/21/2024,12:09:13,-4.821830001,9.609711
2/21/2024,12:09:14,-4.951830001,9.779711
2/21/2024,12:09:14,-5.081830001,9.939711
2/21/2024,12:09:14,-5.21183,10.099711
2/21/2024,12:09:14,-5.34183,10.269711
2/21/2024,12:09:14,-5.47183,10.439711
2/21/2024,12:09:15,-5.60183,10.609711
2/21/2024,12:09:15,-5.731830001,10.769711
2/21/2024,12:09:15,-5.84183,10.939711
2/21/2024,12:09:15,-5.96183,11.109711
2/21/2024,12:09:15,-6.071830001,11.289711
2/21/2024,12:09:16,-6.18183,11.469711
2/21/2024,12:09:16,-6.29183,11.639711
2/21/2024,12:09:16,-6.39183,11.819711
2/21/2024,12:09:16,-6.481830001,11.999711
2/21/2024,12:09:16,-6.581830001,12.179711
2/21/2024,12:09:17,-6.67183,12.359711
2/21/2024,12:09:17,-6.75183,12.539711
2/21/2024,12:09:17,-6.84183,12.719711
2/21/2024,12:09:17,-6.941830001,12.909711
2/21/2024,12:09:17,-7.01183,13.089711
2/21/2024,12:09:18,-7.09183,13.279711
2/21/2024,12:09:18,-7.161830001,13.459711
2/21/2024,12:09:18,-7.241830001,13.649711
2/21/2024,12:09:18,-7.30183,13.839711
2/21/2024,12:09:18,-7.371830001,14.019711
2/21/2024,12:09:19,-7.441830001,14.209711
2/21/2024,12:09:19,-7.50183,14.399711
2/21/2024,12:09:19,-7.56183,14.589711
2/21/2024,12:09:19,-7.621830001,14.779711
2/21/2024,12:09:19,-7.67183,14.969711
2/21/2024,12:09:20,-7.72183,15.159711
2/21/2024,12:09:20,-7.77183,15.349711
2/21/2024,12:09:20,-7.81183,15.549711
2/21/2024,12:09:20,-7.85183,15.739711
2/21/2024,12:09:20,-7.89183,15.929711
2/21/2024,12:09:21,-7.92183,16.119711
2/21/2024,12:09:21,-7.951830001,16.319711
2/21/2024,12:09:21,-7.991830001,16.509711
2/21/2024,12:09:21,-8.031830001,16.699711
2/21/2024,12:09:21,-8.05183,16.889711
2/21/2024,12:09:22,-8.06183,17.079711
2/21/2024,12:09:22,-8.081830001,17.279711
2/21/2024,12:09:22,-8.09183,17.479711
2/21/2024,12:09:22,-8.111830001,17.679711
2/21/2024,12:09:22,-8.121830001,17.879711
2/21/2024,12:09:23,-8.13183,18.069711
2/21/2024,12:09:23,-8.14183,18.259711
2/21/2024,12:09:23,-8.14183,18.459711
2/21/2024,12:09:23,-8.13183,18.659711
2/21/2024,12:09:23,-8.121830001,18.849711
2/21/2024,12:09:24,-8.121830001,19.039711
2/21/2024,12:09:24,-8.111830001,19.239711
2/21/2024,12:09:24,-8.09183,19.439711
2/21/2024,12:09:24,-8.071830001,19.629711
2/21/2024,12:09:24,-8.06183,19.829711
2/21/2024,12:09:25,-8.04183,20.019711
2/21/2024,12:09:25,-8.01183,20.219711
2/21/2024,12:09:25,-7.981830001,20.409711
2/21/2024,12:09:25,-7.96183,20.599711
2/21/2024,12:09:25,-7.92183,20.789711
2/21/2024,12:09:26,-7.89183,20.979711
2/21/2024,12:09:26,-7.861830001,21.169711
2/21/2024,12:09:26,-7.821830001,21.369711
2/21/2024,12:09:26,-7.781830001,21.559711
2/21/2024,12:09:26,-7.741830001,21.749711
2/21/2024,12:09:27,-7.691830001,21.939711
2/21/2024,12:09:27,-7.64183,22.129711
2/21/2024,12:09:27,-7.59183,22.309711
2/21/2024,12:09:27,-7.531830001,22.499711
2/21/2024,12:09:27,-7.481830001,22.679711
2/21/2024,12:09:28,-7.42183,22.859711
2/21/2024,12:09:28,-7.361830001,23.049711
2/21/2024,12:09:28,-7.29183,23.239711
2/21/2024,12:09:28,-7.22183,23.419711
2/21/2024,12:09:28,-7.161830001,23.599711
2/21/2024,12:09:29,-7.09183,23.779711
2/21/2024,12:09:29,-7.00183,23.959711
2/21/2024,12:09:29,-6.93183,24.139711
2/21/2024,12:09:29,-6.861830001,24.319711
2/21/2024,12:09:29,-6.77183,24.489711
2/21/2024,12:09:30,-6.68183,24.659711
2/21/2024,12:09:30,-6.60183,24.829711
2/21/2024,12:09:30,-6.51183,25.009711
2/21/2024,12:09:30,-6.411830001,25.179711
2/21/2024,12:09:30,-6.331830001,25.349711
2/21/2024,12:09:31,-6.231830001,25.509711
2/21/2024,12:09:31,-6.14183,25.679711
2/21/2024,12:09:31,-6.04183,25.839711
2/21/2024,12:09:31,-5.941830001,26.009711
2/21/2024,12:09:31,-5.831830001,26.169711
2/21/2024,12:09:32,-5.72183,26.329711
2/21/2024,12:09:32,-5.611830001,26.489711
2/21/2024,12:09:32,-5.50183,26.649711
2/21/2024,12:09:32,-5.39183,26.799711
2/21/2024,12:09:32,-5.27183,26.959711
2/21/2024,12:09:33,-5.151830001,27.109711
2/21/2024,12:09:33,-5.02183,27.259711
2/21/2024,12:09:33,-4.89183,27.399711
2/21/2024,12:09:33,-4.77183,27.549711
2/21/2024,12:09:33,-4.64183,27.689711
2/21/2024,12:09:34,-4.51183,27.839711
2/21/2024,12:09:34,-4.38183,27.979711
2/21/2024,12:09:34,-4.25183,28.109711
2/21/2024,12:09:34,-4.111830001,28.239711
2/21/2024,12:09:34,-3.981830001,28.379711
2/21/2024,12:09:35,-3.84183,28.519711
2/21/2024,12:09:35,-3.691830001,28.639711
2/21/2024,12:09:35,-3.55183,28.769711
2/21/2024,12:09:35,-3.401830001,28.899711
2/21/2024,12:09:35,-3.25183,29.019711
2/21/2024,12:09:36,-3.10183,29.139711
2/21/2024,12:09:36,-2.951830001,29.269711
2/21/2024,12:09:36,-2.80183,29.389711
2/21/2024,12:09:36,-2.64183,29.499711
2/21/2024,12:09:36,-2.481830001,29.609711
2/21/2024,12:09:37,-2.321830001,29.719711
2/21/2024,12:09:37,-2.161830001,29.819711
2/21/2024,12:09:37,-2.00183,29.919711
2/21/2024,12:09:37,-1.831830001,30.029711
2/21/2024,12:09:37,-1.67183,30.129711
2/21/2024,12:09:38,-1.50183,30.219711
2/21/2024,12:09:38,-1.34183,30.319711
2/21/2024,12:09:38,-1.17183,30.409711
2/21/2024,12:09:38,-1.00183,30.489711
2/21/2024,12:09:38,-0.831830001,30.579711
2/21/2024,12:09:39,-0.661830001,30.659711
2/21/2024,12:09:39,-0.481830001,30.739711
2/21/2024,12:09:39,-0.31183,30.809711
2/21/2024,12:09:39,-0.13183,30.889711
2/21/2024,12:09:39,0.03817,30.969711
2/21/2024,12:09:40,0.218169999,31.029711
2/21/2024,12:09:40,0.39817,31.099711
2/21/2024,12:09:40,0.57817,31.159711
2/21/2024,12:09:40,0.758169999,31.219711
2/21/2024,12:09:40,0.93817,31.279711
2/21/2024,12:09:41,1.11817,31.339711
2/21/2024,12:09:41,1.308169999,31.389711
2/21/2024,12:09:41,1.48817,31.429711
2/21/2024,12:09:41,1.668169999,31.479711
2/21/2024,12:09:41,1.85817,31.519711
2/21/2024,12:09:42,2.048169999,31.549711
2/21/2024,12:09:42,2.22817,31.589711
2/21/2024,12:09:42,2.40817,31.629711
2/21/2024,12:09:42,2.598169999,31.659711
2/21/2024,12:09:42,2.78817,31.679711
2/21/2024,12:09:43,2.968169999,31.709711
2/21/2024,12:09:43,3.15817,31.739711
2/21/2024,12:09:43,3.348169999,31.749711
2/21/2024,12:09:43,3.52817,31.769711
2/21/2024,12:09:43,3.718169999,31.779711
2/21/2024,12:09:44,3.90817,31.779711
2/21/2024,12:09:44,4.088169999,31.789711
2/21/2024,12:09:44,4.27817,31.799711
2/21/2024,12:09:44,4.468169999,31.809711
2/21/2024,12:09:44,4.65817,31.809711
2/21/2024,12:09:45,4.848169999,31.809711
2/21/2024,12:09:45,5.03817,31.799711
2/21/2024,12:09:45,5.218169999,31.789711
2/21/2024,12:09:45,5.39817,31.769711
2/21/2024,12:09:45,5.588169999,31.759711
2/21/2024,12:09:46,5.768169999,31.739711
2/21/2024,12:09:46,5.95817,31.719711
2/21/2024,12:09:46,6.138169999,31.699711
2/21/2024,12:09:46,6.32817,31.679711
2/21/2024,12:09:46,6.518169999,31.649711
2/21/2024,12:09:47,6.69817,31.629711
2/21/2024,12:09:47,6.888169999,31.599711
2/21/2024,12:09:47,7.07817,31.559711
2/21/2024,12:09:47,7.258169999,31.519711
2/21/2024,12:09:47,7.43817,31.489711
2/21/2024,12:09:48,7.60817,31.449711
2/21/2024,12:09:48,7.78817,31.399711
2/21/2024,12:09:48,7.97817,31.359711
2/21/2024,12:09:48,8.15817,31.319711
2/21/2024,12:09:48,8.338169999,31.269711
2/21/2024,12:09:49,8.518169999,31.229711
2/21/2024,12:09:49,8.70817,31.189711
2/21/2024,12:09:49,8.888169999,31.129711
2/21/2024,12:09:49,9.06817,31.079711
2/21/2024,12:09:49,9.24817,31.029711
2/21/2024,12:09:50,9.428169999,30.969711
2/21/2024,12:09:50,9.60817,30.909711
2/21/2024,12:09:50,9.78817,30.849711
2/21/2024,12:09:50,9.968169999,30.789711
2/21/2024,12:09:50,10.13817,30.729711
2/21/2024,12:09:51,10.31817,30.669711
2/21/2024,12:09:51,10.49817,30.609711
2/21/2024,12:09:51,10.67817,30.549711
2/21/2024,12:09:51,10.85817,30.479711
2/21/2024,12:09:51,11.03817,30.419711
2/21/2024,12:09:52,11.21817,30.349711
2/21/2024,12:09:52,11.39817,30.279711
2/21/2024,12:09:52,11.57817,30.209711
2/21/2024,12:09:52,11.74817,30.129711
2/21/2024,12:09:52,11.92817,30.059711
2/21/2024,12:09:53,12.11817,29.989711
2/21/2024,12:09:53,12.29817,29.919711
2/21/2024,12:09:53,12.47817,29.839711
2/21/2024,12:09:53,12.65817,29.769711
2/21/2024,12:09:53,12.84817,29.699711
2/21/2024,12:09:54,13.02817,29.619711
2/21/2024,12:09:54,13.19817,29.539711
2/21/2024,12:09:54,13.37817,29.449711
2/21/2024,12:09:54,13.55817,29.369711
2/21/2024,12:09:54,13.73817,29.299711
2/21/2024,12:09:55,13.92817,29.219711
2/21/2024,12:09:55,14.10817,29.149711
2/21/2024,12:09:55,14.28817,29.069711
2/21/2024,12:09:55,14.47817,28.999711
2/21/2024,12:09:55,14.64817,28.909711
2/21/2024,12:09:56,14.82817,28.829711
2/21/2024,12:09:56,15.00817,28.739711
2/21/2024,12:09:56,15.18817,28.659711
2/21/2024,12:09:56,15.36817,28.569711
2/21/2024,12:09:56,15.55817,28.489711
2/21/2024,12:09:57,15.73817,28.409711
2/21/2024,12:09:57,15.91817,28.329711
2/21/2024,12:09:57,16.10817,28.249711
2/21/2024,12:09:57,16.28817,28.159711
2/21/2024,12:09:57,16.46817,28.089711
2/21/2024,12:09:58,16.65817,28.009711
2/21/2024,12:09:58,16.83817,27.919711
2/21/2024,12:09:58,17.02817,27.849711
2/21/2024,12:09:58,17.20817,27.759711
2/21/2024,12:09:58,17.39817,27.679711
2/21/2024,12:09:59,17.57817,27.589711
2/21/2024,12:09:59,17.75817,27.509711
2/21/2024,12:09:59,17.94817,27.419711
2/21/2024,12:09:59,18.13817,27.339711
2/21/2024,12:09:59,18.32817,27.269711
2/21/2024,12:10:00,18.51817,27.189711
2/21/2024,12:10:00,18.71817,27.119711
2/21/2024,12:10:00,18.90817,27.039711
2/21/2024,12:10:00,19.10817,26.959711
2/21/2024,12:10:00,19.28817,26.869711
2/21/2024,12:10:01,19.47817,26.779711
2/21/2024,12:10:01,19.65817,26.689711
2/21/2024,12:10:01,19.85817,26.609711
2/21/2024,12:10:01,20.05817,26.539711
2/21/2024,12:10:01,20.25817,26.469711
2/21/2024,12:10:02,20.45817,26.399711
2/21/2024,12:10:02,20.65817,26.329711
2/21/2024,12:10:02,20.84817,26.259711
2/21/2024,12:10:02,21.04817,26.179711
2/21/2024,12:10:02,21.24817,26.099711
2/21/2024,12:10:03,21.44817,26.019711
2/21/2024,12:10:03,21.63817,25.939711
2/21/2024,12:10:03,21.83817,25.859711
2/21/2024,12:10:03,22.04817,25.789711
2/21/2024,12:10:03,22.25817,25.719711
2/21/2024,12:10:04,22.46817,25.649711
2/21/2024,12:10:04,22.67817,25.579711
2/21/2024,12:10:04,22.88817,25.509711
2/21/2024,12:10:04,23.09817,25.439711
2/21/2024,12:10:04,23.30817,25.359711
2/21/2024,12:10:05,23.51817,25.289711
2/21/2024,12:10:05,23.73817,25.209711
2/21/2024,12:10:05,23.94817,25.129711
2/21/2024,12:10:05,24.15817,25.049711
2/21/2024,12:10:05,24.38817,24.979711
2/21/2024,12:10:06,24.59817,24.909711
2/21/2024,12:10:06,24.81817,24.839711
2/21/2024,12:10:06,25.03817,24.769711
2/21/2024,12:10:06,25.25817,24.699711
2/21/2024,12:10:06,25.47817,24.629711
2/21/2024,12:10:07,25.69817,24.549711
2/21/2024,12:10:07,25.91817,24.479711
2/21/2024,12:10:07,26.13817,24.399711
2/21/2024,12:10:07,26.35817,24.329711
2/21/2024,12:10:07,26.58817,24.249711
2/21/2024,12:10:08,26.79817,24.169711
2/21/2024,12:10:08,27.02817,24.089711
2/21/2024,12:10:08,27.24817,24.029711
2/21/2024,12:10:08,27.46817,23.959711
2/21/2024,12:10:08,27.68817,23.879711
2/21/2024,12:10:09,27.91817,23.809711
2/21/2024,12:10:09,28.13817,23.729711
2/21/2024,12:10:09,28.35817,23.659711
2/21/2024,12:10:09,28.57817,23.579711
2/21/2024,12:10:09,28.80817,23.499711
2/21/2024,12:10:10,29.02817,23.429711
2/21/2024,12:10:10,29.24817,23.359711
2/21/2024,12:10:10,29.47817,23.289711
2/21/2024,12:10:10,29.69817,23.209711
2/21/2024,12:10:10,29.91817,23.129711
2/21/2024,12:10:11,30.13817,23.049711
2/21/2024,12:10:11,30.35817,22.969711
2/21/2024,12:10:11,30.58817,22.899711
2/21/2024,12:10:11,30.81817,22.829711
2/21/2024,12:10:11,31.03817,22.759711
2/21/2024,12:10:12,31.25817,22.689711
2/21/2024,12:10:12,31.48817,22.619711
2/21/2024,12:10:12,31.71817,22.539711
2/21/2024,12:10:12,31.93817,22.459711
2/21/2024,12:10:12,32.15817,22.379711
2/21/2024,12:10:13,32.38817,22.299711
2/21/2024,12:10:13,32.60817,22.229711
2/21/2024,12:10:13,32.83817,22.149711
2/21/2024,12:10:13,33.05817,22.079711
2/21/2024,12:10:13,33.28817,21.999711
2/21/2024,12:10:14,33.50817,21.929711
2/21/2024,12:10:14,33.73817,21.859711
2/21/2024,12:10:14,33.95817,21.789711
2/21/2024,12:10:14,34.18817,21.719711
2/21/2024,12:10:14,34.41817,21.649711
2/21/2024,12:10:15,34.63817,21.569711
2/21/2024,12:10:15,34.86817,21.489711
2/21/2024,12:10:15,35.08817,21.409711
2/21/2024,12:10:15,35.31817,21.329711
2/21/2024,12:10:15,35.54817,21.259711
2/21/2024,12:10:16,35.77817,21.199711
2/21/2024,12:10:16,36.00817,21.119711
2/21/2024,12:10:16,36.22817,21.049711
2/21/2024,12:10:16,36.46817,20.979711
2/21/2024,12:10:16,36.69817,20.899711
2/21/2024,12:10:17,36.91817,20.829711
2/21/2024,12:10:17,37.15817,20.749711
2/21/2024,12:10:17,37.38817,20.689711
2/21/2024,12:10:17,37.61817,20.609711
2/21/2024,12:10:17,37.84817,20.539711
2/21/2024,12:10:18,38.07817,20.469711
2/21/2024,12:10:18,38.30817,20.389711
2/21/2024,12:10:18,38.52817,20.319711
2/21/2024,12:10:18,38.75817,20.239711
2/21/2024,12:10:18,38.99817,20.169711
2/21/2024,12:10:19,39.22817,20.099711
2/21/2024,12:10:19,39.45817,20.039711
2/21/2024,12:10:19,39.69817,19.969711
2/21/2024,12:10:19,39.92817,19.889711
2/21/2024,12:10:19,40.15817,19.819711
2/21/2024,12:10:20,40.37817,19.749711
2/21/2024,12:10:20,40.60817,19.679711
2/21/2024,12:10:20,40.84817,19.609711
2/21/2024,12:10:20,41.07817,19.539711
2/21/2024,12:10:20,41.29817,19.469711
2/21/2024,12:10:21,41.53817,19.399711
2/21/2024,12:10:21,41.75817,19.329711
2/21/2024,12:10:21,41.98817,19.259711
2/21/2024,12:10:21,42.20817,19.189711
2/21/2024,12:10:21,42.43817,19.119711
2/21/2024,12:10:22,42.66817,19.069711
2/21/2024,12:10:22,42.89817,19.009711
2/21/2024,12:10:22,43.11817,18.949711
2/21/2024,12:10:22,43.34817,18.889711
2/21/2024,12:10:22,43.56817,18.829711
2/21/2024,12:10:23,43.79817,18.759711
2/21/2024,12:10:23,44.01817,18.689711
2/21/2024,12:10:23,44.23817,18.629711
2/21/2024,12:10:23,44.46817,18.569711
2/21/2024,12:10:23,44.68817,18.509711
2/21/2024,12:10:24,44.91817,18.449711
2/21/2024,12:10:24,45.14817,18.399711
2/21/2024,12:10:24,45.36817,18.359711
2/21/2024,12:10:24,45.58817,18.309711
2/21/2024,12:10:24,45.81817,18.259711
2/21/2024,12:10:25,46.04817,18.199711
2/21/2024,12:10:25,46.26817,18.149711
2/21/2024,12:10:25,46.48817,18.089711
2/21/2024,12:10:25,46.71817,18.029711
2/21/2024,12:10:25,46.94817,17.969711
2/21/2024,12:10:26,47.18817,17.929711
2/21/2024,12:10:26,47.42817,17.889711
2/21/2024,12:10:26,47.65817,17.849711
2/21/2024,12:10:26,47.88817,17.809711
2/21/2024,12:10:26,48.11817,17.769711
2/21/2024,12:10:27,48.35817,17.719711
2/21/2024,12:10:27,48.58817,17.659711
2/21/2024,12:10:27,48.81817,17.609711
2/21/2024,12:10:27,49.05817,17.559711
2/21/2024,12:10:27,49.29817,17.509711
2/21/2024,12:10:28,49.53817,17.469711
2/21/2024,12:10:28,49.77817,17.429711
2/21/2024,12:10:28,50.01817,17.399711
2/21/2024,12:10:28,50.25817,17.369711
2/21/2024,12:10:28,50.49817,17.319711
2/21/2024,12:10:29,50.73817,17.269711
2/21/2024,12:10:29,50.96817,17.219711
2/21/2024,12:10:29,51.20817,17.169711
2/21/2024,12:10:29,51.44817,17.119711
2/21/2024,12:10:29,51.69817,17.079711
2/21/2024,12:10:30,51.93817,17.029711
2/21/2024,12:10:30,52.17817,16.999711
2/21/2024,12:10:30,52.41817,16.959711
2/21/2024,12:10:30,52.65817,16.919711
2/21/2024,12:10:30,52.89817,16.879711
2/21/2024,12:10:31,53.14817,16.839711
2/21/2024,12:10:31,53.38817,16.799711
2/21/2024,12:10:31,53.62817,16.749711
2/21/2024,12:10:31,53.86817,16.709711
2/21/2024,12:10:31,54.10817,16.659711
2/21/2024,12:10:32,54.34817,16.619711
2/21/2024,12:10:32,54.58817,16.579711
2/21/2024,12:10:32,54.82817,16.529711
2/21/2024,12:10:32,55.06817,16.489711
2/21/2024,12:10:32,55.30817,16.449711
2/21/2024,12:10:33,55.55817,16.419711
2/21/2024,12:10:33,55.79817,16.369711
2/21/2024,12:10:33,56.03817,16.329711
2/21/2024,12:10:33,56.27817,16.289711
2/21/2024,12:10:33,56.51817,16.239711
2/21/2024,12:10:34,56.75817,16.199711
2/21/2024,12:10:34,57.00817,16.159711
2/21/2024,12:10:34,57.24817,16.119711
2/21/2024,12:10:34,57.49817,16.079711
2/21/2024,12:10:34,57.73817,16.029711
2/21/2024,12:10:35,57.97817,15.989711
2/21/2024,12:10:35,58.21817,15.949711
2/21/2024,12:10:35,58.45817,15.909711
2/21/2024,12:10:35,58.69817,15.859711
2/21/2024,12:10:35,58.93817,15.819711
2/21/2024,12:10:36,59.17817,15.779711
2/21/2024,12:10:36,59.41817,15.749711
2/21/2024,12:10:36,59.65817,15.709711
2/21/2024,12:10:36,59.89817,15.679711
2/21/2024,12:10:36,60.13817,15.639711
2/21/2024,12:10:37,60.37817,15.599711
2/21/2024,12:10:37,60.61817,15.549711
2/21/2024,12:10:37,60.84817,15.509711
2/21/2024,12:10:37,61.07817,15.469711
2/21/2024,12:10:37,61.30817,15.429711
2/21/2024,12:10:38,61.53817,15.399711
2/21/2024,12:10:38,61.76817,15.379711
2/21/2024,12:10:38,62.00817,15.349711
2/21/2024,12:10:38,62.22817,15.319711
2/21/2024,12:10:38,62.45817,15.299711
2/21/2024,12:10:39,62.67817,15.269711
2/21/2024,12:10:39,62.89817,15.249711
2/21/2024,12:10:39,63.11817,15.219711
2/21/2024,12:10:39,63.31817,15.189711
2/21/2024,12:10:39,63.52817,15.159711
2/21/2024,12:10:40,63.73817,15.129711
2/21/2024,12:10:40,63.94817,15.119711
2/21/2024,12:10:40,64.14817,15.109711
2/21/2024,12:10:40,64.35817,15.109711
2/21/2024,12:10:40,64.55817,15.109711
2/21/2024,12:10:41,64.75817,15.109711
2/21/2024,12:10:41,64.95817,15.109711
2/21/2024,12:10:41,65.14817,15.109711
2/21/2024,12:10:41,65.33817,15.099711
2/21/2024,12:10:41,65.52817,15.099711
2/21/2024,12:10:42,65.71817,15.099711
2/21/2024,12:10:42,65.90817,15.109711
2/21/2024,12:10:42,66.08817,15.109711
2/21/2024,12:10:42,66.27817,15.119711
2/21/2024,12:10:42,66.45817,15.139711
2/21/2024,12:10:43,66.63817,15.169711
2/21/2024,12:10:43,66.81817,15.189711
2/21/2024,12:10:43,66.99817,15.219711
2/21/2024,12:10:43,67.17817,15.239711
2/21/2024,12:10:43,67.34817,15.269711
2/21/2024,12:10:44,67.51817,15.289711
2/21/2024,12:10:44,67.68817,15.319711
2/21/2024,12:10:44,67.86817,15.369711
2/21/2024,12:10:44,68.04817,15.409711
2/21/2024,12:10:44,68.21817,15.449711
2/21/2024,12:10:45,68.38817,15.489711
2/21/2024,12:10:45,68.54817,15.539711
2/21/2024,12:10:45,68.71817,15.579711
2/21/2024,12:10:45,68.87817,15.629711
2/21/2024,12:10:45,69.03817,15.679711
2/21/2024,12:10:46,69.18817,15.739711
2/21/2024,12:10:46,69.34817,15.789711
2/21/2024,12:10:46,69.49817,15.839711
2/21/2024,12:10:46,69.65817,15.899711
2/21/2024,12:10:46,69.80817,15.969711
2/21/2024,12:10:47,69.95817,16.029711
2/21/2024,12:10:47,70.10817,16.089711
2/21/2024,12:10:47,70.25817,16.169711
2/21/2024,12:10:47,70.40817,16.239711
2/21/2024,12:10:47,70.54817,16.319711
2/21/2024,12:10:48,70.68817,16.399711
2/21/2024,12:10:48,70.82817,16.479711
2/21/2024,12:10:48,70.96817,16.549711
2/21/2024,12:10:48,71.10817,16.629711
2/21/2024,12:10:48,71.24817,16.719711
2/21/2024,12:10:49,71.37817,16.799711
2/21/2024,12:10:49,71.50817,16.889711
2/21/2024,12:10:49,71.62817,16.969711
2/21/2024,12:10:49,71.75817,17.059711
2/21/2024,12:10:49,71.87817,17.149711
2/21/2024,12:10:50,71.98817,17.249711
2/21/2024,12:10:50,72.10817,17.339711
2/21/2024,12:10:50,72.21817,17.439711
2/21/2024,12:10:50,72.32817,17.539711
2/21/2024,12:10:50,72.43817,17.629711
2/21/2024,12:10:51,72.54817,17.729711
2/21/2024,12:10:51,72.65817,17.829711
2/21/2024,12:10:51,72.75817,17.929711
2/21/2024,12:10:51,72.85817,18.029711
2/21/2024,12:10:51,72.95817,18.139711
2/21/2024,12:10:52,73.04817,18.239711
2/21/2024,12:10:52,73.14817,18.349711
2/21/2024,12:10:52,73.23817,18.459711
2/21/2024,12:10:52,73.33817,18.569711
2/21/2024,12:10:52,73.41817,18.689711
2/21/2024,12:10:53,73.49817,18.809711
2/21/2024,12:10:53,73.57817,18.919711
2/21/2024,12:10:53,73.65817,19.029711
2/21/2024,12:10:53,73.73817,19.149711
2/21/2024,12:10:53,73.81817,19.269711
2/21/2024,12:10:54,73.89817,19.379711
2/21/2024,12:10:54,73.96817,19.499711
2/21/2024,12:10:54,74.02817,19.629711
2/21/2024,12:10:54,74.10817,19.749711
2/21/2024,12:10:54,74.16817,19.869711
2/21/2024,12:10:55,74.22817,19.989711
2/21/2024,12:10:55,74.28817,20.119711
2/21/2024,12:10:55,74.35817,20.239711
2/21/2024,12:10:55,74.40817,20.369711
2/21/2024,12:10:55,74.45817,20.499711
2/21/2024,12:10:56,74.49817,20.619711
2/21/2024,12:10:56,74.55817,20.739711
2/21/2024,12:10:56,74.60817,20.869711
2/21/2024,12:10:56,74.64817,21.009711
2/21/2024,12:10:56,74.68817,21.139711
2/21/2024,12:10:57,74.73817,21.259711
2/21/2024,12:10:57,74.76817,21.389711
2/21/2024,12:10:57,74.79817,21.519711
2/21/2024,12:10:57,74.82817,21.649711
2/21/2024,12:10:57,74.86817,21.769711
2/21/2024,12:10:58,74.88817,21.899711
2/21/2024,12:10:58,74.90817,22.039711
2/21/2024,12:10:58,74.92817,22.159711
2/21/2024,12:10:58,74.94817,22.289711
2/21/2024,12:10:58,74.95817,22.419711
2/21/2024,12:10:59,74.97817,22.549711
2/21/2024,12:10:59,74.99817,22.679711
2/21/2024,12:10:59,74.99817,22.809711
2/21/2024,12:10:59,74.99817,22.939711
2/21/2024,12:10:59,74.99817,23.069711
2/21/2024,12:11:00,75.00817,23.199711
2/21/2024,12:11:00,75.00817,23.329711
2/21/2024,12:11:00,75.00817,23.459711
2/21/2024,12:11:00,74.99817,23.589711
2/21/2024,12:11:00,74.99817,23.719711
2/21/2024,12:11:01,74.98817,23.839711
2/21/2024,12:11:01,74.95817,23.969711
2/21/2024,12:11:01,74.94817,24.089711
2/21/2024,12:11:01,74.93817,24.209711
2/21/2024,12:11:01,74.90817,24.339711
2/21/2024,12:11:02,74.87817,24.469711
2/21/2024,12:11:02,74.85817,24.599711
2/21/2024,12:11:02,74.84817,24.729711
2/21/2024,12:11:02,74.82817,24.859711
2/21/2024,12:11:02,74.79817,24.979711
2/21/2024,12:11:03,74.76817,25.099711
2/21/2024,12:11:03,74.73817,25.219711
2/21/2024,12:11:03,74.68817,25.329711
2/21/2024,12:11:03,74.62817,25.449711
2/21/2024,12:11:03,74.58817,25.579711
2/21/2024,12:11:04,74.55817,25.699711
2/21/2024,12:11:04,74.50817,25.819711
2/21/2024,12:11:04,74.46817,25.939711
2/21/2024,12:11:04,74.43817,26.059711
2/21/2024,12:11:04,74.39817,26.179711
2/21/2024,12:11:05,74.33817,26.279711
2/21/2024,12:11:05,74.27817,26.389711
2/21/2024,12:11:05,74.21817,26.509711
2/21/2024,12:11:05,74.15817,26.619711
2/21/2024,12:11:05,74.08817,26.719711
2/21/2024,12:11:06,74.01817,26.829711
2/21/2024,12:11:06,73.96817,26.949711
2/21/2024,12:11:06,73.90817,27.059711
2/21/2024,12:11:06,73.83817,27.159711
2/21/2024,12:11:06,73.76817,27.269711
2/21/2024,12:11:07,73.69817,27.379711
2/21/2024,12:11:07,73.62817,27.489711
2/21/2024,12:11:07,73.53817,27.599711
2/21/2024,12:11:07,73.44817,27.699711
2/21/2024,12:11:07,73.36817,27.799711
2/21/2024,12:11:08,73.27817,27.899711
2/21/2024,12:11:08,73.17817,27.999711
2/21/2024,12:11:08,73.09817,28.099711
2/21/2024,12:11:08,73.00817,28.199711
2/21/2024,12:11:08,72.90817,28.299711
2/21/2024,12:11:09,72.80817,28.409711
2/21/2024,12:11:09,72.70817,28.519711
2/21/2024,12:11:09,72.59817,28.629711
2/21/2024,12:11:09,72.48817,28.729711
2/21/2024,12:11:09,72.35817,28.829711
2/21/2024,12:11:10,72.23817,28.929711
2/21/2024,12:11:10,72.11817,29.029711
2/21/2024,12:11:10,71.98817,29.129711
2/21/2024,12:11:10,71.85817,29.229711
2/21/2024,12:11:10,71.72817,29.329711
2/21/2024,12:11:11,71.60817,29.439711
2/21/2024,12:11:11,71.46817,29.549711
2/21/2024,12:11:11,71.33817,29.649711
2/21/2024,12:11:11,71.19817,29.749711
2/21/2024,12:11:11,71.04817,29.849711
2/21/2024,12:11:12,70.90817,29.949711
2/21/2024,12:11:12,70.75817,30.049711
2/21/2024,12:11:12,70.61817,30.149711
2/21/2024,12:11:12,70.46817,30.249711
2/21/2024,12:11:12,70.31817,30.359711
2/21/2024,12:11:13,70.16817,30.459711
2/21/2024,12:11:13,70.01817,30.569711
2/21/2024,12:11:13,69.86817,30.679711
2/21/2024,12:11:13,69.70817,30.779711
2/21/2024,12:11:13,69.54817,30.879711
2/21/2024,12:11:14,69.38817,30.979711
2/21/2024,12:11:14,69.22817,31.079711
2/21/2024,12:11:14,69.07817,31.179711
2/21/2024,12:11:14,68.91817,31.289711
2/21/2024,12:11:14,68.75817,31.389711
2/21/2024,12:11:15,68.59817,31.499711
2/21/2024,12:11:15,68.42817,31.599711
2/21/2024,12:11:15,68.25817,31.699711
2/21/2024,12:11:15,68.09817,31.789711
2/21/2024,12:11:15,67.92817,31.889711
2/21/2024,12:11:16,67.75817,31.989711
2/21/2024,12:11:16,67.58817,32.099711
2/21/2024,12:11:16,67.42817,32.199711
2/21/2024,12:11:16,67.25817,32.309711
2/21/2024,12:11:16,67.08817,32.409711
2/21/2024,12:11:17,66.91817,32.509711
2/21/2024,12:11:17,66.74817,32.609711
2/21/2024,12:11:17,66.56817,32.709711
2/21/2024,12:11:17,66.38817,32.799711
2/21/2024,12:11:17,66.21817,32.899711
2/21/2024,12:11:18,66.04817,32.999711
2/21/2024,12:11:18,65.86817,33.099711
2/21/2024,12:11:18,65.69817,33.199711
2/21/2024,12:11:18,65.52817,33.309711
2/21/2024,12:11:18,65.34817,33.409711
2/21/2024,12:11:19,65.15817,33.509711
2/21/2024,12:11:19,64.97817,33.599711
2/21/2024,12:11:19,64.78817,33.699711
2/21/2024,12:11:19,64.60817,33.789711
2/21/2024,12:11:19,64.42817,33.889711
2/21/2024,12:11:20,64.24817,33.979711
2/21/2024,12:11:20,64.05817,34.079711
2/21/2024,12:11:20,63.87817,34.169711
2/21/2024,12:11:20,63.69817,34.269711
2/21/2024,12:11:20,63.50817,34.369711
2/21/2024,12:11:21,63.32817,34.469711
2/21/2024,12:11:21,63.13817,34.569711
2/21/2024,12:11:21,62.94817,34.659711
2/21/2024,12:11:21,62.75817,34.759711
2/21/2024,12:11:21,62.55817,34.849711
2/21/2024,12:11:22,62.36817,34.939711
2/21/2024,12:11:22,62.16817,35.029711
2/21/2024,12:11:22,61.97817,35.119711
2/21/2024,12:11:22,61.78817,35.219711
2/21/2024,12:11:22,61.60817,35.309711
2/21/2024,12:11:23,61.41817,35.409711
2/21/2024,12:11:23,61.21817,35.499711
2/21/2024,12:11:23,61.02817,35.599711
2/21/2024,12:11:23,60.82817,35.689711
2/21/2024,12:11:23,60.62817,35.779711
2/21/2024,12:11:24,60.43817,35.869711
2/21/2024,12:11:24,60.23817,35.949711
2/21/2024,12:11:24,60.03817,36.039711
2/21/2024,12:11:24,59.83817,36.129711
2/21/2024,12:11:24,59.63817,36.229711
2/21/2024,12:11:25,59.43817,36.319711
2/21/2024,12:11:25,59.24817,36.409711
2/21/2024,12:11:25,59.04817,36.499711
2/21/2024,12:11:25,58.84817,36.589711
2/21/2024,12:11:25,58.64817,36.679711
2/21/2024,12:11:26,58.44817,36.759711
2/21/2024,12:11:26,58.24817,36.849711
2/21/2024,12:11:26,58.03817,36.929711
2/21/2024,12:11:26,57.83817,37.019711
2/21/2024,12:11:26,57.63817,37.109711
2/21/2024,12:11:27,57.44817,37.199711
2/21/2024,12:11:27,57.24817,37.289711
2/21/2024,12:11:27,57.04817,37.379711
2/21/2024,12:11:27,56.83817,37.469711
2/21/2024,12:11:27,56.62817,37.559711
2/21/2024,12:11:28,56.41817,37.649711
2/21/2024,12:11:28,56.20817,37.729711
2/21/2024,12:11:28,55.99817,37.809711
2/21/2024,12:11:28,55.78817,37.889711
2/21/2024,12:11:28,55.57817,37.969711
2/21/2024,12:11:29,55.37817,38.059711
2/21/2024,12:11:29,55.17817,38.149711
2/21/2024,12:11:29,54.97817,38.239711
2/21/2024,12:11:29,54.77817,38.329711
2/21/2024,12:11:29,54.56817,38.409711
2/21/2024,12:11:30,54.35817,38.499711
2/21/2024,12:11:30,54.14817,38.579711
2/21/2024,12:11:30,53.93817,38.659711
2/21/2024,12:11:30,53.71817,38.739711
2/21/2024,12:11:30,53.50817,38.819711
2/21/2024,12:11:31,53.29817,38.909711
2/21/2024,12:11:31,53.08817,38.989711
2/21/2024,12:11:31,52.87817,39.069711
2/21/2024,12:11:31,52.66817,39.159711
2/21/2024,12:11:31,52.45817,39.239711
2/21/2024,12:11:32,52.24817,39.319711
2/21/2024,12:11:32,52.03817,39.409711
2/21/2024,12:11:32,51.82817,39.489711
2/21/2024,12:11:32,51.60817,39.569711
2/21/2024,12:11:32,51.38817,39.649711
2/21/2024,12:11:33,51.16817,39.719711
2/21/2024,12:11:33,50.94817,39.799711
2/21/2024,12:11:33,50.72817,39.889711
2/21/2024,12:11:33,50.51817,39.969711
2/21/2024,12:11:33,50.29817,40.049711
2/21/2024,12:11:34,50.07817,40.139711
2/21/2024,12:11:34,49.85817,40.219711
2/21/2024,12:11:34,49.64817,40.299711
2/21/2024,12:11:34,49.41817,40.379711
2/21/2024,12:11:34,49.20817,40.459711
2/21/2024,12:11:35,48.98817,40.549711
2/21/2024,12:11:35,48.76817,40.629711
2/21/2024,12:11:35,48.54817,40.709711
2/21/2024,12:11:35,48.32817,40.789711
2/21/2024,12:11:35,48.10817,40.869711
2/21/2024,12:11:36,47.88817,40.959711
2/21/2024,12:11:36,47.65817,41.039711
2/21/2024,12:11:36,47.43817,41.119711
2/21/2024,12:11:36,47.22817,41.199711
2/21/2024,12:11:36,47.00817,41.279711
2/21/2024,12:11:37,46.78817,41.359711
2/21/2024,12:11:37,46.57817,41.439711
2/21/2024,12:11:37,46.35817,41.519711
2/21/2024,12:11:37,46.14817,41.599711
2/21/2024,12:11:37,45.92817,41.679711
2/21/2024,12:11:38,45.71817,41.759711
2/21/2024,12:11:38,45.49817,41.839711
2/21/2024,12:11:38,45.27817,41.919711
2/21/2024,12:11:38,45.05817,41.999711
2/21/2024,12:11:38,44.83817,42.079711
2/21/2024,12:11:39,44.61817,42.159711
2/21/2024,12:11:39,44.40817,42.239711
2/21/2024,12:11:39,44.18817,42.319711
2/21/2024,12:11:39,43.97817,42.399711
2/21/2024,12:11:39,43.75817,42.469711
2/21/2024,12:11:40,43.53817,42.549711
2/21/2024,12:11:40,43.32817,42.629711
2/21/2024,12:11:40,43.11817,42.709711
2/21/2024,12:11:40,42.90817,42.789711
2/21/2024,12:11:40,42.68817,42.869711
2/21/2024,12:11:41,42.47817,42.949711
2/21/2024,12:11:41,42.24817,43.029711
2/21/2024,12:11:41,42.02817,43.109711
2/21/2024,12:11:41,41.80817,43.179711
2/21/2024,12:11:41,41.57817,43.259711
2/21/2024,12:11:42,41.35817,43.329711
2/21/2024,12:11:42,41.14817,43.409711
2/21/2024,12:11:42,40.92817,43.479711
2/21/2024,12:11:42,40.70817,43.559711
2/21/2024,12:11:42,40.49817,43.639711
2/21/2024,12:11:43,40.27817,43.719711
2/21/2024,12:11:43,40.05817,43.799711
2/21/2024,12:11:43,39.83817,43.879711
2/21/2024,12:11:43,39.61817,43.959711
2/21/2024,12:11:43,39.38817,44.029711
2/21/2024,12:11:44,39.16817,44.109711
2/21/2024,12:11:44,38.94817,44.179711
2/21/2024,12:11:44,38.72817,44.259711
2/21/2024,12:11:44,38.49817,44.329711
2/21/2024,12:11:44,38.27817,44.409711
2/21/2024,12:11:45,38.04817,44.489711
2/21/2024,12:11:45,37.82817,44.559711
2/21/2024,12:11:45,37.59817,44.639711
2/21/2024,12:11:45,37.37817,44.709711
2/21/2024,12:11:45,37.15817,44.789711
2/21/2024,12:11:46,36.93817,44.869711
2/21/2024,12:11:46,36.71817,44.939711
2/21/2024,12:11:46,36.48817,45.009711
2/21/2024,12:11:46,36.26817,45.089711
2/21/2024,12:11:46,36.03817,45.169711
2/21/2024,12:11:47,35.81817,45.249711
2/21/2024,12:11:47,35.58817,45.319711
2/21/2024,12:11:47,35.34817,45.399711
2/21/2024,12:11:47,35.12817,45.469711
2/21/2024,12:11:47,34.89817,45.539711
2/21/2024,12:11:48,34.67817,45.619711
2/21/2024,12:11:48,34.45817,45.689711
2/21/2024,12:11:48,34.23817,45.769711
2/21/2024,12:11:48,34.00817,45.839711
2/21/2024,12:11:48,33.78817,45.919711
2/21/2024,12:11:49,33.56817,45.989711
2/21/2024,12:11:49,33.33817,46.069711
2/21/2024,12:11:49,33.10817,46.139711
2/21/2024,12:11:49,32.87817,46.219711
2/21/2024,12:11:49,32.64817,46.289711
2/21/2024,12:11:50,32.41817,46.359711
2/21/2024,12:11:50,32.19817,46.429711
2/21/2024,12:11:50,31.97817,46.509711
2/21/2024,12:11:50,31.74817,46.579711
2/21/2024,12:11:50,31.52817,46.659711
2/21/2024,12:11:51,31.30817,46.729711
2/21/2024,12:11:51,31.07817,46.809711
2/21/2024,12:11:51,30.85817,46.879711
2/21/2024,12:11:51,30.62817,46.959711
2/21/2024,12:11:51,30.40817,47.029711
2/21/2024,12:11:52,30.17817,47.109711
2/21/2024,12:11:52,29.94817,47.179711
2/21/2024,12:11:52,29.72817,47.249711
2/21/2024,12:11:52,29.50817,47.319711
2/21/2024,12:11:52,29.27817,47.399711
2/21/2024,12:11:53,29.04817,47.469711
2/21/2024,12:11:53,28.82817,47.539711
2/21/2024,12:11:53,28.60817,47.619711
2/21/2024,12:11:53,28.37817,47.689711
2/21/2024,12:11:53,28.15817,47.769711
2/21/2024,12:11:54,27.92817,47.839711
2/21/2024,12:11:54,27.70817,47.909711
2/21/2024,12:11:54,27.47817,47.989711
2/21/2024,12:11:54,27.25817,48.059711
2/21/2024,12:11:54,27.02817,48.129711
2/21/2024,12:11:55,26.80817,48.209711
2/21/2024,12:11:55,26.57817,48.279711
2/21/2024,12:11:55,26.35817,48.349711
2/21/2024,12:11:55,26.12817,48.419711
2/21/2024,12:11:55,25.90817,48.499711
2/21/2024,12:11:56,25.67817,48.569711
2/21/2024,12:11:56,25.44817,48.639711
2/21/2024,12:11:56,25.22817,48.719711
2/21/2024,12:11:56,24.99817,48.789711
2/21/2024,12:11:56,24.76817,48.869711
2/21/2024,12:11:57,24.53817,48.939711
2/21/2024,12:11:57,24.31817,49.019711
2/21/2024,12:11:57,24.07817,49.089711
2/21/2024,12:11:57,23.84817,49.169711
2/21/2024,12:11:57,23.62817,49.239711
2/21/2024,12:11:58,23.38817,49.319711
2/21/2024,12:11:58,23.15817,49.399711
2/21/2024,12:11:58,22.93817,49.479711
2/21/2024,12:11:58,22.69817,49.559711
2/21/2024,12:11:58,22.46817,49.639711
2/21/2024,12:11:59,22.23817,49.719711
2/21/2024,12:11:59,21.99817,49.799711
2/21/2024,12:11:59,21.76817,49.879711
2/21/2024,12:11:59,21.53817,49.959711
2/21/2024,12:11:59,21.30817,50.049711
2/21/2024,12:12:00,21.07817,50.129711
2/21/2024,12:12:00,20.84817,50.219711
2/21/2024,12:12:00,20.61817,50.299711
2/21/2024,12:12:00,20.39817,50.389711
2/21/2024,12:12:00,20.16817,50.479711
2/21/2024,12:12:01,19.93817,50.569711
2/21/2024,12:12:01,19.70817,50.659711
2/21/2024,12:12:01,19.47817,50.749711
2/21/2024,12:12:01,19.24817,50.839711
2/21/2024,12:12:01,19.01817,50.919711
2/21/2024,12:12:02,18.78817,51.009711
2/21/2024,12:12:02,18.56817,51.109711
2/21/2024,12:12:02,18.34817,51.199711
2/21/2024,12:12:02,18.12817,51.289711
2/21/2024,12:12:02,17.90817,51.389711
2/21/2024,12:12:03,17.68817,51.479711
2/21/2024,12:12:03,17.46817,51.569711
2/21/2024,12:12:03,17.23817,51.669711
2/21/2024,12:12:03,17.01817,51.759711
2/21/2024,12:12:03,16.80817,51.849711
2/21/2024,12:12:04,16.58817,51.939711
2/21/2024,12:12:04,16.36817,52.029711
2/21/2024,12:12:04,16.15817,52.129711
2/21/2024,12:12:04,15.94817,52.219711
2/21/2024,12:12:04,15.72817,52.319711
2/21/2024,12:12:05,15.50817,52.409711
2/21/2024,12:12:05,15.29817,52.499711
2/21/2024,12:12:05,15.07817,52.599711
2/21/2024,12:12:05,14.85817,52.689711
2/21/2024,12:12:05,14.64817,52.779711
2/21/2024,12:12:06,14.42817,52.879711
2/21/2024,12:12:06,14.21817,52.969711
2/21/2024,12:12:06,14.00817,53.059711
2/21/2024,12:12:06,13.79817,53.159711
2/21/2024,12:12:06,13.57817,53.249711
2/21/2024,12:12:07,13.36817,53.349711
2/21/2024,12:12:07,13.14817,53.439711
2/21/2024,12:12:07,12.92817,53.529711
2/21/2024,12:12:07,12.69817,53.629711
2/21/2024,12:12:07,12.48817,53.719711
2/21/2024,12:12:08,12.26817,53.819711
2/21/2024,12:12:08,12.03817,53.919711
2/21/2024,12:12:08,11.81817,54.029711
2/21/2024,12:12:08,11.59817,54.139711
2/21/2024,12:12:08,11.37817,54.239711
2/21/2024,12:12:09,11.15817,54.339711
2/21/2024,12:12:09,10.93817,54.449711
2/21/2024,12:12:09,10.71817,54.549711
2/21/2024,12:12:09,10.49817,54.649711
2/21/2024,12:12:09,10.27817,54.759711
2/21/2024,12:12:10,10.05817,54.859711
2/21/2024,12:12:10,9.82817,54.969711
2/21/2024,12:12:10,9.60817,55.089711
2/21/2024,12:12:10,9.388169999,55.209711
2/21/2024,12:12:10,9.168169999,55.329711
2/21/2024,12:12:11,8.94817,55.449711
2/21/2024,12:12:11,8.72817,55.579711
2/21/2024,12:12:11,8.518169999,55.709711
2/21/2024,12:12:11,8.308169999,55.839711
2/21/2024,12:12:11,8.098169999,55.969711
2/21/2024,12:12:12,7.888169999,56.099711
2/21/2024,12:12:12,7.678169999,56.229711
2/21/2024,12:12:12,7.468169999,56.369711
2/21/2024,12:12:12,7.268169999,56.509711
2/21/2024,12:12:12,7.058169999,56.659711
2/21/2024,12:12:13,6.848169999,56.799711
2/21/2024,12:12:13,6.65817,56.949711
2/21/2024,12:12:13,6.45817,57.099711
2/21/2024,12:12:13,6.268169999,57.249711
2/21/2024,12:12:13,6.088169999,57.399711
2/21/2024,12:12:14,5.89817,57.559711
2/21/2024,12:12:14,5.718169999,57.719711
2/21/2024,12:12:14,5.53817,57.889711
2/21/2024,12:12:14,5.35817,58.049711
2/21/2024,12:12:14,5.18817,58.209711
2/21/2024,12:12:15,5.018169999,58.379711
2/21/2024,12:12:15,4.848169999,58.549711
2/21/2024,12:12:15,4.678169999,58.719711
2/21/2024,12:12:15,4.518169999,58.879711
2/21/2024,12:12:15,4.35817,59.059711
2/21/2024,12:12:16,4.20817,59.229711
2/21/2024,12:12:16,4.058169999,59.419711
2/21/2024,12:12:16,3.918169999,59.589711
2/21/2024,12:12:16,3.768169999,59.769711
2/21/2024,12:12:16,3.638169999,59.959711
2/21/2024,12:12:17,3.508169999,60.139711
2/21/2024,12:12:17,3.378169999,60.319711
2/21/2024,12:12:17,3.24817,60.509711
2/21/2024,12:12:17,3.128169999,60.699711
2/21/2024,12:12:17,2.99817,60.889711
2/21/2024,12:12:18,2.878169999,61.079711
2/21/2024,12:12:18,2.768169999,61.259711
2/21/2024,12:12:18,2.65817,61.449711
2/21/2024,12:12:18,2.548169999,61.649711
2/21/2024,12:12:18,2.44817,61.839711
2/21/2024,12:12:19,2.348169999,62.039711
2/21/2024,12:12:19,2.258169999,62.229711
2/21/2024,12:12:19,2.168169999,62.429711
2/21/2024,12:12:19,2.088169999,62.619711
2/21/2024,12:12:19,1.99817,62.819711
2/21/2024,12:12:20,1.918169999,63.019711
2/21/2024,12:12:20,1.838169999,63.209711
2/21/2024,12:12:20,1.768169999,63.409711
2/21/2024,12:12:20,1.68817,63.609711
2/21/2024,12:12:20,1.628169999,63.809711
2/21/2024,12:12:21,1.558169999,64.009711
2/21/2024,12:12:21,1.508169999,64.209711
2/21/2024,12:12:21,1.44817,64.419711
2/21/2024,12:12:21,1.39817,64.619711
2/21/2024,12:12:21,1.348169999,64.819711
2/21/2024,12:12:22,1.298169999,65.009711
2/21/2024,12:12:22,1.24817,65.219711
2/21/2024,12:12:22,1.218169999,65.429711
2/21/2024,12:12:22,1.178169999,65.639711
2/21/2024,12:12:22,1.14817,65.839711
2/21/2024,12:12:23,1.10817,66.049711
2/21/2024,12:12:23,1.088169999,66.259711
2/21/2024,12:12:23,1.06817,66.469711
2/21/2024,12:12:23,1.03817,66.689711
2/21/2024,12:12:23,1.018169999,66.909711
2/21/2024,12:12:24,1.008169999,67.129711
2/21/2024,12:12:24,0.99817,67.359711
2/21/2024,12:12:24,0.99817,67.589711
2/21/2024,12:12:24,0.99817,67.819711
2/21/2024,12:12:24,1.008169999,68.049711
2/21/2024,12:12:25,1.018169999,68.279711
2/21/2024,12:12:25,1.03817,68.509711
2/21/2024,12:12:25,1.058169999,68.739711
2/21/2024,12:12:25,1.07817,68.969711
2/21/2024,12:12:25,1.10817,69.199711
2/21/2024,12:12:26,1.138169999,69.429711
2/21/2024,12:12:26,1.178169999,69.669711
2/21/2024,12:12:26,1.218169999,69.899711
2/21/2024,12:12:26,1.258169999,70.129711
2/21/2024,12:12:26,1.308169999,70.349711
2/21/2024,12:12:27,1.36817,70.569711
2/21/2024,12:12:27,1.418169999,70.799711
2/21/2024,12:12:27,1.47817,71.019711
2/21/2024,12:12:27,1.548169999,71.239711
2/21/2024,12:12:27,1.60817,71.459711
2/21/2024,12:12:28,1.68817,71.669711
2/21/2024,12:12:28,1.758169999,71.879711
2/21/2024,12:12:28,1.81817,72.099711
2/21/2024,12:12:28,1.90817,72.309711
2/21/2024,12:12:28,1.98817,72.519711
2/21/2024,12:12:29,2.07817,72.739711
2/21/2024,12:12:29,2.178169999,72.939711
2/21/2024,12:12:29,2.268169999,73.149711
2/21/2024,12:12:29,2.36817,73.349711
2/21/2024,12:12:29,2.468169999,73.549711
2/21/2024,12:12:30,2.56817,73.749711
2/21/2024,12:12:30,2.678169999,73.939711
2/21/2024,12:12:30,2.78817,74.139711
2/21/2024,12:12:30,2.89817,74.329711
2/21/2024,12:12:30,3.018169999,74.509711
2/21/2024,12:12:31,3.11817,74.699711
2/21/2024,12:12:31,3.23817,74.889711
2/21/2024,12:12:31,3.36817,75.059711
2/21/2024,12:12:31,3.47817,75.239711
2/21/2024,12:12:31,3.60817,75.409711
2/21/2024,12:12:32,3.74817,75.569711
2/21/2024,12:12:32,3.85817,75.749711
2/21/2024,12:12:32,3.99817,75.909711
2/21/2024,12:12:32,4.138169999,76.069711
2/21/2024,12:12:32,4.268169999,76.229711
2/21/2024,12:12:33,4.40817,76.399711
2/21/2024,12:12:33,4.558169999,76.539711
2/21/2024,12:12:33,4.69817,76.699711
2/21/2024,12:12:33,4.838169999,76.859711
2/21/2024,12:12:33,4.99817,76.999711
2/21/2024,12:12:34,5.138169999,77.149711
2/21/2024,12:12:34,5.298169999,77.299711
2/21/2024,12:12:34,5.468169999,77.439711
2/21/2024,12:12:34,5.628169999,77.579711
2/21/2024,12:12:34,5.77817,77.729711
2/21/2024,12:12:35,5.94817,77.859711
2/21/2024,12:12:35,6.11817,77.989711
2/21/2024,12:12:35,6.28817,78.129711
2/21/2024,12:12:35,6.45817,78.249711
2/21/2024,12:12:35,6.638169999,78.369711
2/21/2024,12:12:36,6.808169999,78.499711
2/21/2024,12:12:36,6.98817,78.619711
2/21/2024,12:12:36,7.15817,78.729711
2/21/2024,12:12:36,7.338169999,78.849711
2/21/2024,12:12:36,7.518169999,78.959711
2/21/2024,12:12:37,7.69817,79.059711
2/21/2024,12:12:37,7.878169999,79.159711
2/21/2024,12:12:37,8.058169999,79.259711
2/21/2024,12:12:37,8.24817,79.359711
2/21/2024,12:12:37,8.43817,79.449711
2/21/2024,12:12:38,8.61817,79.539711
2/21/2024,12:12:38,8.808169999,79.629711
2/21/2024,12:12:38,9.008169999,79.719711
2/21/2024,12:12:38,9.18817,79.799711
2/21/2024,12:12:38,9.388169999,79.879711
2/21/2024,12:12:39,9.57817,79.939711
2/21/2024,12:12:39,9.77817,80.009711
2/21/2024,12:12:39,9.968169999,80.079711
2/21/2024,12:12:39,10.15817,80.149711
2/21/2024,12:12:39,10.35817,80.209711
2/21/2024,12:12:40,10.55817,80.279711
2/21/2024,12:12:40,10.75817,80.329711
2/21/2024,12:12:40,10.94817,80.379711
2/21/2024,12:12:40,11.14817,80.429711
2/21/2024,12:12:40,11.34817,80.479711
2/21/2024,12:12:41,11.54817,80.519711
2/21/2024,12:12:41,11.74817,80.549711
2/21/2024,12:12:41,11.94817,80.589711
2/21/2024,12:12:41,12.14817,80.619711
2/21/2024,12:12:41,12.34817,80.649711
2/21/2024,12:12:42,12.54817,80.679711
2/21/2024,12:12:42,12.74817,80.709711
2/21/2024,12:12:42,12.94817,80.719711
2/21/2024,12:12:42,13.14817,80.749711
2/21/2024,12:12:42,13.34817,80.759711
2/21/2024,12:12:43,13.55817,80.759711
2/21/2024,12:12:43,13.75817,80.769711
2/21/2024,12:12:43,13.95817,80.779711
2/21/2024,12:12:43,14.15817,80.779711
2/21/2024,12:12:43,14.35817,80.769711
2/21/2024,12:12:44,14.55817,80.769711
2/21/2024,12:12:44,14.75817,80.759711
2/21/2024,12:12:44,14.94817,80.749711
2/21/2024,12:12:44,15.15817,80.739711
2/21/2024,12:12:44,15.35817,80.719711
2/21/2024,12:12:45,15.55817,80.699711
2/21/2024,12:12:45,15.74817,80.669711
2/21/2024,12:12:45,15.94817,80.649711
2/21/2024,12:12:45,16.13817,80.609711
2/21/2024,12:12:45,16.33817,80.579711
2/21/2024,12:12:46,16.53817,80.549711
2/21/2024,12:12:46,16.72817,80.509711
2/21/2024,12:12:46,16.91817,80.459711
2/21/2024,12:12:46,17.10817,80.419711
2/21/2024,12:12:46,17.29817,80.369711
2/21/2024,12:12:47,17.47817,80.319711
2/21/2024,12:12:47,17.66817,80.269711
2/21/2024,12:12:47,17.85817,80.209711
2/21/2024,12:12:47,18.04817,80.149711
2/21/2024,12:12:47,18.23817,80.079711
2/21/2024,12:12:48,18.42817,80.029711
2/21/2024,12:12:48,18.60817,79.959711
2/21/2024,12:12:48,18.77817,79.889711
2/21/2024,12:12:48,18.96817,79.819711
2/21/2024,12:12:48,19.14817,79.739711
2/21/2024,12:12:49,19.31817,79.659711
2/21/2024,12:12:49,19.49817,79.579711
2/21/2024,12:12:49,19.67817,79.489711
2/21/2024,12:12:49,19.83817,79.399711
2/21/2024,12:12:49,20.00817,79.309711
2/21/2024,12:12:50,20.18817,79.219711
2/21/2024,12:12:50,20.35817,79.129711
2/21/2024,12:12:50,20.51817,79.029711
2/21/2024,12:12:50,20.68817,78.939711
2/21/2024,12:12:50,20.85817,78.839711
2/21/2024,12:12:51,21.01817,78.729711
2/21/2024,12:12:51,21.17817,78.629711
2/21/2024,12:12:51,21.33817,78.519711
2/21/2024,12:12:51,21.48817,78.409711
2/21/2024,12:12:51,21.64817,78.289711
2/21/2024,12:12:52,21.79817,78.179711
2/21/2024,12:12:52,21.95817,78.059711
2/21/2024,12:12:52,22.09817,77.939711
2/21/2024,12:12:52,22.24817,77.809711
2/21/2024,12:12:52,22.39817,77.689711
2/21/2024,12:12:53,22.54817,77.559711
2/21/2024,12:12:53,22.69817,77.429711
2/21/2024,12:12:53,22.84817,77.299711
2/21/2024,12:12:53,22.99817,77.169711
2/21/2024,12:12:53,23.12817,77.029711
2/21/2024,12:12:54,23.25817,76.879711
2/21/2024,12:12:54,23.38817,76.739711
2/21/2024,12:12:54,23.51817,76.589711
2/21/2024,12:12:54,23.64817,76.439711
2/21/2024,12:12:54,23.78817,76.299711
2/21/2024,12:12:55,23.91817,76.149711
2/21/2024,12:12:55,24.04817,75.989711
2/21/2024,12:12:55,24.17817,75.839711
2/21/2024,12:12:55,24.29817,75.689711
2/21/2024,12:12:55,24.41817,75.529711
2/21/2024,12:12:56,24.52817,75.369711
2/21/2024,12:12:56,24.63817,75.209711
2/21/2024,12:12:56,24.74817,75.039711
2/21/2024,12:12:56,24.84817,74.879711
2/21/2024,12:12:56,24.94817,74.709711
2/21/2024,12:12:57,25.05817,74.539711
2/21/2024,12:12:57,25.15817,74.369711
2/21/2024,12:12:57,25.24817,74.199711
2/21/2024,12:12:57,25.34817,74.019711
2/21/2024,12:12:57,25.43817,73.849711
2/21/2024,12:12:58,25.51817,73.669711
2/21/2024,12:12:58,25.60817,73.499711
2/21/2024,12:12:58,25.68817,73.319711
2/21/2024,12:12:58,25.76817,73.139711
2/21/2024,12:12:58,25.83817,72.959711
2/21/2024,12:12:59,25.90817,72.769711
2/21/2024,12:12:59,25.96817,72.589711
2/21/2024,12:12:59,26.03817,72.409711
2/21/2024,12:12:59,26.11817,72.229711
2/21/2024,12:12:59,26.17817,72.039711
2/21/2024,12:13:00,26.23817,71.859711
2/21/2024,12:13:00,26.29817,71.679711
2/21/2024,12:13:00,26.34817,71.489711
2/21/2024,12:13:00,26.38817,71.299711
2/21/2024,12:13:00,26.42817,71.119711
2/21/2024,12:13:01,26.47817,70.929711
2/21/2024,12:13:01,26.51817,70.739711
2/21/2024,12:13:01,26.54817,70.549711
2/21/2024,12:13:01,26.58817,70.359711
2/21/2024,12:13:01,26.61817,70.169711
2/21/2024,12:13:02,26.65817,69.979711
2/21/2024,12:13:02,26.68817,69.789711
2/21/2024,12:13:02,26.71817,69.599711
2/21/2024,12:13:02,26.73817,69.409711
2/21/2024,12:13:02,26.75817,69.219711
2/21/2024,12:13:03,26.77817,69.029711
2/21/2024,12:13:03,26.79817,68.839711
2/21/2024,12:13:03,26.79817,68.659711
2/21/2024,12:13:03,26.79817,68.469711
2/21/2024,12:13:03,26.81817,68.269711
2/21/2024,12:13:04,26.82817,68.079711
2/21/2024,12:13:04,26.83817,67.879711
2/21/2024,12:13:04,26.83817,67.679711
2/21/2024,12:13:04,26.84817,67.489711
2/21/2024,12:13:04,26.84817,67.299711
2/21/2024,12:13:05,26.83817,67.099711
2/21/2024,12:13:05,26.82817,66.909711
2/21/2024,12:13:05,26.81817,66.709711
2/21/2024,12:13:05,26.80817,66.519711
2/21/2024,12:13:05,26.78817,66.319711
2/21/2024,12:13:06,26.76817,66.129711
2/21/2024,12:13:06,26.75817,65.929711
2/21/2024,12:13:06,26.73817,65.729711
2/21/2024,12:13:06,26.71817,65.539711
2/21/2024,12:13:06,26.70817,65.339711
2/21/2024,12:13:07,26.67817,65.139711
2/21/2024,12:13:07,26.65817,64.939711
2/21/2024,12:13:07,26.62817,64.739711
2/21/2024,12:13:07,26.59817,64.539711
2/21/2024,12:13:07,26.56817,64.339711
2/21/2024,12:13:08,26.53817,64.149711
2/21/2024,12:13:08,26.49817,63.949711
2/21/2024,12:13:08,26.45817,63.749711
2/21/2024,12:13:08,26.42817,63.559711
2/21/2024,12:13:08,26.38817,63.359711
2/21/2024,12:13:09,26.34817,63.169711
2/21/2024,12:13:09,26.30817,62.969711
2/21/2024,12:13:09,26.26817,62.779711
2/21/2024,12:13:09,26.22817,62.579711
2/21/2024,12:13:09,26.17817,62.379711
2/21/2024,12:13:10,26.13817,62.179711
2/21/2024,12:13:10,26.07817,61.979711
2/21/2024,12:13:10,26.03817,61.779711
2/21/2024,12:13:10,25.98817,61.579711
2/21/2024,12:13:10,25.93817,61.369711
2/21/2024,12:13:11,25.88817,61.169711
2/21/2024,12:13:11,25.83817,60.969711
2/21/2024,12:13:11,25.77817,60.759711
2/21/2024,12:13:11,25.71817,60.559711
2/21/2024,12:13:11,25.65817,60.349711
2/21/2024,12:13:12,25.59817,60.149711
2/21/2024,12:13:12,25.54817,59.939711
2/21/2024,12:13:12,25.48817,59.729711
2/21/2024,12:13:12,25.42817,59.519711
2/21/2024,12:13:12,25.36817,59.309711
2/21/2024,12:13:13,25.30817,59.099711
2/21/2024,12:13:13,25.23817,58.889711
2/21/2024,12:13:13,25.16817,58.679711
2/21/2024,12:13:13,25.10817,58.459711
2/21/2024,12:13:13,25.03817,58.249711
2/21/2024,12:13:14,24.97817,58.029711
2/21/2024,12:13:14,24.90817,57.819711
2/21/2024,12:13:14,24.83817,57.599711
2/21/2024,12:13:14,24.76817,57.379711
2/21/2024,12:13:14,24.69817,57.169711
2/21/2024,12:13:15,24.62817,56.949711
2/21/2024,12:13:15,24.54817,56.729711
2/21/2024,12:13:15,24.47817,56.509711
2/21/2024,12:13:15,24.39817,56.289711
2/21/2024,12:13:15,24.32817,56.069711
2/21/2024,12:13:16,24.24817,55.849711
2/21/2024,12:13:16,24.17817,55.619711
2/21/2024,12:13:16,24.09817,55.399711
2/21/2024,12:13:16,24.01817,55.179711
2/21/2024,12:13:16,23.93817,54.959711
2/21/2024,12:13:17,23.85817,54.729711
2/21/2024,12:13:17,23.77817,54.499711
2/21/2024,12:13:17,23.70817,54.279711
2/21/2024,12:13:17,23.62817,54.049711
2/21/2024,12:13:17,23.53817,53.819711
2/21/2024,12:13:18,23.45817,53.599711
2/21/2024,12:13:18,23.37817,53.369711
2/21/2024,12:13:18,23.29817,53.139711
2/21/2024,12:13:18,23.20817,52.919711
2/21/2024,12:13:18,23.11817,52.689711
2/21/2024,12:13:19,23.03817,52.459711
2/21/2024,12:13:19,22.95817,52.229711
2/21/2024,12:13:19,22.86817,51.999711
2/21/2024,12:13:19,22.78817,51.769711
2/21/2024,12:13:19,22.70817,51.539711
2/21/2024,12:13:20,22.62817,51.309711
2/21/2024,12:13:20,22.53817,51.079711
2/21/2024,12:13:20,22.45817,50.849711
2/21/2024,12:13:20,22.37817,50.619711
2/21/2024,12:13:20,22.29817,50.399711
2/21/2024,12:13:21,22.21817,50.169711
2/21/2024,12:13:21,22.13817,49.939711
2/21/2024,12:13:21,22.05817,49.719711
2/21/2024,12:13:21,21.97817,49.489711
2/21/2024,12:13:21,21.89817,49.259711
2/21/2024,12:13:22,21.81817,49.039711
2/21/2024,12:13:22,21.74817,48.809711
2/21/2024,12:13:22,21.67817,48.579711
2/21/2024,12:13:22,21.59817,48.349711
2/21/2024,12:13:22,21.52817,48.119711
2/21/2024,12:13:23,21.44817,47.889711
2/21/2024,12:13:23,21.37817,47.669711
2/21/2024,12:13:23,21.30817,47.439711
2/21/2024,12:13:23,21.24817,47.209711
2/21/2024,12:13:23,21.17817,46.979711
2/21/2024,12:13:24,21.10817,46.739711
2/21/2024,12:13:24,21.03817,46.509711
2/21/2024,12:13:24,20.97817,46.279711
2/21/2024,12:13:24,20.91817,46.049711
2/21/2024,12:13:24,20.84817,45.819711
2/21/2024,12:13:25,20.78817,45.579711
2/21/2024,12:13:25,20.72817,45.349711
2/21/2024,12:13:25,20.67817,45.109711
2/21/2024,12:13:25,20.62817,44.879711
2/21/2024,12:13:25,20.56817,44.639711
2/21/2024,12:13:26,20.51817,44.399711
2/21/2024,12:13:26,20.45817,44.169711
2/21/2024,12:13:26,20.40817,43.929711
2/21/2024,12:13:26,20.35817,43.689711
2/21/2024,12:13:26,20.30817,43.449711
2/21/2024,12:13:27,20.26817,43.209711
2/21/2024,12:13:27,20.22817,42.969711
2/21/2024,12:13:27,20.18817,42.729711
2/21/2024,12:13:27,20.13817,42.489711
2/21/2024,12:13:27,20.09817,42.239711
2/21/2024,12:13:28,20.05817,41.999711
2/21/2024,12:13:28,20.00817,41.759711
2/21/2024,12:13:28,19.96817,41.519711
2/21/2024,12:13:28,19.93817,41.279711
2/21/2024,12:13:28,19.90817,41.029711
2/21/2024,12:13:29,19.87817,40.779711
2/21/2024,12:13:29,19.84817,40.529711
2/21/2024,12:13:29,19.81817,40.279711
2/21/2024,12:13:29,19.77817,40.029711
2/21/2024,12:13:29,19.73817,39.779711
2/21/2024,12:13:30,19.69817,39.519711
2/21/2024,12:13:30,19.66817,39.269711
2/21/2024,12:13:30,19.63817,39.009711
2/21/2024,12:13:30,19.60817,38.759711
2/21/2024,12:13:30,19.57817,38.509711
2/21/2024,12:13:31,19.53817,38.249711
2/21/2024,12:13:31,19.51817,37.989711
2/21/2024,12:13:31,19.48817,37.729711
2/21/2024,12:13:31,19.46817,37.479711
2/21/2024,12:13:31,19.43817,37.219711
2/21/2024,12:13:32,19.40817,36.959711
2/21/2024,12:13:32,19.37817,36.699711
2/21/2024,12:13:32,19.35817,36.439711
2/21/2024,12:13:32,19.33817,36.169711
2/21/2024,12:13:32,19.30817,35.909711
2/21/2024,12:13:33,19.27817,35.649711
2/21/2024,12:13:33,19.24817,35.389711
2/21/2024,12:13:33,19.21817,35.129711
2/21/2024,12:13:33,19.18817,34.859711
2/21/2024,12:13:33,19.15817,34.599711
2/21/2024,12:13:34,19.13817,34.339711
2/21/2024,12:13:34,19.10817,34.079711
2/21/2024,12:13:34,19.08817,33.809711
2/21/2024,12:13:34,19.05817,33.549711
2/21/2024,12:13:34,19.03817,33.279711
2/21/2024,12:13:35,19.00817,33.019711
2/21/2024,12:13:35,18.97817,32.749711
2/21/2024,12:13:35,18.95817,32.479711
2/21/2024,12:13:35,18.91817,32.219711
2/21/2024,12:13:35,18.89817,31.949711
2/21/2024,12:13:36,18.85817,31.689711
2/21/2024,12:13:36,18.82817,31.419711
2/21/2024,12:13:36,18.79817,31.159711
2/21/2024,12:13:36,18.76817,30.889711
2/21/2024,12:13:36,18.73817,30.629711
2/21/2024,12:13:37,18.71817,30.359711
2/21/2024,12:13:37,18.68817,30.099711
2/21/2024,12:13:37,18.65817,29.829711
2/21/2024,12:13:37,18.62817,29.559711
2/21/2024,12:13:37,18.59817,29.289711
2/21/2024,12:13:38,18.56817,29.019711
2/21/2024,12:13:38,18.53817,28.759711
2/21/2024,12:13:38,18.50817,28.489711
2/21/2024,12:13:38,18.47817,28.219711
2/21/2024,12:13:38,18.44817,27.949711
2/21/2024,12:13:39,18.41817,27.679711
2/21/2024,12:13:39,18.37817,27.419711
2/21/2024,12:13:39,18.34817,27.149711
2/21/2024,12:13:39,18.30817,26.879711
2/21/2024,12:13:39,18.27817,26.609711
2/21/2024,12:13:40,18.24817,26.339711
2/21/2024,12:13:40,18.20817,26.069711
2/21/2024,12:13:40,18.17817,25.799711
2/21/2024,12:13:40,18.14817,25.539711
2/21/2024,12:13:40,18.10817,25.269711
2/21/2024,12:13:41,18.07817,24.999711
2/21/2024,12:13:41,18.03817,24.729711
2/21/2024,12:13:41,17.99817,24.459711
2/21/2024,12:13:41,17.95817,24.189711
2/21/2024,12:13:41,17.91817,23.919711
2/21/2024,12:13:42,17.87817,23.649711
2/21/2024,12:13:42,17.83817,23.379711
2/21/2024,12:13:42,17.80817,23.109711
2/21/2024,12:13:42,17.76817,22.839711
2/21/2024,12:13:42,17.73817,22.569711
2/21/2024,12:13:43,17.69817,22.299711
2/21/2024,12:13:43,17.65817,22.029711
2/21/2024,12:13:43,17.61817,21.759711
2/21/2024,12:13:43,17.58817,21.489711
2/21/2024,12:13:43,17.54817,21.229711
2/21/2024,12:13:44,17.50817,20.959711
2/21/2024,12:13:44,17.46817,20.689711
2/21/2024,12:13:44,17.42817,20.419711
2/21/2024,12:13:44,17.39817,20.149711
2/21/2024,12:13:44,17.35817,19.889711
2/21/2024,12:13:45,17.31817,19.619711
2/21/2024,12:13:45,17.27817,19.349711
2/21/2024,12:13:45,17.22817,19.079711
2/21/2024,12:13:45,17.18817,18.809711
2/21/2024,12:13:45,17.14817,18.549711
2/21/2024,12:13:46,17.10817,18.279711
2/21/2024,12:13:46,17.06817,18.009711
2/21/2024,12:13:46,17.03817,17.739711
2/21/2024,12:13:46,16.99817,17.469711
2/21/2024,12:13:46,16.95817,17.199711
2/21/2024,12:13:47,16.91817,16.929711
2/21/2024,12:13:47,16.87817,16.659711
2/21/2024,12:13:47,16.82817,16.379711
2/21/2024,12:13:47,16.77817,16.109711
2/21/2024,12:13:47,16.73817,15.849711
2/21/2024,12:13:48,16.68817,15.569711
2/21/2024,12:13:48,16.63817,15.299711
2/21/2024,12:13:48,16.59817,15.029711
2/21/2024,12:13:48,16.54817,14.759711
2/21/2024,12:13:48,16.50817,14.489711
2/21/2024,12:13:49,16.45817,14.219711
2/21/2024,12:13:49,16.40817,13.949711
2/21/2024,12:13:49,16.36817,13.669711
2/21/2024,12:13:49,16.32817,13.399711
2/21/2024,12:13:49,16.27817,13.129711
2/21/2024,12:13:50,16.21817,12.849711
2/21/2024,12:13:50,16.16817,12.579711
2/21/2024,12:13:50,16.11817,12.309711
2/21/2024,12:13:50,16.06817,12.029711
2/21/2024,12:13:50,16.00817,11.759711
2/21/2024,12:13:51,15.95817,11.489711
2/21/2024,12:13:51,15.90817,11.209711
2/21/2024,12:13:51,15.84817,10.939711
2/21/2024,12:13:51,15.79817,10.679711
2/21/2024,12:13:51,15.73817,10.409711
2/21/2024,12:13:52,15.69817,10.139711
2/21/2024,12:13:52,15.63817,9.869711
2/21/2024,12:13:52,15.58817,9.609711
2/21/2024,12:13:52,15.52817,9.349711
2/21/2024,12:13:52,15.47817,9.079711
2/21/2024,12:13:53,15.41817,8.819711
2/21/2024,12:13:53,15.35817,8.559711
2/21/2024,12:13:53,15.30817,8.299711
2/21/2024,12:13:53,15.25817,8.039711
2/21/2024,12:13:53,15.20817,7.779711
2/21/2024,12:13:54,15.14817,7.519711
2/21/2024,12:13:54,15.09817,7.259711
2/21/2024,12:13:54,15.04817,6.989711
2/21/2024,12:13:54,14.98817,6.729711
2/21/2024,12:13:54,14.93817,6.469711
2/21/2024,12:13:55,14.88817,6.219711
2/21/2024,12:13:55,14.83817,5.959711
2/21/2024,12:13:55,14.78817,5.709711
2/21/2024,12:13:55,14.74817,5.459711
2/21/2024,12:13:55,14.69817,5.209711
2/21/2024,12:13:56,14.65817,4.969711
2/21/2024,12:13:56,14.60817,4.719711
2/21/2024,12:13:56,14.58817,4.479711
2/21/2024,12:13:56,14.54817,4.239711
2/21/2024,12:13:56,14.50817,3.999711
2/21/2024,12:13:57,14.47817,3.759711
2/21/2024,12:13:57,14.44817,3.529711
2/21/2024,12:13:57,14.41817,3.299711
2/21/2024,12:13:57,14.39817,3.069711
2/21/2024,12:13:57,14.37817,2.849711
2/21/2024,12:13:58,14.35817,2.629711
2/21/2024,12:13:58,14.33817,2.409711
2/21/2024,12:13:58,14.33817,2.179711
2/21/2024,12:13:58,14.32817,1.969711
2/21/2024,12:13:58,14.31817,1.749711
2/21/2024,12:13:59,14.30817,1.539711
2/21/2024,12:13:59,14.30817,1.339711
2/21/2024,12:13:59,14.31817,1.129711
2/21/2024,12:13:59,14.32817,0.939711
2/21/2024,12:13:59,14.33817,0.739711
2/21/2024,12:14:00,14.35817,0.539711
2/21/2024,12:14:00,14.37817,0.349711
2/21/2024,12:14:00,14.39817,0.149711
2/21/2024,12:14:00,14.41817,-0.040289
2/21/2024,12:14:00,14.44817,-0.230289
2/21/2024,12:14:01,14.47817,-0.410289
2/21/2024,12:14:01,14.51817,-0.600289
2/21/2024,12:14:01,14.55817,-0.780289
2/21/2024,12:14:01,14.58817,-0.960289
2/21/2024,12:14:01,14.63817,-1.130289
2/21/2024,12:14:02,14.68817,-1.300289
2/21/2024,12:14:02,14.73817,-1.470289
2/21/2024,12:14:02,14.77817,-1.640289
2/21/2024,12:14:02,14.83817,-1.810289
2/21/2024,12:14:02,14.89817,-1.970289
2/21/2024,12:14:03,14.95817,-2.130289
2/21/2024,12:14:03,15.02817,-2.300289
2/21/2024,12:14:03,15.08817,-2.450289
2/21/2024,12:14:03,15.15817,-2.610289
2/21/2024,12:14:03,15.22817,-2.760289
2/21/2024,12:14:04,15.29817,-2.910289
2/21/2024,12:14:04,15.37817,-3.060289
2/21/2024,12:14:04,15.46817,-3.210289
2/21/2024,12:14:04,15.54817,-3.350289
2/21/2024,12:14:04,15.63817,-3.490289
2/21/2024,12:14:05,15.72817,-3.630289
2/21/2024,12:14:05,15.80817,-3.760289
2/21/2024,12:14:05,15.90817,-3.900289
2/21/2024,12:14:05,16.00817,-4.030289
2/21/2024,12:14:05,16.08817,-4.160289
2/21/2024,12:14:06,16.19817,-4.290289
2/21/2024,12:14:06,16.29817,-4.410289
2/21/2024,12:14:06,16.40817,-4.520289
2/21/2024,12:14:06,16.50817,-4.640289
2/21/2024,12:14:06,16.61817,-4.750289
2/21/2024,12:14:07,16.72817,-4.870289
2/21/2024,12:14:07,16.83817,-4.990289
2/21/2024,12:14:07,16.93817,-5.100289
2/21/2024,12:14:07,17.05817,-5.210289
2/21/2024,12:14:07,17.17817,-5.310289
2/21/2024,12:14:08,17.29817,-5.410289
2/21/2024,12:14:08,17.42817,-5.500289
2/21/2024,12:14:08,17.54817,-5.590289
2/21/2024,12:14:08,17.67817,-5.680289
2/21/2024,12:14:08,17.80817,-5.780289
2/21/2024,12:14:09,17.93817,-5.860289
2/21/2024,12:14:09,18.05817,-5.960289
2/21/2024,12:14:09,18.18817,-6.040289
2/21/2024,12:14:09,18.31817,-6.110289
2/21/2024,12:14:09,18.44817,-6.190289
2/21/2024,12:14:10,18.58817,-6.260289
2/21/2024,12:14:10,18.71817,-6.330289
2/21/2024,12:14:10,18.85817,-6.400289
2/21/2024,12:14:10,18.99817,-6.460289
2/21/2024,12:14:10,19.13817,-6.520289
2/21/2024,12:14:11,19.27817,-6.580289
2/21/2024,12:14:11,19.41817,-6.630289
2/21/2024,12:14:11,19.55817,-6.680289
2/21/2024,12:14:11,19.70817,-6.730289
2/21/2024,12:14:11,19.84817,-6.780289
2/21/2024,12:14:12,19.99817,-6.830289
2/21/2024,12:14:12,20.13817,-6.880289
2/21/2024,12:14:12,20.28817,-6.920289
2/21/2024,12:14:12,20.43817,-6.950289
2/21/2024,12:14:12,20.58817,-6.990289
2/21/2024,12:14:13,20.74817,-7.010289
2/21/2024,12:14:13,20.89817,-7.040289
2/21/2024,12:14:13,21.04817,-7.060289
2/21/2024,12:14:13,21.19817,-7.090289
2/21/2024,12:14:13,21.35817,-7.100289
2/21/2024,12:14:14,21.50817,-7.120289
2/21/2024,12:14:14,21.66817,-7.130289
2/21/2024,12:14:14,21.81817,-7.140289
2/21/2024,12:14:14,21.97817,-7.150289
2/21/2024,12:14:14,22.12817,-7.150289
2/21/2024,12:14:15,22.29817,-7.160289
2/21/2024,12:14:15,22.45817,-7.160289
2/21/2024,12:14:15,22.61817,-7.150289
2/21/2024,12:14:15,22.77817,-7.150289
2/21/2024,12:14:15,22.93817,-7.130289
2/21/2024,12:14:16,23.09817,-7.120289
2/21/2024,12:14:16,23.25817,-7.100289
2/21/2024,12:14:16,23.41817,-7.080289
2/21/2024,12:14:16,23.57817,-7.050289
2/21/2024,12:14:16,23.73817,-7.030289
2/21/2024,12:14:17,23.89817,-7.000289
2/21/2024,12:14:17,24.05817,-6.980289
2/21/2024,12:14:17,24.21817,-6.950289
2/21/2024,12:14:17,24.37817,-6.910289
2/21/2024,12:14:17,24.53817,-6.870289
2/21/2024,12:14:18,24.68817,-6.830289
2/21/2024,12:14:18,24.84817,-6.780289
2/21/2024,12:14:18,24.99817,-6.730289
2/21/2024,12:14:18,25.15817,-6.680289
2/21/2024,12:14:18,25.30817,-6.620289
2/21/2024,12:14:19,25.45817,-6.570289
2/21/2024,12:14:19,25.61817,-6.510289
2/21/2024,12:14:19,25.77817,-6.450289
2/21/2024,12:14:19,25.92817,-6.380289
2/21/2024,12:14:19,26.07817,-6.320289
2/21/2024,12:14:20,26.22817,-6.250289
2/21/2024,12:14:20,26.37817,-6.180289
2/21/2024,12:14:20,26.52817,-6.100289
2/21/2024,12:14:20,26.67817,-6.020289
2/21/2024,12:14:20,26.81817,-5.940289
2/21/2024,12:14:21,26.96817,-5.850289
2/21/2024,12:14:21,27.11817,-5.760289
2/21/2024,12:14:21,27.25817,-5.660289
2/21/2024,12:14:21,27.40817,-5.570289
2/21/2024,12:14:21,27.55817,-5.470289
2/21/2024,12:14:22,27.69817,-5.370289
2/21/2024,12:14:22,27.84817,-5.270289
2/21/2024,12:14:22,27.99817,-5.160289
2/21/2024,12:14:22,28.14817,-5.050289
2/21/2024,12:14:22,28.28817,-4.940289
2/21/2024,12:14:23,28.42817,-4.830289
2/21/2024,12:14:23,28.56817,-4.710289
2/21/2024,12:14:23,28.70817,-4.590289
2/21/2024,12:14:23,28.84817,-4.470289
2/21/2024,12:14:23,28.99817,-4.340289
2/21/2024,12:14:24,29.13817,-4.210289
2/21/2024,12:14:24,29.27817,-4.080289
2/21/2024,12:14:24,29.41817,-3.940289
2/21/2024,12:14:24,29.56817,-3.800289
2/21/2024,12:14:24,29.70817,-3.660289
2/21/2024,12:14:25,29.84817,-3.520289
2/21/2024,12:14:25,29.97817,-3.370289
2/21/2024,12:14:25,30.11817,-3.230289
2/21/2024,12:14:25,30.25817,-3.070289
2/21/2024,12:14:25,30.39817,-2.920289
2/21/2024,12:14:26,30.53817,-2.760289
2/21/2024,12:14:26,30.67817,-2.600289
2/21/2024,12:14:26,30.81817,-2.440289
2/21/2024,12:14:26,30.94817,-2.270289
2/21/2024,12:14:26,31.07817,-2.110289
2/21/2024,12:14:27,31.21817,-1.940289
2/21/2024,12:14:27,31.34817,-1.780289
2/21/2024,12:14:27,31.48817,-1.610289
2/21/2024,12:14:27,31.61817,-1.440289
2/21/2024,12:14:27,31.75817,-1.260289
2/21/2024,12:14:28,31.88817,-1.090289
2/21/2024,12:14:28,32.01817,-0.910289
2/21/2024,12:14:28,32.14817,-0.720289
2/21/2024,12:14:28,32.28817,-0.540289
2/21/2024,12:14:28,32.40817,-0.360289
2/21/2024,12:14:29,32.53817,-0.170289
2/21/2024,12:14:29,32.66817,0.009711
2/21/2024,12:14:29,32.79817,0.199711
2/21/2024,12:14:29,32.92817,0.389711
2/21/2024,12:14:29,33.05817,0.579711
2/21/2024,12:14:30,33.17817,0.769711
2/21/2024,12:14:30,33.28817,0.969711
2/21/2024,12:14:30,33.40817,1.159711
2/21/2024,12:14:30,33.52817,1.349711
2/21/2024,12:14:30,33.64817,1.549711
2/21/2024,12:14:31,33.76817,1.749711
2/21/2024,12:14:31,33.87817,1.949711
2/21/2024,12:14:31,33.99817,2.149711
2/21/2024,12:14:31,34.10817,2.349711
2/21/2024,12:14:31,34.21817,2.549711
2/21/2024,12:14:32,34.32817,2.749711
2/21/2024,12:14:32,34.43817,2.949711
2/21/2024,12:14:32,34.54817,3.159711
2/21/2024,12:14:32,34.65817,3.359711
2/21/2024,12:14:32,34.75817,3.569711
2/21/2024,12:14:33,34.85817,3.769711
2/21/2024,12:14:33,34.96817,3.979711
2/21/2024,12:14:33,35.07817,4.179711
2/21/2024,12:14:33,35.17817,4.399711
2/21/2024,12:14:33,35.27817,4.619711
2/21/2024,12:14:34,35.36817,4.829711
2/21/2024,12:14:34,35.45817,5.039711
2/21/2024,12:14:34,35.53817,5.259711
2/21/2024,12:14:34,35.63817,5.479711
2/21/2024,12:14:34,35.73817,5.699711
2/21/2024,12:14:35,35.82817,5.929711
2/21/2024,12:14:35,35.92817,6.149711
2/21/2024,12:14:35,36.02817,6.389711
2/21/2024,12:14:35,36.11817,6.619711
2/21/2024,12:14:35,36.20817,6.839711
2/21/2024,12:14:36,36.29817,7.079711
2/21/2024,12:14:36,36.38817,7.309711
2/21/2024,12:14:36,36.47817,7.549711
2/21/2024,12:14:36,36.56817,7.789711
2/21/2024,12:14:36,36.66817,8.029711
2/21/2024,12:14:37,36.75817,8.269711
2/21/2024,12:14:37,36.85817,8.509711
2/21/2024,12:14:37,36.94817,8.749711
2/21/2024,12:14:37,37.03817,8.989711
2/21/2024,12:14:37,37.13817,9.239711
2/21/2024,12:14:38,37.22817,9.479711
2/21/2024,12:14:38,37.31817,9.719711
2/21/2024,12:14:38,37.40817,9.979711
2/21/2024,12:14:38,37.50817,10.219711
2/21/2024,12:14:38,37.58817,10.459711
2/21/2024,12:14:39,37.67817,10.709711
2/21/2024,12:14:39,37.76817,10.949711
2/21/2024,12:14:39,37.85817,11.199711
2/21/2024,12:14:39,37.94817,11.449711
2/21/2024,12:14:39,38.04817,11.689711
2/21/2024,12:14:40,38.13817,11.939711
2/21/2024,12:14:40,38.22817,12.189711
2/21/2024,12:14:40,38.31817,12.439711
2/21/2024,12:14:40,38.40817,12.679711
2/21/2024,12:14:40,38.49817,12.929711
2/21/2024,12:14:41,38.57817,13.169711
2/21/2024,12:14:41,38.66817,13.419711
2/21/2024,12:14:41,38.75817,13.669711
2/21/2024,12:14:41,38.84817,13.919711
2/21/2024,12:14:41,38.93817,14.169711
2/21/2024,12:14:42,39.02817,14.419711
2/21/2024,12:14:42,39.11817,14.669711
2/21/2024,12:14:42,39.20817,14.919711
2/21/2024,12:14:42,39.28817,15.169711
2/21/2024,12:14:42,39.37817,15.419711
2/21/2024,12:14:43,39.45817,15.669711
2/21/2024,12:14:43,39.54817,15.919711
2/21/2024,12:14:43,39.63817,16.169711
2/21/2024,12:14:43,39.72817,16.429711
2/21/2024,12:14:43,39.80817,16.679711
2/21/2024,12:14:44,39.89817,16.939711
2/21/2024,12:14:44,39.98817,17.189711
2/21/2024,12:14:44,40.07817,17.449711
2/21/2024,12:14:44,40.15817,17.699711
2/21/2024,12:14:44,40.23817,17.959711
2/21/2024,12:14:45,40.32817,18.209711
2/21/2024,12:14:45,40.41817,18.469711
2/21/2024,12:14:45,40.50817,18.729711
2/21/2024,12:14:45,40.59817,18.989711
2/21/2024,12:14:45,40.67817,19.249711
2/21/2024,12:14:46,40.76817,19.509711
2/21/2024,12:14:46,40.84817,19.769711
2/21/2024,12:14:46,40.92817,20.029711
2/21/2024,12:14:46,41.01817,20.289711
2/21/2024,12:14:46,41.09817,20.549711
2/21/2024,12:14:47,41.18817,20.809711
2/21/2024,12:14:47,41.27817,21.079711
2/21/2024,12:14:47,41.36817,21.339711
2/21/2024,12:14:47,41.44817,21.599711
2/21/2024,12:14:47,41.53817,21.859711
2/21/2024,12:14:48,41.62817,22.129711
2/21/2024,12:14:48,41.70817,22.389711
2/21/2024,12:14:48,41.80817,22.649711
2/21/2024,12:14:48,41.89817,22.909711
2/21/2024,12:14:48,41.97817,23.179711
2/21/2024,12:14:49,42.05817,23.439711
2/21/2024,12:14:49,42.14817,23.699711
2/21/2024,12:14:49,42.23817,23.969711
2/21/2024,12:14:49,42.32817,24.239711
2/21/2024,12:14:49,42.42817,24.499711
2/21/2024,12:14:50,42.50817,24.769711
2/21/2024,12:14:50,42.59817,25.029711
2/21/2024,12:14:50,42.68817,25.299711
2/21/2024,12:14:50,42.77817,25.569711
2/21/2024,12:14:50,42.86817,25.829711
2/21/2024,12:14:51,42.95817,26.099711
2/21/2024,12:14:51,43.04817,26.369711
2/21/2024,12:14:51,43.13817,26.639711
2/21/2024,12:14:51,43.22817,26.899711
2/21/2024,12:14:51,43.32817,27.169711
2/21/2024,12:14:52,43.40817,27.439711
2/21/2024,12:14:52,43.49817,27.699711
2/21/2024,12:14:52,43.58817,27.959711
2/21/2024,12:14:52,43.67817,28.229711
2/21/2024,12:14:52,43.76817,28.499711
2/21/2024,12:14:53,43.85817,28.769711
2/21/2024,12:14:53,43.94817,29.029711
2/21/2024,12:14:53,44.03817,29.299711
2/21/2024,12:14:53,44.13817,29.569711
2/21/2024,12:14:53,44.22817,29.839711
2/21/2024,12:14:54,44.31817,30.099711
2/21/2024,12:14:54,44.40817,30.369711
2/21/2024,12:14:54,44.49817,30.639711
2/21/2024,12:14:54,44.58817,30.909711
2/21/2024,12:14:54,44.67817,31.169711
2/21/2024,12:14:55,44.77817,31.439711
2/21/2024,12:14:55,44.86817,31.719711
2/21/2024,12:14:55,44.96817,31.989711
2/21/2024,12:14:55,45.05817,32.259711
2/21/2024,12:14:55,45.15817,32.519711
2/21/2024,12:14:56,45.24817,32.789711
2/21/2024,12:14:56,45.34817,33.049711
2/21/2024,12:14:56,45.43817,33.319711
2/21/2024,12:14:56,45.54817,33.599711
2/21/2024,12:14:56,45.64817,33.869711
2/21/2024,12:14:57,45.74817,34.139711
2/21/2024,12:14:57,45.84817,34.419711
2/21/2024,12:14:57,45.94817,34.689711
2/21/2024,12:14:57,46.05817,34.959711
2/21/2024,12:14:57,46.15817,35.229711
2/21/2024,12:14:58,46.25817,35.489711
2/21/2024,12:14:58,46.36817,35.769711
2/21/2024,12:14:58,46.47817,36.039711
2/21/2024,12:14:58,46.58817,36.309711
2/21/2024,12:14:58,46.69817,36.569711
2/21/2024,12:14:59,46.80817,36.839711
2/21/2024,12:14:59,46.91817,37.109711
2/21/2024,12:14:59,47.02817,37.369711
2/21/2024,12:14:59,47.14817,37.629711
2/21/2024,12:14:59,47.26817,37.889711
2/21/2024,12:15:00,47.37817,38.159711
2/21/2024,12:15:00,47.49817,38.419711
2/21/2024,12:15:00,47.61817,38.669711
2/21/2024,12:15:00,47.72817,38.929711
2/21/2024,12:15:00,47.84817,39.189711
2/21/2024,12:15:01,47.95817,39.439711
2/21/2024,12:15:01,48.07817,39.699711
2/21/2024,12:15:01,48.19817,39.949711
2/21/2024,12:15:01,48.31817,40.199711
2/21/2024,12:15:01,48.43817,40.449711
2/21/2024,12:15:02,48.55817,40.709711
2/21/2024,12:15:02,48.67817,40.959711
2/21/2024,12:15:02,48.79817,41.209711
2/21/2024,12:15:02,48.90817,41.459711
2/21/2024,12:15:02,49.02817,41.709711
2/21/2024,12:15:03,49.14817,41.959711
2/21/2024,12:15:03,49.26817,42.199711
2/21/2024,12:15:03,49.37817,42.449711
2/21/2024,12:15:03,49.49817,42.699711
2/21/2024,12:15:03,49.61817,42.949711
2/21/2024,12:15:04,49.72817,43.199711
2/21/2024,12:15:04,49.83817,43.439711
2/21/2024,12:15:04,49.95817,43.699711
2/21/2024,12:15:04,50.07817,43.939711
2/21/2024,12:15:04,50.19817,44.189711
2/21/2024,12:15:05,50.30817,44.439711
2/21/2024,12:15:05,50.41817,44.689711
2/21/2024,12:15:05,50.53817,44.939711
2/21/2024,12:15:05,50.64817,45.179711
2/21/2024,12:15:05,50.76817,45.429711
2/21/2024,12:15:06,50.87817,45.679711
2/21/2024,12:15:06,50.98817,45.929711
2/21/2024,12:15:06,51.10817,46.179711
2/21/2024,12:15:06,51.21817,46.429711
2/21/2024,12:15:06,51.32817,46.689711
2/21/2024,12:15:07,51.43817,46.939711
2/21/2024,12:15:07,51.55817,47.189711
2/21/2024,12:15:07,51.66817,47.439711
2/21/2024,12:15:07,51.77817,47.699711
2/21/2024,12:15:07,51.89817,47.949711
2/21/2024,12:15:08,51.99817,48.199711
2/21/2024,12:15:08,52.10817,48.449711
2/21/2024,12:15:08,52.20817,48.699711
2/21/2024,12:15:08,52.31817,48.959711
2/21/2024,12:15:08,52.42817,49.209711
2/21/2024,12:15:09,52.52817,49.459711
2/21/2024,12:15:09,52.63817,49.719711
2/21/2024,12:15:09,52.74817,49.969711
2/21/2024,12:15:09,52.85817,50.229711
2/21/2024,12:15:09,52.95817,50.489711
2/21/2024,12:15:10,53.06817,50.749711
2/21/2024,12:15:10,53.17817,50.999711
2/21/2024,12:15:10,53.27817,51.259711
2/21/2024,12:15:10,53.38817,51.519711
2/21/2024,12:15:10,53.49817,51.779711
2/21/2024,12:15:11,53.60817,52.039711
2/21/2024,12:15:11,53.71817,52.299711
2/21/2024,12:15:11,53.83817,52.559711
2/21/2024,12:15:11,53.95817,52.819711
2/21/2024,12:15:11,54.06817,53.089711
2/21/2024,12:15:12,54.17817,53.349711
2/21/2024,12:15:12,54.28817,53.609711
2/21/2024,12:15:12,54.40817,53.879711
2/21/2024,12:15:12,54.52817,54.139711
2/21/2024,12:15:12,54.64817,54.399711
2/21/2024,12:15:13,54.78817,54.669711
2/21/2024,12:15:13,54.91817,54.929711
2/21/2024,12:15:13,55.05817,55.189711
2/21/2024,12:15:13,55.18817,55.449711
2/21/2024,12:15:13,55.32817,55.709711
2/21/2024,12:15:14,55.46817,55.969711
2/21/2024,12:15:14,55.60817,56.229711
2/21/2024,12:15:14,55.74817,56.479711
2/21/2024,12:15:14,55.90817,56.729711
2/21/2024,12:15:14,56.06817,56.979711
2/21/2024,12:15:15,56.22817,57.229711
2/21/2024,12:15:15,56.37817,57.469711
2/21/2024,12:15:15,56.54817,57.709711
2/21/2024,12:15:15,56.71817,57.949711
2/21/2024,12:15:15,56.88817,58.179711
2/21/2024,12:15:16,57.05817,58.409711
2/21/2024,12:15:16,57.22817,58.629711
2/21/2024,12:15:16,57.39817,58.859711
2/21/2024,12:15:16,57.57817,59.079711
2/21/2024,12:15:16,57.76817,59.299711
2/21/2024,12:15:17,57.94817,59.509711
2/21/2024,12:15:17,58.13817,59.709711
2/21/2024,12:15:17,58.32817,59.919711
2/21/2024,12:15:17,58.52817,60.119711
2/21/2024,12:15:17,58.72817,60.309711
2/21/2024,12:15:18,58.92817,60.509711
2/21/2024,12:15:18,59.12817,60.689711
2/21/2024,12:15:18,59.32817,60.879711
2/21/2024,12:15:18,59.53817,61.049711
2/21/2024,12:15:18,59.72817,61.229711
2/21/2024,12:15:19,59.93817,61.389711
2/21/2024,12:15:19,60.15817,61.559711
2/21/2024,12:15:19,60.35817,61.729711
2/21/2024,12:15:19,60.57817,61.879711
2/21/2024,12:15:19,60.78817,62.039711
2/21/2024,12:15:20,60.99817,62.179711
2/21/2024,12:15:20,61.21817,62.319711
2/21/2024,12:15:20,61.43817,62.469711
2/21/2024,12:15:20,61.66817,62.589711
2/21/2024,12:15:20,61.88817,62.729711
2/21/2024,12:15:21,62.11817,62.849711
2/21/2024,12:15:21,62.33817,62.969711
2/21/2024,12:15:21,62.55817,63.099711
2/21/2024,12:15:21,62.78817,63.199711
2/21/2024,12:15:21,63.01817,63.309711
2/21/2024,12:15:22,63.23817,63.419711
2/21/2024,12:15:22,63.46817,63.509711
2/21/2024,12:15:22,63.69817,63.609711
2/21/2024,12:15:22,63.92817,63.689711
2/21/2024,12:15:22,64.16817,63.769711
2/21/2024,12:15:23,64.39817,63.859711
2/21/2024,12:15:23,64.62817,63.939711
2/21/2024,12:15:23,64.85817,64.019711
2/21/2024,12:15:23,65.08817,64.089711
2/21/2024,12:15:23,65.32817,64.159711
2/21/2024,12:15:24,65.55817,64.219711
2/21/2024,12:15:24,65.79817,64.269711
2/21/2024,12:15:24,66.03817,64.319711
2/21/2024,12:15:24,66.27817,64.379711
2/21/2024,12:15:24,66.50817,64.409711
2/21/2024,12:15:25,66.73817,64.449711
2/21/2024,12:15:25,66.97817,64.509711
2/21/2024,12:15:25,67.20817,64.529711
2/21/2024,12:15:25,67.44817,64.569711
2/21/2024,12:15:25,67.68817,64.599711
2/21/2024,12:15:26,67.91817,64.609711
2/21/2024,12:15:26,68.14817,64.629711
2/21/2024,12:15:26,68.38817,64.639711
2/21/2024,12:15:26,68.61817,64.639711
2/21/2024,12:15:26,68.85817,64.659711
2/21/2024,12:15:27,69.08817,64.659711
2/21/2024,12:15:27,69.31817,64.639711
2/21/2024,12:15:27,69.55817,64.649711
2/21/2024,12:15:27,69.78817,64.639711
2/21/2024,12:15:27,70.02817,64.629711
2/21/2024,12:15:28,70.25817,64.619711
2/21/2024,12:15:28,70.48817,64.599711
2/21/2024,12:15:28,70.70817,64.559711
2/21/2024,12:15:28,70.93817,64.529711
2/21/2024,12:15:28,71.15817,64.479711
2/21/2024,12:15:29,71.38817,64.439711
2/21/2024,12:15:29,71.60817,64.399711
2/21/2024,12:15:29,71.82817,64.359711
2/21/2024,12:15:29,72.05817,64.309711
2/21/2024,12:15:29,72.28817,64.269711
2/21/2024,12:15:30,72.51817,64.219711
2/21/2024,12:15:30,72.72817,64.159711
2/21/2024,12:15:30,72.93817,64.079711
2/21/2024,12:15:30,73.15817,63.999711
2/21/2024,12:15:30,73.36817,63.929711
2/21/2024,12:15:31,73.57817,63.859711
2/21/2024,12:15:31,73.78817,63.779711
2/21/2024,12:15:31,74.00817,63.709711
2/21/2024,12:15:31,74.22817,63.629711
2/21/2024,12:15:31,74.43817,63.539711
2/21/2024,12:15:32,74.63817,63.449711
2/21/2024,12:15:32,74.83817,63.349711
2/21/2024,12:15:32,75.02817,63.239711
2/21/2024,12:15:32,75.22817,63.139711
2/21/2024,12:15:32,75.42817,63.039711
2/21/2024,12:15:33,75.61817,62.919711
2/21/2024,12:15:33,75.80817,62.809711
2/21/2024,12:15:33,76.00817,62.699711
2/21/2024,12:15:33,76.20817,62.579711
2/21/2024,12:15:33,76.39817,62.459711
2/21/2024,12:15:34,76.57817,62.339711
2/21/2024,12:15:34,76.75817,62.219711
2/21/2024,12:15:34,76.93817,62.089711
2/21/2024,12:15:34,77.10817,61.949711
2/21/2024,12:15:34,77.27817,61.809711
2/21/2024,12:15:35,77.44817,61.669711
2/21/2024,12:15:35,77.61817,61.529711
2/21/2024,12:15:35,77.77817,61.379711
2/21/2024,12:15:35,77.93817,61.239711
2/21/2024,12:15:35,78.09817,61.089711
2/21/2024,12:15:36,78.25817,60.939711
2/21/2024,12:15:36,78.40817,60.779711
2/21/2024,12:15:36,78.56817,60.629711
2/21/2024,12:15:36,78.71817,60.469711
2/21/2024,12:15:36,78.85817,60.299711
2/21/2024,12:15:37,78.99817,60.139711
2/21/2024,12:15:37,79.14817,59.969711
2/21/2024,12:15:37,79.26817,59.799711
2/21/2024,12:15:37,79.40817,59.629711
2/21/2024,12:15:37,79.52817,59.449711
2/21/2024,12:15:38,79.65817,59.269711
2/21/2024,12:15:38,79.76817,59.099711
2/21/2024,12:15:38,79.89817,58.919711
2/21/2024,12:15:38,80.01817,58.739711
2/21/2024,12:15:38,80.12817,58.559711
2/21/2024,12:15:39,80.23817,58.379711
2/21/2024,12:15:39,80.34817,58.189711
2/21/2024,12:15:39,80.43817,57.999711
2/21/2024,12:15:39,80.53817,57.809711
2/21/2024,12:15:39,80.62817,57.609711
2/21/2024,12:15:40,80.71817,57.419711
2/21/2024,12:15:40,80.80817,57.229711
2/21/2024,12:15:40,80.89817,57.029711
2/21/2024,12:15:40,80.98817,56.839711
2/21/2024,12:15:40,81.06817,56.639711
2/21/2024,12:15:41,81.13817,56.439711
2/21/2024,12:15:41,81.20817,56.239711
2/21/2024,12:15:41,81.27817,56.039711
2/21/2024,12:15:41,81.33817,55.829711
2/21/2024,12:15:41,81.38817,55.629711
2/21/2024,12:15:42,81.43817,55.429711
2/21/2024,12:15:42,81.48817,55.219711
2/21/2024,12:15:42,81.53817,55.019711
2/21/2024,12:15:42,81.57817,54.819711
2/21/2024,12:15:42,81.61817,54.609711
2/21/2024,12:15:43,81.64817,54.409711
2/21/2024,12:15:43,81.68817,54.199711
2/21/2024,12:15:43,81.72817,53.999711
2/21/2024,12:15:43,81.75817,53.789711
2/21/2024,12:15:43,81.77817,53.579711
2/21/2024,12:15:44,81.79817,53.379711
2/21/2024,12:15:44,81.80817,53.169711
2/21/2024,12:15:44,81.81817,52.969711
2/21/2024,12:15:44,81.82817,52.769711
2/21/2024,12:15:44,81.82817,52.569711
2/21/2024,12:15:45,81.83817,52.379711
2/21/2024,12:15:45,81.83817,52.179711
2/21/2024,12:15:45,81.83817,51.979711
2/21/2024,12:15:45,81.83817,51.779711
2/21/2024,12:15:45,81.82817,51.569711
2/21/2024,12:15:46,81.81817,51.369711
2/21/2024,12:15:46,81.80817,51.169711
2/21/2024,12:15:46,81.78817,50.979711
2/21/2024,12:15:46,81.76817,50.779711
2/21/2024,12:15:46,81.75817,50.579711
2/21/2024,12:15:47,81.73817,50.379711
2/21/2024,12:15:47,81.71817,50.179711
2/21/2024,12:15:47,81.69817,49.979711
2/21/2024,12:15:47,81.66817,49.769711
2/21/2024,12:15:47,81.63817,49.569711
2/21/2024,12:15:48,81.60817,49.369711
2/21/2024,12:15:48,81.56817,49.169711
2/21/2024,12:15:48,81.52817,48.969711
2/21/2024,12:15:48,81.49817,48.769711
2/21/2024,12:15:48,81.44817,48.569711
2/21/2024,12:15:49,81.40817,48.369711
2/21/2024,12:15:49,81.35817,48.169711
2/21/2024,12:15:49,81.31817,47.969711
2/21/2024,12:15:49,81.26817,47.759711
2/21/2024,12:15:49,81.21817,47.549711
2/21/2024,12:15:50,81.16817,47.349711
2/21/2024,12:15:50,81.10817,47.139711
2/21/2024,12:15:50,81.04817,46.929711
2/21/2024,12:15:50,80.97817,46.729711
2/21/2024,12:15:50,80.90817,46.519711
2/21/2024,12:15:51,80.83817,46.309711
2/21/2024,12:15:51,80.77817,46.109711
2/21/2024,12:15:51,80.70817,45.899711
2/21/2024,12:15:51,80.63817,45.689711
2/21/2024,12:15:51,80.55817,45.479711
2/21/2024,12:15:52,80.47817,45.269711
2/21/2024,12:15:52,80.40817,45.059711
2/21/2024,12:15:52,80.32817,44.849711
2/21/2024,12:15:52,80.23817,44.639711
2/21/2024,12:15:52,80.15817,44.429711
2/21/2024,12:15:53,80.06817,44.229711
2/21/2024,12:15:53,79.97817,44.019711
2/21/2024,12:15:53,79.88817,43.809711
2/21/2024,12:15:53,79.78817,43.599711
2/21/2024,12:15:53,79.69817,43.389711
2/21/2024,12:15:54,79.59817,43.189711
2/21/2024,12:15:54,79.49817,42.979711
2/21/2024,12:15:54,79.40817,42.779711
2/21/2024,12:15:54,79.30817,42.579711
2/21/2024,12:15:54,79.20817,42.379711
2/21/2024,12:15:55,79.10817,42.179711
2/21/2024,12:15:55,79.00817,41.979711
2/21/2024,12:15:55,78.90817,41.779711
2/21/2024,12:15:55,78.79817,41.579711
2/21/2024,12:15:55,78.69817,41.379711
2/21/2024,12:15:56,78.58817,41.189711
2/21/2024,12:15:56,78.48817,40.989711
2/21/2024,12:15:56,78.37817,40.799711
2/21/2024,12:15:56,78.27817,40.599711
2/21/2024,12:15:56,78.16817,40.409711
2/21/2024,12:15:57,78.05817,40.209711
2/21/2024,12:15:57,77.94817,40.019711
2/21/2024,12:15:57,77.83817,39.819711
2/21/2024,12:15:57,77.72817,39.619711
2/21/2024,12:15:57,77.61817,39.429711
2/21/2024,12:15:58,77.50817,39.229711
2/21/2024,12:15:58,77.38817,39.039711
2/21/2024,12:15:58,77.27817,38.849711
2/21/2024,12:15:58,77.16817,38.649711
2/21/2024,12:15:58,77.05817,38.449711
2/21/2024,12:15:59,76.93817,38.259711
2/21/2024,12:15:59,76.82817,38.059711
2/21/2024,12:15:59,76.70817,37.869711
2/21/2024,12:15:59,76.59817,37.669711
2/21/2024,12:15:59,76.48817,37.469711
2/21/2024,12:16:00,76.36817,37.269711
2/21/2024,12:16:00,76.24817,37.059711
2/21/2024,12:16:00,76.13817,36.859711
2/21/2024,12:16:00,76.01817,36.659711
2/21/2024,12:16:00,75.89817,36.459711
2/21/2024,12:16:01,75.77817,36.259711
2/21/2024,12:16:01,75.64817,36.059711
2/21/2024,12:16:01,75.52817,35.849711
2/21/2024,12:16:01,75.40817,35.649711
2/21/2024,12:16:01,75.28817,35.439711
2/21/2024,12:16:02,75.16817,35.239711
2/21/2024,12:16:02,75.04817,35.039711
2/21/2024,12:16:02,74.91817,34.829711
2/21/2024,12:16:02,74.79817,34.629711
2/21/2024,12:16:02,74.67817,34.419711
2/21/2024,12:16:03,74.54817,34.209711
2/21/2024,12:16:03,74.42817,33.999711
2/21/2024,12:16:03,74.29817,33.789711
2/21/2024,12:16:03,74.16817,33.589711
2/21/2024,12:16:03,74.04817,33.379711
2/21/2024,12:16:04,73.91817,33.159711
2/21/2024,12:16:04,73.78817,32.949711
2/21/2024,12:16:04,73.65817,32.739711
2/21/2024,12:16:04,73.52817,32.529711
2/21/2024,12:16:04,73.39817,32.319711
2/21/2024,12:16:05,73.27817,32.099711
2/21/2024,12:16:05,73.14817,31.889711
2/21/2024,12:16:05,73.01817,31.679711
2/21/2024,12:16:05,72.89817,31.469711
2/21/2024,12:16:05,72.75817,31.259711
2/21/2024,12:16:06,72.62817,31.049711
2/21/2024,12:16:06,72.49817,30.829711
2/21/2024,12:16:06,72.36817,30.619711
2/21/2024,12:16:06,72.23817,30.399711
2/21/2024,12:16:06,72.09817,30.189711
2/21/2024,12:16:07,71.96817,29.969711
2/21/2024,12:16:07,71.83817,29.759711
2/21/2024,12:16:07,71.70817,29.539711
2/21/2024,12:16:07,71.56817,29.319711
2/21/2024,12:16:07,71.43817,29.099711
2/21/2024,12:16:08,71.30817,28.889711
2/21/2024,12:16:08,71.16817,28.669711
2/21/2024,12:16:08,71.03817,28.449711
2/21/2024,12:16:08,70.90817,28.239711
2/21/2024,12:16:08,70.76817,28.019711
2/21/2024,12:16:09,70.63817,27.809711
2/21/2024,12:16:09,70.50817,27.589711
2/21/2024,12:16:09,70.36817,27.369711
2/21/2024,12:16:09,70.23817,27.159711
2/21/2024,12:16:09,70.10817,26.939711
2/21/2024,12:16:10,69.96817,26.719711
2/21/2024,12:16:10,69.83817,26.499711
2/21/2024,12:16:10,69.70817,26.289711
2/21/2024,12:16:10,69.57817,26.069711
2/21/2024,12:16:10,69.44817,25.849711
2/21/2024,12:16:11,69.30817,25.629711
2/21/2024,12:16:11,69.17817,25.419711
2/21/2024,12:16:11,69.04817,25.199711
2/21/2024,12:16:11,68.91817,24.979711
2/21/2024,12:16:11,68.78817,24.769711
2/21/2024,12:16:12,68.65817,24.549711
2/21/2024,12:16:12,68.52817,24.329711
2/21/2024,12:16:12,68.39817,24.119711
2/21/2024,12:16:12,68.26817,23.899711
2/21/2024,12:16:12,68.13817,23.679711
2/21/2024,12:16:13,68.01817,23.469711
2/21/2024,12:16:13,67.88817,23.249711
2/21/2024,12:16:13,67.75817,23.039711
2/21/2024,12:16:13,67.62817,22.819711
2/21/2024,12:16:13,67.49817,22.599711
2/21/2024,12:16:14,67.37817,22.389711
2/21/2024,12:16:14,67.24817,22.169711
2/21/2024,12:16:14,67.12817,21.949711
2/21/2024,12:16:14,66.99817,21.719711
2/21/2024,12:16:14,66.87817,21.499711
2/21/2024,12:16:15,66.75817,21.279711
2/21/2024,12:16:15,66.62817,21.059711
2/21/2024,12:16:15,66.49817,20.829711
2/21/2024,12:16:15,66.36817,20.609711
2/21/2024,12:16:15,66.24817,20.379711
2/21/2024,12:16:16,66.11817,20.159711
2/21/2024,12:16:16,65.99817,19.929711
2/21/2024,12:16:16,65.86817,19.699711
2/21/2024,12:16:16,65.74817,19.469711
2/21/2024,12:16:16,65.61817,19.249711
2/21/2024,12:16:17,65.49817,19.019711
2/21/2024,12:16:17,65.37817,18.789711
2/21/2024,12:16:17,65.24817,18.559711
2/21/2024,12:16:17,65.12817,18.329711
2/21/2024,12:16:17,65.00817,18.109711
2/21/2024,12:16:18,64.88817,17.879711
2/21/2024,12:16:18,64.76817,17.649711
2/21/2024,12:16:18,64.64817,17.429711
2/21/2024,12:16:18,64.52817,17.199711
2/21/2024,12:16:18,64.40817,16.969711
2/21/2024,12:16:19,64.29817,16.749711
2/21/2024,12:16:19,64.17817,16.519711
2/21/2024,12:16:19,64.06817,16.299711
2/21/2024,12:16:19,63.95817,16.069711
2/21/2024,12:16:19,63.84817,15.849711
2/21/2024,12:16:20,63.73817,15.619711
2/21/2024,12:16:20,63.61817,15.399711
2/21/2024,12:16:20,63.50817,15.179711
2/21/2024,12:16:20,63.39817,14.949711
2/21/2024,12:16:20,63.29817,14.729711
2/21/2024,12:16:21,63.19817,14.509711
2/21/2024,12:16:21,63.09817,14.279711
2/21/2024,12:16:21,63.00817,14.059711
2/21/2024,12:16:21,62.90817,13.829711
2/21/2024,12:16:21,62.80817,13.609711
2/21/2024,12:16:22,62.70817,13.379711
2/21/2024,12:16:22,62.61817,13.159711
2/21/2024,12:16:22,62.52817,12.929711
2/21/2024,12:16:22,62.43817,12.699711
2/21/2024,12:16:22,62.34817,12.479711
2/21/2024,12:16:23,62.25817,12.249711
2/21/2024,12:16:23,62.16817,12.019711
2/21/2024,12:16:23,62.08817,11.789711
2/21/2024,12:16:23,61.99817,11.569711
2/21/2024,12:16:23,61.91817,11.329711
2/21/2024,12:16:24,61.83817,11.099711
2/21/2024,12:16:24,61.75817,10.869711
2/21/2024,12:16:24,61.67817,10.639711
2/21/2024,12:16:24,61.59817,10.399711
2/21/2024,12:16:24,61.51817,10.169711
2/21/2024,12:16:25,61.44817,9.929711
2/21/2024,12:16:25,61.36817,9.689711
2/21/2024,12:16:25,61.28817,9.449711
2/21/2024,12:16:25,61.21817,9.199711
2/21/2024,12:16:25,61.13817,8.959711
2/21/2024,12:16:26,61.06817,8.719711
2/21/2024,12:16:26,60.98817,8.469711
2/21/2024,12:16:26,60.91817,8.219711
2/21/2024,12:16:26,60.85817,7.979711
2/21/2024,12:16:26,60.78817,7.729711
2/21/2024,12:16:27,60.71817,7.489711
2/21/2024,12:16:27,60.64817,7.239711
2/21/2024,12:16:27,60.57817,6.989711
2/21/2024,12:16:27,60.50817,6.739711
2/21/2024,12:16:27,60.44817,6.489711
2/21/2024,12:16:28,60.38817,6.239711
2/21/2024,12:16:28,60.31817,5.989711
2/21/2024,12:16:28,60.24817,5.739711
2/21/2024,12:16:28,60.17817,5.489711
2/21/2024,12:16:28,60.11817,5.239711
2/21/2024,12:16:29,60.05817,4.989711
2/21/2024,12:16:29,59.99817,4.729711
2/21/2024,12:16:29,59.93817,4.479711
2/21/2024,12:16:29,59.87817,4.229711
2/21/2024,12:16:29,59.81817,3.979711
2/21/2024,12:16:30,59.75817,3.729711
2/21/2024,12:16:30,59.69817,3.479711
2/21/2024,12:16:30,59.63817,3.229711
2/21/2024,12:16:30,59.57817,2.979711
2/21/2024,12:16:30,59.52817,2.719711
2/21/2024,12:16:31,59.47817,2.469711
2/21/2024,12:16:31,59.41817,2.219711
2/21/2024,12:16:31,59.37817,1.969711
2/21/2024,12:16:31,59.32817,1.709711
2/21/2024,12:16:31,59.27817,1.459711
2/21/2024,12:16:32,59.21817,1.209711
2/21/2024,12:16:32,59.17817,0.959711
2/21/2024,12:16:32,59.12817,0.699711
2/21/2024,12:16:32,59.07817,0.439711
2/21/2024,12:16:32,59.02817,0.179711
2/21/2024,12:16:33,58.97817,-0.070289
2/21/2024,12:16:33,58.92817,-0.330289
2/21/2024,12:16:33,58.88817,-0.590289
2/21/2024,12:16:33,58.83817,-0.840289
2/21/2024,12:16:33,58.78817,-1.110289
2/21/2024,12:16:34,58.73817,-1.370289
2/21/2024,12:16:34,58.68817,-1.620289
2/21/2024,12:16:34,58.64817,-1.880289
2/21/2024,12:16:34,58.59817,-2.140289
2/21/2024,12:16:34,58.54817,-2.410289
2/21/2024,12:16:35,58.49817,-2.670289
2/21/2024,12:16:35,58.44817,-2.930289
2/21/2024,12:16:35,58.40817,-3.200289
2/21/2024,12:16:35,58.34817,-3.460289
2/21/2024,12:16:35,58.29817,-3.730289
2/21/2024,12:16:36,58.24817,-4.000289
2/21/2024,12:16:36,58.19817,-4.260289
2/21/2024,12:16:36,58.13817,-4.530289
2/21/2024,12:16:36,58.07817,-4.800289
2/21/2024,12:16:36,58.00817,-5.060289
2/21/2024,12:16:37,57.93817,-5.330289
2/21/2024,12:16:37,57.87817,-5.590289
2/21/2024,12:16:37,57.80817,-5.860289
2/21/2024,12:16:37,57.73817,-6.120289
2/21/2024,12:16:37,57.66817,-6.380289
2/21/2024,12:16:38,57.58817,-6.640289
2/21/2024,12:16:38,57.51817,-6.900289
2/21/2024,12:16:38,57.43817,-7.160289
2/21/2024,12:16:38,57.35817,-7.420289
2/21/2024,12:16:38,57.26817,-7.680289
2/21/2024,12:16:39,57.17817,-7.930289
2/21/2024,12:16:39,57.08817,-8.190289
2/21/2024,12:16:39,56.97817,-8.440289
2/21/2024,12:16:39,56.87817,-8.690289
2/21/2024,12:16:39,56.77817,-8.950289
2/21/2024,12:16:40,56.65817,-9.190289
2/21/2024,12:16:40,56.54817,-9.440289
2/21/2024,12:16:40,56.42817,-9.680289
2/21/2024,12:16:40,56.30817,-9.910289
2/21/2024,12:16:40,56.17817,-10.140289
2/21/2024,12:16:41,56.05817,-10.370289
2/21/2024,12:16:41,55.91817,-10.600289
2/21/2024,12:16:41,55.78817,-10.820289
2/21/2024,12:16:41,55.65817,-11.040289
2/21/2024,12:16:41,55.51817,-11.250289
2/21/2024,12:16:42,55.36817,-11.460289
2/21/2024,12:16:42,55.21817,-11.660289
2/21/2024,12:16:42,55.06817,-11.870289
2/21/2024,12:16:42,54.89817,-12.060289
2/21/2024,12:16:42,54.74817,-12.260289
2/21/2024,12:16:43,54.58817,-12.450289
2/21/2024,12:16:43,54.41817,-12.630289
2/21/2024,12:16:43,54.26817,-12.820289
2/21/2024,12:16:43,54.09817,-12.990289
2/21/2024,12:16:43,53.92817,-13.170289
2/21/2024,12:16:44,53.75817,-13.330289
2/21/2024,12:16:44,53.57817,-13.500289
2/21/2024,12:16:44,53.39817,-13.650289
2/21/2024,12:16:44,53.21817,-13.790289
2/21/2024,12:16:44,53.04817,-13.950289
2/21/2024,12:16:45,52.85817,-14.090289
2/21/2024,12:16:45,52.67817,-14.230289
2/21/2024,12:16:45,52.48817,-14.370289
2/21/2024,12:16:45,52.30817,-14.500289
2/21/2024,12:16:45,52.10817,-14.620289
2/21/2024,12:16:46,51.91817,-14.740289
2/21/2024,12:16:46,51.72817,-14.860289
2/21/2024,12:16:46,51.51817,-14.970289
2/21/2024,12:16:46,51.32817,-15.080289
2/21/2024,12:16:46,51.12817,-15.190289
2/21/2024,12:16:47,50.91817,-15.280289
2/21/2024,12:16:47,50.72817,-15.380289
2/21/2024,12:16:47,50.51817,-15.460289
2/21/2024,12:16:47,50.30817,-15.550289
2/21/2024,12:16:47,50.11817,-15.640289
2/21/2024,12:16:48,49.90817,-15.700289
2/21/2024,12:16:48,49.70817,-15.780289
2/21/2024,12:16:48,49.50817,-15.860289
2/21/2024,12:16:48,49.29817,-15.920289
2/21/2024,12:16:48,49.10817,-15.990289
2/21/2024,12:16:49,48.88817,-16.030289
2/21/2024,12:16:49,48.67817,-16.080289
2/21/2024,12:16:49,48.46817,-16.130289
2/21/2024,12:16:49,48.25817,-16.170289
2/21/2024,12:16:49,48.05817,-16.210289
2/21/2024,12:16:50,47.83817,-16.240289
2/21/2024,12:16:50,47.62817,-16.260289
2/21/2024,12:16:50,47.41817,-16.290289
2/21/2024,12:16:50,47.20817,-16.310289
2/21/2024,12:16:50,47.00817,-16.330289
2/21/2024,12:16:51,46.80817,-16.350289
2/21/2024,12:16:51,46.60817,-16.360289
2/21/2024,12:16:51,46.40817,-16.370289
2/21/2024,12:16:51,46.19817,-16.390289
2/21/2024,12:16:51,45.99817,-16.390289
2/21/2024,12:16:52,45.79817,-16.400289
2/21/2024,12:16:52,45.59817,-16.400289
2/21/2024,12:16:52,45.39817,-16.390289
2/21/2024,12:16:52,45.20817,-16.380289
2/21/2024,12:16:52,45.00817,-16.380289
2/21/2024,12:16:53,44.81817,-16.360289
2/21/2024,12:16:53,44.62817,-16.350289
2/21/2024,12:16:53,44.42817,-16.340289
2/21/2024,12:16:53,44.23817,-16.330289
2/21/2024,12:16:53,44.04817,-16.320289
2/21/2024,12:16:54,43.85817,-16.310289
2/21/2024,12:16:54,43.66817,-16.290289
2/21/2024,12:16:54,43.46817,-16.270289
2/21/2024,12:16:54,43.27817,-16.260289
2/21/2024,12:16:54,43.08817,-16.230289
2/21/2024,12:16:55,42.88817,-16.210289
2/21/2024,12:16:55,42.68817,-16.190289
2/21/2024,12:16:55,42.49817,-16.170289
2/21/2024,12:16:55,42.29817,-16.150289
2/21/2024,12:16:55,42.08817,-16.120289
2/21/2024,12:16:56,41.88817,-16.090289
2/21/2024,12:16:56,41.68817,-16.070289
2/21/2024,12:16:56,41.48817,-16.040289
2/21/2024,12:16:56,41.27817,-16.010289
2/21/2024,12:16:56,41.07817,-15.990289
2/21/2024,12:16:57,40.87817,-15.960289
2/21/2024,12:16:57,40.66817,-15.930289
2/21/2024,12:16:57,40.45817,-15.900289
2/21/2024,12:16:57,40.24817,-15.870289
2/21/2024,12:16:57,40.03817,-15.830289
2/21/2024,12:16:58,39.82817,-15.800289
2/21/2024,12:16:58,39.61817,-15.760289
2/21/2024,12:16:58,39.38817,-15.730289
2/21/2024,12:16:58,39.17817,-15.690289
2/21/2024,12:16:58,38.95817,-15.660289
2/21/2024,12:16:59,38.73817,-15.620289
2/21/2024,12:16:59,38.51817,-15.580289
2/21/2024,12:16:59,38.29817,-15.540289
2/21/2024,12:16:59,38.07817,-15.500289
2/21/2024,12:16:59,37.84817,-15.460289
2/21/2024,12:17:00,37.62817,-15.420289
2/21/2024,12:17:00,37.40817,-15.380289
2/21/2024,12:17:00,37.18817,-15.340289
2/21/2024,12:17:00,36.95817,-15.310289
2/21/2024,12:17:00,36.73817,-15.260289
2/21/2024,12:17:01,36.50817,-15.220289
2/21/2024,12:17:01,36.26817,-15.170289
2/21/2024,12:17:01,36.03817,-15.130289
2/21/2024,12:17:01,35.80817,-15.080289
2/21/2024,12:17:01,35.56817,-15.030289
2/21/2024,12:17:02,35.33817,-14.980289
2/21/2024,12:17:02,35.09817,-14.930289
2/21/2024,12:17:02,34.86817,-14.880289
2/21/2024,12:17:02,34.63817,-14.830289
2/21/2024,12:17:02,34.40817,-14.790289
2/21/2024,12:17:03,34.17817,-14.740289
2/21/2024,12:17:03,33.93817,-14.690289
2/21/2024,12:17:03,33.71817,-14.640289
2/21/2024,12:17:03,33.47817,-14.590289
2/21/2024,12:17:03,33.24817,-14.530289
2/21/2024,12:17:04,33.01817,-14.480289
2/21/2024,12:17:04,32.77817,-14.430289
2/21/2024,12:17:04,32.52817,-14.370289
2/21/2024,12:17:04,32.28817,-14.310289
2/21/2024,12:17:04,32.03817,-14.260289
2/21/2024,12:17:05,31.78817,-14.210289
2/21/2024,12:17:05,31.54817,-14.160289
2/21/2024,12:17:05,31.29817,-14.110289
2/21/2024,12:17:05,31.05817,-14.050289
2/21/2024,12:17:05,30.81817,-14.000289
2/21/2024,12:17:06,30.56817,-13.940289
2/21/2024,12:17:06,30.32817,-13.890289
2/21/2024,12:17:06,30.07817,-13.830289
2/21/2024,12:17:06,29.82817,-13.780289
2/21/2024,12:17:06,29.58817,-13.730289
2/21/2024,12:17:07,29.33817,-13.690289
2/21/2024,12:17:07,29.08817,-13.640289
2/21/2024,12:17:07,28.83817,-13.600289
2/21/2024,12:17:07,28.58817,-13.560289
2/21/2024,12:17:07,28.34817,-13.530289
2/21/2024,12:17:08,28.10817,-13.490289
2/21/2024,12:17:08,27.86817,-13.450289
2/21/2024,12:17:08,27.62817,-13.420289
2/21/2024,12:17:08,27.39817,-13.390289
2/21/2024,12:17:08,27.15817,-13.350289
2/21/2024,12:17:09,26.91817,-13.330289
2/21/2024,12:17:09,26.67817,-13.320289
2/21/2024,12:17:09,26.44817,-13.300289
2/21/2024,12:17:09,26.20817,-13.290289
2/21/2024,12:17:09,25.96817,-13.280289
2/21/2024,12:17:10,25.71817,-13.270289
2/21/2024,12:17:10,25.47817,-13.270289
2/21/2024,12:17:10,25.22817,-13.260289
2/21/2024,12:17:10,24.98817,-13.270289
2/21/2024,12:17:10,24.73817,-13.280289
2/21/2024,12:17:11,24.47817,-13.290289
2/21/2024,12:17:11,24.21817,-13.310289
2/21/2024,12:17:11,23.95817,-13.320289
2/21/2024,12:17:11,23.69817,-13.350289
2/21/2024,12:17:11,23.43817,-13.370289
2/21/2024,12:17:12,23.16817,-13.400289
2/21/2024,12:17:12,22.89817,-13.430289
2/21/2024,12:17:12,22.62817,-13.470289
2/21/2024,12:17:12,22.35817,-13.510289
2/21/2024,12:17:12,22.08817,-13.550289
2/21/2024,12:17:13,21.80817,-13.590289
2/21/2024,12:17:13,21.52817,-13.640289
2/21/2024,12:17:13,21.25817,-13.690289
2/21/2024,12:17:13,20.98817,-13.750289
2/21/2024,12:17:13,20.71817,-13.810289
2/21/2024,12:17:14,20.43817,-13.880289
2/21/2024,12:17:14,20.16817,-13.940289
2/21/2024,12:17:14,19.89817,-14.010289
2/21/2024,12:17:14,19.62817,-14.070289
2/21/2024,12:17:14,19.35817,-14.140289
2/21/2024,12:17:15,19.09817,-14.210289
2/21/2024,12:17:15,18.83817,-14.280289
2/21/2024,12:17:15,18.57817,-14.360289
2/21/2024,12:17:15,18.31817,-14.440289
2/21/2024,12:17:15,18.06817,-14.520289
2/21/2024,12:17:16,17.80817,-14.600289
2/21/2024,12:17:16,17.55817,-14.680289
2/21/2024,12:17:16,17.31817,-14.770289
2/21/2024,12:17:16,17.07817,-14.850289
2/21/2024,12:17:16,16.83817,-14.940289
2/21/2024,12:17:17,16.60817,-15.030289
2/21/2024,12:17:17,16.36817,-15.120289
2/21/2024,12:17:17,16.13817,-15.210289
2/21/2024,12:17:17,15.90817,-15.310289
2/21/2024,12:17:17,15.68817,-15.400289
2/21/2024,12:17:18,15.46817,-15.500289
2/21/2024,12:17:18,15.24817,-15.600289
2/21/2024,12:17:18,15.01817,-15.710289
2/21/2024,12:17:18,14.80817,-15.810289
2/21/2024,12:17:18,14.58817,-15.920289
2/21/2024,12:17:19,14.36817,-16.030289
2/21/2024,12:17:19,14.15817,-16.150289
2/21/2024,12:17:19,13.93817,-16.260289
2/21/2024,12:17:19,13.72817,-16.380289
2/21/2024,12:17:19,13.51817,-16.500289
2/21/2024,12:17:20,13.30817,-16.610289
2/21/2024,12:17:20,13.09817,-16.730289
2/21/2024,12:17:20,12.88817,-16.860289
2/21/2024,12:17:20,12.68817,-16.980289
2/21/2024,12:17:20,12.47817,-17.110289
2/21/2024,12:17:21,12.26817,-17.230289
2/21/2024,12:17:21,12.06817,-17.370289
2/21/2024,12:17:21,11.86817,-17.500289
2/21/2024,12:17:21,11.66817,-17.630289
2/21/2024,12:17:21,11.46817,-17.770289
2/21/2024,12:17:22,11.26817,-17.910289
2/21/2024,12:17:22,11.06817,-18.050289
2/21/2024,12:17:22,10.87817,-18.180289
2/21/2024,12:17:22,10.67817,-18.320289
2/21/2024,12:17:22,10.48817,-18.470289
2/21/2024,12:17:23,10.28817,-18.610289
2/21/2024,12:17:23,10.10817,-18.750289
2/21/2024,12:17:23,9.918169999,-18.890289
2/21/2024,12:17:23,9.72817,-19.040289
2/21/2024,12:17:23,9.53817,-19.180289
2/21/2024,12:17:24,9.348169999,-19.330289
2/21/2024,12:17:24,9.168169999,-19.480289
2/21/2024,12:17:24,8.98817,-19.630289
2/21/2024,12:17:24,8.798169999,-19.780289
2/21/2024,12:17:24,8.61817,-19.930289
2/21/2024,12:17:25,8.428169999,-20.080289
2/21/2024,12:17:25,8.24817,-20.240289
2/21/2024,12:17:25,8.06817,-20.390289
2/21/2024,12:17:25,7.888169999,-20.550289
2/21/2024,12:17:25,7.70817,-20.710289
2/21/2024,12:17:26,7.53817,-20.870289
2/21/2024,12:17:26,7.35817,-21.020289
2/21/2024,12:17:26,7.18817,-21.180289
2/21/2024,12:17:26,7.018169999,-21.340289
2/21/2024,12:17:26,6.838169999,-21.500289
2/21/2024,12:17:27,6.668169999,-21.660289
2/21/2024,12:17:27,6.48817,-21.820289
2/21/2024,12:17:27,6.31817,-21.980289
2/21/2024,12:17:27,6.14817,-22.140289
2/21/2024,12:17:27,5.98817,-22.310289
2/21/2024,12:17:28,5.81817,-22.470289
2/21/2024,12:17:28,5.64817,-22.640289
2/21/2024,12:17:28,5.48817,-22.800289
2/21/2024,12:17:28,5.31817,-22.970289
2/21/2024,12:17:28,5.15817,-23.140289
2/21/2024,12:17:29,4.98817,-23.310289
2/21/2024,12:17:29,4.82817,-23.470289
2/21/2024,12:17:29,4.65817,-23.640289
2/21/2024,12:17:29,4.48817,-23.800289
2/21/2024,12:17:29,4.32817,-23.970289
2/21/2024,12:17:30,4.168169999,-24.150289
2/21/2024,12:17:30,3.99817,-24.320289
2/21/2024,12:17:30,3.838169999,-24.490289
2/21/2024,12:17:30,3.68817,-24.660289
2/21/2024,12:17:30,3.52817,-24.830289
2/21/2024,12:17:31,3.36817,-25.000289
2/21/2024,12:17:31,3.20817,-25.170289
2/21/2024,12:17:31,3.048169999,-25.340289
2/21/2024,12:17:31,2.888169999,-25.510289
2/21/2024,12:17:31,2.73817,-25.680289
2/21/2024,12:17:32,2.57817,-25.850289
2/21/2024,12:17:32,2.428169999,-26.020289
2/21/2024,12:17:32,2.27817,-26.200289
2/21/2024,12:17:32,2.11817,-26.370289
2/21/2024,12:17:32,1.968169999,-26.540289
2/21/2024,12:17:33,1.81817,-26.720289
2/21/2024,12:17:33,1.65817,-26.890289
2/21/2024,12:17:33,1.508169999,-27.070289
2/21/2024,12:17:33,1.348169999,-27.240289
2/21/2024,12:17:33,1.19817,-27.410289
2/21/2024,12:17:34,1.048169999,-27.590289
2/21/2024,12:17:34,0.89817,-27.760289
2/21/2024,12:17:34,0.73817,-27.940289
2/21/2024,12:17:34,0.588169999,-28.110289
2/21/2024,12:17:34,0.43817,-28.290289
2/21/2024,12:17:35,0.28817,-28.470289
2/21/2024,12:17:35,0.14817,-28.640289
2/21/2024,12:17:35,-0.00183,-28.820289
2/21/2024,12:17:35,-0.14183,-29.000289
2/21/2024,12:17:35,-0.29183,-29.170289
2/21/2024,12:17:36,-0.441830001,-29.350289
2/21/2024,12:17:36,-0.59183,-29.530289
2/21/2024,12:17:36,-0.741830001,-29.700289
2/21/2024,12:17:36,-0.88183,-29.880289
2/21/2024,12:17:36,-1.031830001,-30.060289
2/21/2024,12:17:37,-1.18183,-30.230289
2/21/2024,12:17:37,-1.331830001,-30.420289
2/21/2024,12:17:37,-1.481830001,-30.590289
2/21/2024,12:17:37,-1.621830001,-30.770289
2/21/2024,12:17:37,-1.76183,-30.950289
2/21/2024,12:17:38,-1.911830001,-31.130289
2/21/2024,12:17:38,-2.05183,-31.310289
2/21/2024,12:17:38,-2.191830001,-31.480289
2/21/2024,12:17:38,-2.331830001,-31.660289
2/21/2024,12:17:38,-2.47183,-31.840289
2/21/2024,12:17:39,-2.611830001,-32.020289
2/21/2024,12:17:39,-2.75183,-32.190289
2/21/2024,12:17:39,-2.89183,-32.370289
2/21/2024,12:17:39,-3.031830001,-32.550289
2/21/2024,12:17:39,-3.161830001,-32.730289
2/21/2024,12:17:40,-3.29183,-32.910289
2/21/2024,12:17:40,-3.43183,-33.090289
2/21/2024,12:17:40,-3.56183,-33.270289
2/21/2024,12:17:40,-3.701830001,-33.450289
2/21/2024,12:17:40,-3.84183,-33.630289
2/21/2024,12:17:41,-3.981830001,-33.810289
2/21/2024,12:17:41,-4.111830001,-33.990289
2/21/2024,12:17:41,-4.241830001,-34.170289
2/21/2024,12:17:41,-4.371830001,-34.350289
2/21/2024,12:17:41,-4.50183,-34.540289
2/21/2024,12:17:42,-4.63183,-34.720289
2/21/2024,12:17:42,-4.77183,-34.900289
2/21/2024,12:17:42,-4.901830001,-35.090289
2/21/2024,12:17:42,-5.031830001,-35.270289
2/21/2024,12:17:42,-5.17183,-35.450289
2/21/2024,12:17:43,-5.30183,-35.640289
2/21/2024,12:17:43,-5.43183,-35.820289
2/21/2024,12:17:43,-5.56183,-36.010289
2/21/2024,12:17:43,-5.691830001,-36.200289
2/21/2024,12:17:43,-5.821830001,-36.390289
2/21/2024,12:17:44,-5.951830001,-36.580289
2/21/2024,12:17:44,-6.081830001,-36.780289
2/21/2024,12:17:44,-6.22183,-36.970289
2/21/2024,12:17:44,-6.361830001,-37.160289
2/21/2024,12:17:44,-6.491830001,-37.350289
2/21/2024,12:17:45,-6.63183,-37.540289
2/21/2024,12:17:45,-6.76183,-37.730289
2/21/2024,12:17:45,-6.901830001,-37.920289
2/21/2024,12:17:45,-7.031830001,-38.110289
2/21/2024,12:17:45,-7.161830001,-38.300289
2/21/2024,12:17:46,-7.29183,-38.490289
2/21/2024,12:17:46,-7.43183,-38.680289
2/21/2024,12:17:46,-7.56183,-38.870289
2/21/2024,12:17:46,-7.691830001,-39.060289
2/21/2024,12:17:46,-7.831830001,-39.250289
2/21/2024,12:17:47,-7.96183,-39.440289
2/21/2024,12:17:47,-8.10183,-39.630289
2/21/2024,12:17:47,-8.231830001,-39.810289
2/21/2024,12:17:47,-8.371830001,-40.010289
2/21/2024,12:17:47,-8.50183,-40.200289
2/21/2024,12:17:48,-8.63183,-40.390289
2/21/2024,12:17:48,-8.77183,-40.570289
2/21/2024,12:17:48,-8.901830001,-40.760289
2/21/2024,12:17:48,-9.04183,-40.950289
2/21/2024,12:17:48,-9.17183,-41.140289
2/21/2024,12:17:49,-9.31183,-41.320289
2/21/2024,12:17:49,-9.441830001,-41.510289
2/21/2024,12:17:49,-9.581830001,-41.700289
2/21/2024,12:17:49,-9.71183,-41.890289
2/21/2024,12:17:49,-9.84183,-42.080289
2/21/2024,12:17:50,-9.981830001,-42.260289
2/21/2024,12:17:50,-10.11183,-42.450289
2/21/2024,12:17:50,-10.24183,-42.640289
2/21/2024,12:17:50,-10.38183,-42.820289
2/21/2024,12:17:50,-10.51183,-43.010289
2/21/2024,12:17:51,-10.64183,-43.190289
2/21/2024,12:17:51,-10.78183,-43.380289
2/21/2024,12:17:51,-10.91183,-43.560289
2/21/2024,12:17:51,-11.04183,-43.750289
2/21/2024,12:17:51,-11.17183,-43.930289
2/21/2024,12:17:52,-11.31183,-44.120289
2/21/2024,12:17:52,-11.44183,-44.300289
2/21/2024,12:17:52,-11.57183,-44.490289
2/21/2024,12:17:52,-11.70183,-44.680289
2/21/2024,12:17:52,-11.83183,-44.860289
2/21/2024,12:17:53,-11.96183,-45.050289
2/21/2024,12:17:53,-12.09183,-45.240289
2/21/2024,12:17:53,-12.22183,-45.420289
2/21/2024,12:17:53,-12.35183,-45.600289
2/21/2024,12:17:53,-12.49183,-45.790289
2/21/2024,12:17:54,-12.62183,-45.970289
2/21/2024,12:17:54,-12.75183,-46.160289
2/21/2024,12:17:54,-12.87183,-46.350289
2/21/2024,12:17:54,-13.00183,-46.530289
2/21/2024,12:17:54,-13.13183,-46.720289
2/21/2024,12:17:55,-13.26183,-46.910289
2/21/2024,12:17:55,-13.40183,-47.100289
2/21/2024,12:17:55,-13.53183,-47.280289
2/21/2024,12:17:55,-13.66183,-47.470289
2/21/2024,12:17:55,-13.79183,-47.660289
2/21/2024,12:17:56,-13.92183,-47.850289
2/21/2024,12:17:56,-14.05183,-48.040289
2/21/2024,12:17:56,-14.18183,-48.230289
2/21/2024,12:17:56,-14.31183,-48.420289
2/21/2024,12:17:56,-14.44183,-48.620289
2/21/2024,12:17:57,-14.57183,-48.800289
2/21/2024,12:17:57,-14.70183,-48.990289
2/21/2024,12:17:57,-14.83183,-49.190289
2/21/2024,12:17:57,-14.96183,-49.380289
2/21/2024,12:17:57,-15.09183,-49.570289
2/21/2024,12:17:58,-15.22183,-49.760289
2/21/2024,12:17:58,-15.35183,-49.950289
2/21/2024,12:17:58,-15.48183,-50.140289
2/21/2024,12:17:58,-15.61183,-50.330289
2/21/2024,12:17:58,-15.74183,-50.520289
2/21/2024,12:17:59,-15.87183,-50.710289
2/21/2024,12:17:59,-16.00183,-50.900289
2/21/2024,12:17:59,-16.13183,-51.090289
2/21/2024,12:17:59,-16.26183,-51.280289
2/21/2024,12:17:59,-16.40183,-51.470289
2/21/2024,12:18:00,-16.53183,-51.660289
2/21/2024,12:18:00,-16.66183,-51.850289
2/21/2024,12:18:00,-16.79183,-52.040289
2/21/2024,12:18:00,-16.92183,-52.230289
2/21/2024,12:18:00,-17.05183,-52.420289
2/21/2024,12:18:01,-17.18183,-52.610289
2/21/2024,12:18:01,-17.31183,-52.800289
2/21/2024,12:18:01,-17.43183,-52.980289
2/21/2024,12:18:01,-17.56183,-53.170289
2/21/2024,12:18:01,-17.69183,-53.360289
2/21/2024,12:18:02,-17.82183,-53.550289
2/21/2024,12:18:02,-17.95183,-53.730289
2/21/2024,12:18:02,-18.07183,-53.920289
2/21/2024,12:18:02,-18.20183,-54.100289
2/21/2024,12:18:02,-18.32183,-54.290289
2/21/2024,12:18:03,-18.44183,-54.480289
2/21/2024,12:18:03,-18.57183,-54.660289
2/21/2024,12:18:03,-18.69183,-54.850289
2/21/2024,12:18:03,-18.81183,-55.030289
2/21/2024,12:18:03,-18.93183,-55.220289
2/21/2024,12:18:04,-19.05183,-55.400289
2/21/2024,12:18:04,-19.17183,-55.590289
2/21/2024,12:18:04,-19.29183,-55.780289
2/21/2024,12:18:04,-19.41183,-55.960289
2/21/2024,12:18:04,-19.53183,-56.150289
2/21/2024,12:18:05,-19.65183,-56.340289
2/21/2024,12:18:05,-19.76183,-56.520289
2/21/2024,12:18:05,-19.88183,-56.710289
2/21/2024,12:18:05,-19.99183,-56.900289
2/21/2024,12:18:05,-20.11183,-57.090289
2/21/2024,12:18:06,-20.23183,-57.280289
2/21/2024,12:18:06,-20.34183,-57.460289
2/21/2024,12:18:06,-20.45183,-57.650289
2/21/2024,12:18:06,-20.57183,-57.840289
2/21/2024,12:18:06,-20.68183,-58.030289
2/21/2024,12:18:07,-20.80183,-58.220289
2/21/2024,12:18:07,-20.91183,-58.410289
2/21/2024,12:18:07,-21.01183,-58.610289
2/21/2024,12:18:07,-21.12183,-58.800289
2/21/2024,12:18:07,-21.23183,-59.000289
2/21/2024,12:18:08,-21.34183,-59.190289
2/21/2024,12:18:08,-21.46183,-59.390289
2/21/2024,12:18:08,-21.56183,-59.580289
2/21/2024,12:18:08,-21.67183,-59.770289
2/21/2024,12:18:08,-21.79183,-59.970289
2/21/2024,12:18:09,-21.90183,-60.170289
2/21/2024,12:18:09,-22.01183,-60.360289
2/21/2024,12:18:09,-22.11183,-60.570289
2/21/2024,12:18:09,-22.22183,-60.770289
2/21/2024,12:18:09,-22.33183,-60.970289
2/21/2024,12:18:10,-22.43183,-61.170289
2/21/2024,12:18:10,-22.55183,-61.370289
2/21/2024,12:18:10,-22.65183,-61.570289
2/21/2024,12:18:10,-22.76183,-61.770289
2/21/2024,12:18:10,-22.86183,-61.970289
2/21/2024,12:18:11,-22.97183,-62.170289
2/21/2024,12:18:11,-23.08183,-62.370289
2/21/2024,12:18:11,-23.18183,-62.570289
2/21/2024,12:18:11,-23.28183,-62.770289
2/21/2024,12:18:11,-23.38183,-62.970289
2/21/2024,12:18:12,-23.49183,-63.170289
2/21/2024,12:18:12,-23.59183,-63.360289
2/21/2024,12:18:12,-23.69183,-63.560289
2/21/2024,12:18:12,-23.79183,-63.760289
2/21/2024,12:18:12,-23.89183,-63.960289
2/21/2024,12:18:13,-23.99183,-64.150289
2/21/2024,12:18:13,-24.08183,-64.350289
2/21/2024,12:18:13,-24.18183,-64.550289
2/21/2024,12:18:13,-24.28183,-64.750289
2/21/2024,12:18:13,-24.37183,-64.950289
2/21/2024,12:18:14,-24.47183,-65.150289
2/21/2024,12:18:14,-24.56183,-65.340289
2/21/2024,12:18:14,-24.65183,-65.540289
2/21/2024,12:18:14,-24.74183,-65.740289
2/21/2024,12:18:14,-24.83183,-65.930289
2/21/2024,12:18:15,-24.92183,-66.130289
2/21/2024,12:18:15,-25.01183,-66.330289
2/21/2024,12:18:15,-25.09183,-66.520289
2/21/2024,12:18:15,-25.18183,-66.720289
2/21/2024,12:18:15,-25.27183,-66.910289
2/21/2024,12:18:16,-25.35183,-67.110289
2/21/2024,12:18:16,-25.42183,-67.310289
2/21/2024,12:18:16,-25.51183,-67.510289
2/21/2024,12:18:16,-25.58183,-67.700289
2/21/2024,12:18:16,-25.66183,-67.900289
2/21/2024,12:18:17,-25.74183,-68.090289
2/21/2024,12:18:17,-25.81183,-68.290289
2/21/2024,12:18:17,-25.89183,-68.480289
2/21/2024,12:18:17,-25.96183,-68.680289
2/21/2024,12:18:17,-26.02183,-68.880289
2/21/2024,12:18:18,-26.09183,-69.070289
2/21/2024,12:18:18,-26.15183,-69.270289
2/21/2024,12:18:18,-26.21183,-69.470289
2/21/2024,12:18:18,-26.27183,-69.660289
2/21/2024,12:18:18,-26.33183,-69.860289
2/21/2024,12:18:19,-26.39183,-70.050289
2/21/2024,12:18:19,-26.45183,-70.250289
2/21/2024,12:18:19,-26.50183,-70.450289
2/21/2024,12:18:19,-26.55183,-70.640289
2/21/2024,12:18:19,-26.60183,-70.840289
2/21/2024,12:18:20,-26.65183,-71.030289
2/21/2024,12:18:20,-26.70183,-71.230289
2/21/2024,12:18:20,-26.74183,-71.420289
2/21/2024,12:18:20,-26.78183,-71.620289
2/21/2024,12:18:20,-26.82183,-71.820289
2/21/2024,12:18:21,-26.86183,-72.020289
2/21/2024,12:18:21,-26.90183,-72.210289
2/21/2024,12:18:21,-26.93183,-72.410289
2/21/2024,12:18:21,-26.97183,-72.600289
2/21/2024,12:18:21,-27.00183,-72.800289
2/21/2024,12:18:22,-27.03183,-72.990289
2/21/2024,12:18:22,-27.06183,-73.190289
2/21/2024,12:18:22,-27.07183,-73.390289
2/21/2024,12:18:22,-27.09183,-73.580289
2/21/2024,12:18:22,-27.12183,-73.780289
2/21/2024,12:18:23,-27.15183,-73.980289
2/21/2024,12:18:23,-27.16183,-74.170289
2/21/2024,12:18:23,-27.18183,-74.370289
2/21/2024,12:18:23,-27.19183,-74.570289
2/21/2024,12:18:23,-27.20183,-74.780289
2/21/2024,12:18:24,-27.21183,-74.980289
2/21/2024,12:18:24,-27.22183,-75.180289
2/21/2024,12:18:24,-27.23183,-75.380289
2/21/2024,12:18:24,-27.23183,-75.580289
2/21/2024,12:18:24,-27.24183,-75.790289
2/21/2024,12:18:25,-27.25183,-76.000289
2/21/2024,12:18:25,-27.25183,-76.210289
2/21/2024,12:18:25,-27.25183,-76.420289
2/21/2024,12:18:25,-27.25183,-76.630289
2/21/2024,12:18:25,-27.25183,-76.840289
2/21/2024,12:18:26,-27.26183,-77.050289
2/21/2024,12:18:26,-27.25183,-77.250289
2/21/2024,12:18:26,-27.25183,-77.460289
2/21/2024,12:18:26,-27.24183,-77.660289
2/21/2024,12:18:26,-27.24183,-77.860289
2/21/2024,12:18:27,-27.23183,-78.060289
2/21/2024,12:18:27,-27.22183,-78.250289
2/21/2024,12:18:27,-27.21183,-78.440289
2/21/2024,12:18:27,-27.19183,-78.640289
2/21/2024,12:18:27,-27.18183,-78.830289
2/21/2024,12:18:28,-27.17183,-79.010289
2/21/2024,12:18:28,-27.17183,-79.200289
2/21/2024,12:18:28,-27.15183,-79.380289
2/21/2024,12:18:28,-27.15183,-79.560289
2/21/2024,12:18:28,-27.14183,-79.730289
2/21/2024,12:18:29,-27.12183,-79.910289
2/21/2024,12:18:29,-27.11183,-80.080289
2/21/2024,12:18:29,-27.09183,-80.250289
2/21/2024,12:18:29,-27.07183,-80.420289
2/21/2024,12:18:29,-27.06183,-80.580289
2/21/2024,12:18:30,-27.04183,-80.750289
2/21/2024,12:18:30,-27.03183,-80.910289
2/21/2024,12:18:30,-27.01183,-81.070289
2/21/2024,12:18:30,-27.00183,-81.220289
2/21/2024,12:18:30,-26.98183,-81.380289
2/21/2024,12:18:31,-26.95183,-81.530289
2/21/2024,12:18:31,-26.93183,-81.680289
2/21/2024,12:18:31,-26.91183,-81.830289
2/21/2024,12:18:31,-26.89183,-81.980289
2/21/2024,12:18:31,-26.86183,-82.130289
2/21/2024,12:18:32,-26.84183,-82.270289
2/21/2024,12:18:32,-26.82183,-82.420289
2/21/2024,12:18:32,-26.80183,-82.560289
2/21/2024,12:18:32,-26.78183,-82.700289
2/21/2024,12:18:32,-26.75183,-82.840289
2/21/2024,12:18:33,-26.73183,-82.970289
2/21/2024,12:18:33,-26.70183,-83.110289
2/21/2024,12:18:33,-26.68183,-83.240289
2/21/2024,12:18:33,-26.65183,-83.370289
2/21/2024,12:18:33,-26.62183,-83.500289
2/21/2024,12:18:34,-26.59183,-83.630289
2/21/2024,12:18:34,-26.55183,-83.770289
2/21/2024,12:18:34,-26.52183,-83.890289
2/21/2024,12:18:34,-26.49183,-84.020289
2/21/2024,12:18:34,-26.46183,-84.150289
2/21/2024,12:18:35,-26.43183,-84.280289
2/21/2024,12:18:35,-26.40183,-84.400289
2/21/2024,12:18:35,-26.37183,-84.530289
2/21/2024,12:18:35,-26.34183,-84.650289
2/21/2024,12:18:35,-26.30183,-84.770289
2/21/2024,12:18:36,-26.27183,-84.890289
2/21/2024,12:18:36,-26.24183,-85.010289
2/21/2024,12:18:36,-26.21183,-85.130289
2/21/2024,12:18:36,-26.16183,-85.240289
2/21/2024,12:18:36,-26.12183,-85.360289
2/21/2024,12:18:37,-26.09183,-85.470289
2/21/2024,12:18:37,-26.06183,-85.590289
2/21/2024,12:18:37,-26.01183,-85.700289
2/21/2024,12:18:37,-25.97183,-85.820289
2/21/2024,12:18:37,-25.95183,-85.930289
2/21/2024,12:18:38,-25.91183,-86.050289
2/21/2024,12:18:38,-25.86183,-86.160289
2/21/2024,12:18:38,-25.83183,-86.270289
2/21/2024,12:18:38,-25.80183,-86.390289
2/21/2024,12:18:38,-25.75183,-86.510289
2/21/2024,12:18:39,-25.70183,-86.630289
2/21/2024,12:18:39,-25.65183,-86.760289
2/21/2024,12:18:39,-25.62183,-86.880289
2/21/2024,12:18:39,-25.57183,-87.010289
2/21/2024,12:18:39,-25.51183,-87.140289
2/21/2024,12:18:40,-25.46183,-87.280289
2/21/2024,12:18:40,-25.42183,-87.410289
2/21/2024,12:18:40,-25.36183,-87.550289
2/21/2024,12:18:40,-25.30183,-87.690289
2/21/2024,12:18:40,-25.25183,-87.830289
2/21/2024,12:18:41,-25.20183,-87.980289
2/21/2024,12:18:41,-25.15183,-88.120289
2/21/2024,12:18:41,-25.08183,-88.270289
2/21/2024,12:18:41,-25.03183,-88.420289
2/21/2024,12:18:41,-24.97183,-88.570289
2/21/2024,12:18:42,-24.90183,-88.720289
2/21/2024,12:18:42,-24.83183,-88.870289
2/21/2024,12:18:42,-24.78183,-89.020289
2/21/2024,12:18:42,-24.71183,-89.180289
2/21/2024,12:18:42,-24.64183,-89.340289
2/21/2024,12:18:43,-24.58183,-89.490289
2/21/2024,12:18:43,-24.51183,-89.660289
2/21/2024,12:18:43,-24.44183,-89.810289
2/21/2024,12:18:43,-24.38183,-89.980289
2/21/2024,12:18:43,-24.31183,-90.140289
2/21/2024,12:18:44,-24.24183,-90.300289
2/21/2024,12:18:44,-24.16183,-90.470289
2/21/2024,12:18:44,-24.09183,-90.630289
2/21/2024,12:18:44,-24.01183,-90.800289
2/21/2024,12:18:44,-23.93183,-90.960289
2/21/2024,12:18:45,-23.86183,-91.130289
2/21/2024,12:18:45,-23.78183,-91.300289
2/21/2024,12:18:45,-23.70183,-91.470289
2/21/2024,12:18:45,-23.62183,-91.640289
2/21/2024,12:18:45,-23.55183,-91.810289
2/21/2024,12:18:46,-23.47183,-91.980289
2/21/2024,12:18:46,-23.39183,-92.150289
2/21/2024,12:18:46,-23.31183,-92.320289
2/21/2024,12:18:46,-23.22183,-92.480289
2/21/2024,12:18:46,-23.14183,-92.650289
2/21/2024,12:18:47,-23.05183,-92.810289
2/21/2024,12:18:47,-22.96183,-92.970289
2/21/2024,12:18:47,-22.88183,-93.130289
2/21/2024,12:18:47,-22.79183,-93.290289
2/21/2024,12:18:47,-22.70183,-93.450289
2/21/2024,12:18:48,-22.61183,-93.610289
2/21/2024,12:18:48,-22.53183,-93.770289
2/21/2024,12:18:48,-22.44183,-93.920289
2/21/2024,12:18:48,-22.35183,-94.080289
2/21/2024,12:18:48,-22.27183,-94.230289
2/21/2024,12:18:49,-22.18183,-94.380289
2/21/2024,12:18:49,-22.09183,-94.530289
2/21/2024,12:18:49,-22.00183,-94.670289
2/21/2024,12:18:49,-21.91183,-94.810289
2/21/2024,12:18:49,-21.81183,-94.950289
2/21/2024,12:18:50,-21.71183,-95.080289
2/21/2024,12:18:50,-21.62183,-95.230289
2/21/2024,12:18:50,-21.53183,-95.360289
2/21/2024,12:18:50,-21.44183,-95.490289
2/21/2024,12:18:50,-21.35183,-95.630289
2/21/2024,12:18:51,-21.27183,-95.760289
2/21/2024,12:18:51,-21.17183,-95.900289
2/21/2024,12:18:51,-21.08183,-96.020289
2/21/2024,12:18:51,-20.99183,-96.150289
2/21/2024,12:18:51,-20.89183,-96.280289
2/21/2024,12:18:52,-20.79183,-96.400289
2/21/2024,12:18:52,-20.70183,-96.520289
2/21/2024,12:18:52,-20.60183,-96.640289
2/21/2024,12:18:52,-20.50183,-96.750289
2/21/2024,12:18:52,-20.41183,-96.870289
2/21/2024,12:18:53,-20.31183,-96.980289
2/21/2024,12:18:53,-20.22183,-97.100289
2/21/2024,12:18:53,-20.12183,-97.220289
2/21/2024,12:18:53,-20.04183,-97.330289
2/21/2024,12:18:53,-19.94183,-97.450289
2/21/2024,12:18:54,-19.85183,-97.560289
2/21/2024,12:18:54,-19.74183,-97.670289
2/21/2024,12:18:54,-19.65183,-97.780289
2/21/2024,12:18:54,-19.55183,-97.890289
2/21/2024,12:18:54,-19.45183,-97.990289
2/21/2024,12:18:55,-19.35183,-98.100289
2/21/2024,12:18:55,-19.26183,-98.200289
2/21/2024,12:18:55,-19.17183,-98.310289
2/21/2024,12:18:55,-19.08183,-98.410289
2/21/2024,12:18:55,-18.98183,-98.510289
2/21/2024,12:18:56,-18.89183,-98.620289
2/21/2024,12:18:56,-18.80183,-98.720289
2/21/2024,12:18:56,-18.69183,-98.830289
2/21/2024,12:18:56,-18.59183,-98.920289
2/21/2024,12:18:56,-18.50183,-99.020289
2/21/2024,12:18:57,-18.41183,-99.120289
2/21/2024,12:18:57,-18.32183,-99.200289
2/21/2024,12:18:57,-18.23183,-99.280289
2/21/2024,12:18:57,-18.14183,-99.380289
2/21/2024,12:18:57,-18.05183,-99.470289
2/21/2024,12:18:58,-17.95183,-99.550289
2/21/2024,12:18:58,-17.85183,-99.630289
2/21/2024,12:18:58,-17.76183,-99.730289
2/21/2024,12:18:58,-17.68183,-99.820289
2/21/2024,12:18:58,-17.60183,-99.900289
2/21/2024,12:18:59,-17.50183,-99.970289
2/21/2024,12:18:59,-17.42183,-100.060289
2/21/2024,12:18:59,-17.33183,-100.150289
2/21/2024,12:18:59,-17.25183,-100.230289
2/21/2024,12:18:59,-17.15183,-100.300289
2/21/2024,12:19:00,-17.06183,-100.370289
2/21/2024,12:19:00,-16.98183,-100.460289
2/21/2024,12:19:00,-16.91183,-100.540289
2/21/2024,12:19:00,-16.81183,-100.610289
2/21/2024,12:19:00,-16.72183,-100.680289
2/21/2024,12:19:01,-16.65183,-100.770289
2/21/2024,12:19:01,-16.57183,-100.840289
2/21/2024,12:19:01,-16.48183,-100.910289
2/21/2024,12:19:01,-16.39183,-100.970289
2/21/2024,12:19:01,-16.30183,-101.030289
2/21/2024,12:19:02,-16.23183,-101.120289
2/21/2024,12:19:02,-16.16183,-101.200289
2/21/2024,12:19:02,-16.08183,-101.250289
2/21/2024,12:19:02,-16.00183,-101.300289
2/21/2024,12:19:02,-15.93183,-101.370289
2/21/2024,12:19:03,-15.88183,-101.440289
2/21/2024,12:19:03,-15.82183,-101.500289
2/21/2024,12:19:03,-15.76183,-101.540289
2/21/2024,12:19:03,-15.72183,-101.560289
2/21/2024,12:19:03,-15.70183,-101.580289
2/21/2024,12:19:04,-15.68183,-101.600289
2/21/2024,12:19:04,-15.67183,-101.620289
2/21/2024,12:19:04,-15.68183,-101.630289
2/21/2024,12:19:04,-15.67183,-101.630289
2/21/2024,12:19:04,-15.67183,-101.630289
2/21/2024,12:19:05,-15.67183,-101.650289
2/21/2024,12:19:05,-15.67183,-101.660289
2/21/2024,12:19:05,-15.68183,-101.670289
2/21/2024,12:19:05,-15.67183,-101.680289
2/21/2024,12:19:05,-15.65183,-101.680289
2/21/2024,12:19:06,-15.64183,-101.690289
2/21/2024,12:19:06,-15.64183,-101.690289
2/21/2024,12:19:06,-15.64183,-101.700289
2/21/2024,12:19:06,-15.63183,-101.720289
2/21/2024,12:19:06,-15.61183,-101.730289
2/21/2024,12:19:07,-15.60183,-101.750289
2/21/2024,12:19:07,-15.59183,-101.760289
2/21/2024,12:19:07,-15.57183,-101.790289
2/21/2024,12:19:07,-15.55183,-101.810289
2/21/2024,12:19:07,-15.53183,-101.830289
2/21/2024,12:19:08,-15.50183,-101.850289
2/21/2024,12:19:08,-15.48183,-101.880289
2/21/2024,12:19:08,-15.45183,-101.900289
2/21/2024,12:19:08,-15.42183,-101.930289
2/21/2024,12:19:08,-15.39183,-101.950289
2/21/2024,12:19:09,-15.35183,-101.980289
2/21/2024,12:19:09,-15.31183,-102.000289
2/21/2024,12:19:09,-15.28183,-102.030289
2/21/2024,12:19:09,-15.24183,-102.060289
2/21/2024,12:19:09,-15.21183,-102.090289
2/21/2024,12:19:10,-15.17183,-102.120289
2/21/2024,12:19:10,-15.14183,-102.140289
2/21/2024,12:19:10,-15.09183,-102.150289
2/21/2024,12:19:10,-15.05183,-102.170289
2/21/2024,12:19:10,-15.01183,-102.200289
2/21/2024,12:19:11,-14.98183,-102.220289
2/21/2024,12:19:11,-14.94183,-102.250289
2/21/2024,12:19:11,-14.90183,-102.280289
2/21/2024,12:19:11,-14.87183,-102.300289
2/21/2024,12:19:11,-14.83183,-102.330289
2/21/2024,12:19:12,-14.79183,-102.360289
2/21/2024,12:19:12,-14.75183,-102.390289
2/21/2024,12:19:12,-14.72183,-102.410289
2/21/2024,12:19:12,-14.68183,-102.430289
2/21/2024,12:19:12,-14.63183,-102.450289
2/21/2024,12:19:13,-14.59183,-102.480289
2/21/2024,12:19:13,-14.55183,-102.500289
2/21/2024,12:19:13,-14.52183,-102.530289
2/21/2024,12:19:13,-14.48183,-102.550289
2/21/2024,12:19:13,-14.45183,-102.560289
2/21/2024,12:19:14,-14.41183,-102.570289
2/21/2024,12:19:14,-14.37183,-102.590289
2/21/2024,12:19:14,-14.34183,-102.600289
2/21/2024,12:19:14,-14.31183,-102.620289
2/21/2024,12:19:14,-14.27183,-102.630289
2/21/2024,12:19:15,-14.24183,-102.630289
2/21/2024,12:19:15,-14.22183,-102.620289
2/21/2024,12:19:15,-14.19183,-102.630289
2/21/2024,12:19:15,-14.17183,-102.620289
2/21/2024,12:19:15,-14.14183,-102.620289
2/21/2024,12:19:16,-14.12183,-102.620289
2/21/2024,12:19:16,-14.09183,-102.620289
2/21/2024,12:19:16,-14.08183,-102.630289
2/21/2024,12:19:16,-14.06183,-102.630289
2/21/2024,12:19:16,-14.03183,-102.640289
2/21/2024,12:19:17,-14.01183,-102.640289
2/21/2024,12:19:17,-13.97183,-102.630289
2/21/2024,12:19:17,-13.94183,-102.620289
2/21/2024,12:19:17,-13.92183,-102.610289
2/21/2024,12:19:17,-13.89183,-102.600289
2/21/2024,12:19:18,-13.87183,-102.600289
2/21/2024,12:19:18,-13.85183,-102.600289
2/21/2024,12:19:18,-13.83183,-102.600289
2/21/2024,12:19:18,-13.81183,-102.610289
2/21/2024,12:19:18,-13.78183,-102.620289
2/21/2024,12:19:19,-13.76183,-102.610289
2/21/2024,12:19:19,-13.73183,-102.600289
2/21/2024,12:19:19,-13.70183,-102.590289
2/21/2024,12:19:19,-13.67183,-102.580289
2/21/2024,12:19:19,-13.65183,-102.570289
2/21/2024,12:19:20,-13.63183,-102.570289
2/21/2024,12:19:20,-13.60183,-102.570289
2/21/2024,12:19:20,-13.58183,-102.570289
2/21/2024,12:19:20,-13.56183,-102.570289
2/21/2024,12:19:20,-13.54183,-102.570289
2/21/2024,12:19:21,-13.52183,-102.570289
2/21/2024,12:19:21,-13.50183,-102.560289
2/21/2024,12:19:21,-13.48183,-102.550289
2/21/2024,12:19:21,-13.46183,-102.550289
2/21/2024,12:19:21,-13.44183,-102.540289
2/21/2024,12:19:22,-13.42183,-102.540289
2/21/2024,12:19:22,-13.39183,-102.540289
2/21/2024,12:19:22,-13.38183,-102.530289
2/21/2024,12:19:22,-13.36183,-102.530289
2/21/2024,12:19:22,-13.34183,-102.530289
2/21/2024,12:19:23,-13.32183,-102.530289
2/21/2024,12:19:23,-13.31183,-102.540289
2/21/2024,12:19:23,-13.30183,-102.540289
2/21/2024,12:19:23,-13.28183,-102.540289
2/21/2024,12:19:23,-13.27183,-102.530289
2/21/2024,12:19:24,-13.25183,-102.520289
2/21/2024,12:19:24,-13.24183,-102.520289
2/21/2024,12:19:24,-13.23183,-102.510289
2/21/2024,12:19:24,-13.22183,-102.510289
2/21/2024,12:19:24,-13.23183,-102.510289
2/21/2024,12:19:25,-13.23183,-102.520289
2/21/2024,12:19:25,-13.22183,-102.530289
2/21/2024,12:19:25,-13.22183,-102.530289
2/21/2024,12:19:25,-13.22183,-102.520289
2/21/2024,12:19:25,-13.21183,-102.510289
2/21/2024,12:19:26,-13.20183,-102.500289
2/21/2024,12:19:26,-13.20183,-102.500289
2/21/2024,12:19:26,-13.20183,-102.490289
2/21/2024,12:19:26,-13.21183,-102.490289
2/21/2024,12:19:26,-13.21183,-102.490289
2/21/2024,12:19:27,-13.22183,-102.490289
2/21/2024,12:19:27,-13.23183,-102.480289
2/21/2024,12:19:27,-13.24183,-102.480289
2/21/2024,12:19:27,-13.24183,-102.470289
2/21/2024,12:19:27,-13.24183,-102.460289
2/21/2024,12:19:28,-13.25183,-102.450289
2/21/2024,12:19:28,-13.25183,-102.440289
2/21/2024,12:19:28,-13.25183,-102.430289
2/21/2024,12:19:28,-13.27183,-102.430289
2/21/2024,12:19:28,-13.27183,-102.420289
2/21/2024,12:19:29,-13.28183,-102.410289
2/21/2024,12:19:29,-13.29183,-102.400289
2/21/2024,12:19:29,-13.30183,-102.400289
2/21/2024,12:19:29,-13.31183,-102.390289
2/21/2024,12:19:29,-13.31183,-102.380289
2/21/2024,12:19:30,-13.32183,-102.370289
2/21/2024,12:19:30,-13.33183,-102.360289
2/21/2024,12:19:30,-13.34183,-102.350289
2/21/2024,12:19:30,-13.34183,-102.350289
2/21/2024,12:19:30,-13.34183,-102.340289
2/21/2024,12:19:31,-13.36183,-102.330289
2/21/2024,12:19:31,-13.37183,-102.330289
2/21/2024,12:19:31,-13.37183,-102.320289
2/21/2024,12:19:31,-13.38183,-102.310289
2/21/2024,12:19:31,-13.38183,-102.300289
2/21/2024,12:19:32,-13.40183,-102.290289
2/21/2024,12:19:32,-13.40183,-102.280289
2/21/2024,12:19:32,-13.41183,-102.280289
2/21/2024,12:19:32,-13.41183,-102.270289
2/21/2024,12:19:32,-13.43183,-102.270289
2/21/2024,12:19:33,-13.43183,-102.270289
2/21/2024,12:19:33,-13.44183,-102.270289
2/21/2024,12:19:33,-13.45183,-102.270289
2/21/2024,12:19:33,-13.45183,-102.260289
2/21/2024,12:19:33,-13.45183,-102.250289
2/21/2024,12:19:34,-13.45183,-102.230289
2/21/2024,12:19:34,-13.45183,-102.230289
2/21/2024,12:19:34,-13.46183,-102.220289
2/21/2024,12:19:34,-13.47183,-102.230289
2/21/2024,12:19:34,-13.47183,-102.240289
2/21/2024,12:19:35,-13.48183,-102.250289
2/21/2024,12:19:35,-13.49183,-102.260289
2/21/2024,12:19:35,-13.49183,-102.270289
2/21/2024,12:19:35,-13.49183,-102.270289
2/21/2024,12:19:35,-13.49183,-102.270289
2/21/2024,12:19:36,-13.49183,-102.270289
2/21/2024,12:19:36,-13.49183,-102.260289
2/21/2024,12:19:36,-13.49183,-102.260289
2/21/2024,12:19:36,-13.49183,-102.260289
2/21/2024,12:19:36,-13.49183,-102.260289
2/21/2024,12:19:37,-13.50183,-102.270289
2/21/2024,12:19:37,-13.51183,-102.280289
2/21/2024,12:19:37,-13.51183,-102.290289
2/21/2024,12:19:37,-13.51183,-102.300289
2/21/2024,12:19:37,-13.52183,-102.310289
2/21/2024,12:19:38,-13.52183,-102.320289
2/21/2024,12:19:38,-13.52183,-102.320289
2/21/2024,12:19:38,-13.52183,-102.310289
2/21/2024,12:19:38,-13.52183,-102.310289
2/21/2024,12:19:38,-13.51183,-102.300289
2/21/2024,12:19:39,-13.51183,-102.300289
2/21/2024,12:19:39,-13.51183,-102.300289
2/21/2024,12:19:39,-13.51183,-102.310289
2/21/2024,12:19:39,-13.51183,-102.320289
2/21/2024,12:19:39,-13.51183,-102.330289
2/21/2024,12:19:40,-13.51183,-102.340289
2/21/2024,12:19:40,-13.51183,-102.350289
2/21/2024,12:19:40,-13.51183,-102.350289
2/21/2024,12:19:40,-13.51183,-102.350289
2/21/2024,12:19:40,-13.50183,-102.350289
2/21/2024,12:19:41,-13.50183,-102.340289
2/21/2024,12:19:41,-13.49183,-102.330289
2/21/2024,12:19:41,-13.48183,-102.330289
2/21/2024,12:19:41,-13.47183,-102.330289
2/21/2024,12:19:41,-13.47183,-102.330289
2/21/2024,12:19:42,-13.47183,-102.340289
2/21/2024,12:19:42,-13.48183,-102.340289
2/21/2024,12:19:42,-13.48183,-102.350289
2/21/2024,12:19:42,-13.48183,-102.360289
2/21/2024,12:19:42,-13.48183,-102.370289
2/21/2024,12:19:43,-13.48183,-102.370289
2/21/2024,12:19:43,-13.48183,-102.370289
2/21/2024,12:19:43,-13.47183,-102.360289
2/21/2024,12:19:43,-13.46183,-102.350289
2/21/2024,12:19:43,-13.46183,-102.350289
2/21/2024,12:19:44,-13.45183,-102.360289
2/21/2024,12:19:44,-13.46183,-102.380289
2/21/2024,12:19:44,-13.46183,-102.410289
2/21/2024,12:19:44,-13.45183,-102.430289
2/21/2024,12:19:44,-13.45183,-102.460289
2/21/2024,12:19:45,-13.44183,-102.480289
2/21/2024,12:19:45,-13.43183,-102.500289
2/21/2024,12:19:45,-13.43183,-102.520289
2/21/2024,12:19:45,-13.42183,-102.530289
2/21/2024,12:19:45,-13.41183,-102.540289
2/21/2024,12:19:46,-13.40183,-102.550289
2/21/2024,12:19:46,-13.39183,-102.560289
2/21/2024,12:19:46,-13.39183,-102.590289
2/21/2024,12:19:46,-13.39183,-102.620289
2/21/2024,12:19:46,-13.38183,-102.660289
2/21/2024,12:19:47,-13.37183,-102.690289
2/21/2024,12:19:47,-13.37183,-102.720289
2/21/2024,12:19:47,-13.37183,-102.740289
2/21/2024,12:19:47,-13.36183,-102.760289
2/21/2024,12:19:47,-13.35183,-102.780289
2/21/2024,12:19:48,-13.35183,-102.790289
2/21/2024,12:19:48,-13.34183,-102.810289
2/21/2024,12:19:48,-13.34183,-102.820289
2/21/2024,12:19:48,-13.33183,-102.840289
2/21/2024,12:19:48,-13.33183,-102.850289
2/21/2024,12:19:49,-13.33183,-102.860289
2/21/2024,12:19:49,-13.33183,-102.870289
2/21/2024,12:19:49,-13.33183,-102.880289
2/21/2024,12:19:49,-13.33183,-102.890289
2/21/2024,12:19:49,-13.33183,-102.880289
2/21/2024,12:19:50,-13.32183,-102.880289
2/21/2024,12:19:50,-13.32183,-102.870289
2/21/2024,12:19:50,-13.32183,-102.860289
2/21/2024,12:19:50,-13.31183,-102.850289
2/21/2024,12:19:50,-13.30183,-102.840289
2/21/2024,12:19:51,-13.30183,-102.840289
2/21/2024,12:19:51,-13.29183,-102.830289
2/21/2024,12:19:51,-13.29183,-102.830289
2/21/2024,12:19:51,-13.29183,-102.830289
2/21/2024,12:19:51,-13.29183,-102.820289
2/21/2024,12:19:52,-13.29183,-102.820289
2/21/2024,12:19:52,-13.29183,-102.810289
2/21/2024,12:19:52,-13.29183,-102.800289
2/21/2024,12:19:52,-13.29183,-102.790289
2/21/2024,12:19:52,-13.29183,-102.770289
2/21/2024,12:19:53,-13.29183,-102.760289
2/21/2024,12:19:53,-13.29183,-102.750289
2/21/2024,12:19:53,-13.30183,-102.740289
2/21/2024,12:19:53,-13.30183,-102.740289
2/21/2024,12:19:53,-13.31183,-102.740289
2/21/2024,12:19:54,-13.31183,-102.740289
2/21/2024,12:19:54,-13.31183,-102.740289
2/21/2024,12:19:54,-13.31183,-102.730289
2/21/2024,12:19:54,-13.32183,-102.720289
2/21/2024,12:19:54,-13.31183,-102.710289
2/21/2024,12:19:55,-13.31183,-102.690289
2/21/2024,12:19:55,-13.31183,-102.680289
2/21/2024,12:19:55,-13.31183,-102.680289
2/21/2024,12:19:55,-13.32183,-102.680289
2/21/2024,12:19:55,-13.32183,-102.690289
2/21/2024,12:19:56,-13.33183,-102.690289
2/21/2024,12:19:56,-13.34183,-102.690289
2/21/2024,12:19:56,-13.34183,-102.690289
2/21/2024,12:19:56,-13.34183,-102.690289
2/21/2024,12:19:56,-13.34183,-102.690289
2/21/2024,12:19:57,-13.34183,-102.670289
2/21/2024,12:19:57,-13.33183,-102.670289
2/21/2024,12:19:57,-13.34183,-102.670289
2/21/2024,12:19:57,-13.34183,-102.670289
2/21/2024,12:19:57,-13.34183,-102.670289
2/21/2024,12:19:58,-13.34183,-102.670289
2/21/2024,12:19:58,-13.34183,-102.670289
2/21/2024,12:19:58,-13.35183,-102.670289
2/21/2024,12:19:58,-13.35183,-102.680289
2/21/2024,12:19:58,-13.36183,-102.690289
2/21/2024,12:19:59,-13.35183,-102.690289
2/21/2024,12:19:59,-13.35183,-102.680289
2/21/2024,12:19:59,-13.34183,-102.670289
2/21/2024,12:19:59,-13.34183,-102.660289
2/21/2024,12:19:59,-13.34183,-102.660289
2/21/2024,12:20:00,-13.34183,-102.650289
2/21/2024,12:20:00,-13.35183,-102.650289
2/21/2024,12:20:00,-13.35183,-102.660289
2/21/2024,12:20:00,-13.36183,-102.660289
2/21/2024,12:20:00,-13.36183,-102.670289
2/21/2024,12:20:01,-13.36183,-102.680289
2/21/2024,12:20:01,-13.36183,-102.680289
2/21/2024,12:20:01,-13.35183,-102.670289
2/21/2024,12:20:01,-13.34183,-102.660289
2/21/2024,12:20:01,-13.34183,-102.650289
2/21/2024,12:20:02,-13.34183,-102.650289
2/21/2024,12:20:02,-13.34183,-102.660289
2/21/2024,12:20:02,-13.34183,-102.660289
2/21/2024,12:20:02,-13.34183,-102.660289
2/21/2024,12:20:02,-13.34183,-102.670289
2/21/2024,12:20:03,-13.35183,-102.670289
2/21/2024,12:20:03,-13.35183,-102.670289
2/21/2024,12:20:03,-13.35183,-102.680289
2/21/2024,12:20:03,-13.35183,-102.670289
2/21/2024,12:20:03,-13.34183,-102.670289
2/21/2024,12:20:04,-13.33183,-102.660289
2/21/2024,12:20:04,-13.34183,-102.660289
2/21/2024,12:20:04,-13.34183,-102.650289
2/21/2024,12:20:04,-13.35183,-102.650289
2/21/2024,12:20:04,-13.35183,-102.660289
2/21/2024,12:20:05,-13.36183,-102.660289
2/21/2024,12:20:05,-13.37183,-102.670289
2/21/2024,12:20:05,-13.37183,-102.680289
2/21/2024,12:20:05,-13.38183,-102.680289
2/21/2024,12:20:05,-13.37183,-102.670289
2/21/2024,12:20:06,-13.37183,-102.660289
2/21/2024,12:20:06,-13.36183,-102.660289
2/21/2024,12:20:06,-13.37183,-102.650289
2/21/2024,12:20:06,-13.37183,-102.650289
2/21/2024,12:20:06,-13.37183,-102.660289
2/21/2024,12:20:07,-13.37183,-102.660289
2/21/2024,12:20:07,-13.38183,-102.670289
2/21/2024,12:20:07,-13.38183,-102.680289
2/21/2024,12:20:07,-13.39183,-102.680289
2/21/2024,12:20:07,-13.39183,-102.680289
2/21/2024,12:20:08,-13.38183,-102.680289
2/21/2024,12:20:08,-13.38183,-102.680289
2/21/2024,12:20:08,-13.38183,-102.680289
2/21/2024,12:20:08,-13.38183,-102.680289
2/21/2024,12:20:08,-13.38183,-102.680289
2/21/2024,12:20:09,-13.38183,-102.680289
2/21/2024,12:20:09,-13.38183,-102.680289
2/21/2024,12:20:09,-13.37183,-102.690289
2/21/2024,12:20:09,-13.37183,-102.700289
2/21/2024,12:20:09,-13.37183,-102.700289
2/21/2024,12:20:10,-13.36183,-102.700289
2/21/2024,12:20:10,-13.35183,-102.690289
2/21/2024,12:20:10,-13.35183,-102.680289
2/21/2024,12:20:10,-13.35183,-102.670289
2/21/2024,12:20:10,-13.35183,-102.680289
2/21/2024,12:20:11,-13.34183,-102.680289
2/21/2024,12:20:11,-13.34183,-102.680289
2/21/2024,12:20:11,-13.34183,-102.680289
2/21/2024,12:20:11,-13.34183,-102.680289
2/21/2024,12:20:11,-13.34183,-102.670289
2/21/2024,12:20:12,-13.34183,-102.660289
2/21/2024,12:20:12,-13.34183,-102.650289
2/21/2024,12:20:12,-13.34183,-102.640289
2/21/2024,12:20:12,-13.34183,-102.640289
2/21/2024,12:20:12,-13.34183,-102.650289
2/21/2024,12:20:13,-13.34183,-102.650289
2/21/2024,12:20:13,-13.35183,-102.650289
2/21/2024,12:20:13,-13.35183,-102.650289
2/21/2024,12:20:13,-13.35183,-102.640289
2/21/2024,12:20:13,-13.35183,-102.640289
2/21/2024,12:20:14,-13.36183,-102.630289
2/21/2024,12:20:14,-13.36183,-102.630289
2/21/2024,12:20:14,-13.36183,-102.630289
2/21/2024,12:20:14,-13.37183,-102.630289
2/21/2024,12:20:14,-13.37183,-102.630289
2/21/2024,12:20:15,-13.37183,-102.630289
2/21/2024,12:20:15,-13.37183,-102.630289
2/21/2024,12:20:15,-13.36183,-102.620289
2/21/2024,12:20:15,-13.36183,-102.620289
2/21/2024,12:20:15,-13.36183,-102.620289
2/21/2024,12:20:16,-13.37183,-102.620289
2/21/2024,12:20:16,-13.37183,-102.620289
2/21/2024,12:20:16,-13.38183,-102.620289
2/21/2024,12:20:16,-13.38183,-102.620289
2/21/2024,12:20:16,-13.38183,-102.620289
2/21/2024,12:20:17,-13.38183,-102.620289
2/21/2024,12:20:17,-13.38183,-102.610289
2/21/2024,12:20:17,-13.38183,-102.610289
2/21/2024,12:20:17,-13.38183,-102.610289
2/21/2024,12:20:17,-13.38183,-102.610289
2/21/2024,12:20:18,-13.39183,-102.620289
2/21/2024,12:20:18,-13.39183,-102.620289
2/21/2024,12:20:18,-13.39183,-102.630289
2/21/2024,12:20:18,-13.39183,-102.630289
2/21/2024,12:20:18,-13.39183,-102.620289
2/21/2024,12:20:19,-13.38183,-102.620289
2/21/2024,12:20:19,-13.38183,-102.610289
2/21/2024,12:20:19,-13.39183,-102.610289
2/21/2024,12:20:19,-13.39183,-102.620289
2/21/2024,12:20:19,-13.39183,-102.630289
2/21/2024,12:20:20,-13.40183,-102.640289
2/21/2024,12:20:20,-13.39183,-102.650289
2/21/2024,12:20:20,-13.39183,-102.660289
2/21/2024,12:20:20,-13.38183,-102.650289
2/21/2024,12:20:20,-13.37183,-102.640289
2/21/2024,12:20:21,-13.37183,-102.630289
2/21/2024,12:20:21,-13.37183,-102.630289
2/21/2024,12:20:21,-13.36183,-102.630289
2/21/2024,12:20:21,-13.37183,-102.650289
2/21/2024,12:20:21,-13.37183,-102.660289
2/21/2024,12:20:22,-13.37183,-102.670289
2/21/2024,12:20:22,-13.37183,-102.670289
2/21/2024,12:20:22,-13.36183,-102.670289
2/21/2024,12:20:22,-13.36183,-102.660289
2/21/2024,12:20:22,-13.35183,-102.650289
2/21/2024,12:20:23,-13.35183,-102.650289
2/21/2024,12:20:23,-13.35183,-102.650289
2/21/2024,12:20:23,-13.34183,-102.650289
2/21/2024,12:20:23,-13.34183,-102.660289
2/21/2024,12:20:23,-13.34183,-102.670289
2/21/2024,12:20:24,-13.34183,-102.670289
2/21/2024,12:20:24,-13.34183,-102.670289
2/21/2024,12:20:24,-13.34183,-102.670289
2/21/2024,12:20:24,-13.34183,-102.670289
2/21/2024,12:20:24,-13.34183,-102.670289
2/21/2024,12:20:25,-13.33183,-102.670289
2/21/2024,12:20:25,-13.33183,-102.670289
2/21/2024,12:20:25,-13.33183,-102.670289
2/21/2024,12:20:25,-13.33183,-102.660289
2/21/2024,12:20:25,-13.33183,-102.660289
2/21/2024,12:20:26,-13.33183,-102.670289
2/21/2024,12:20:26,-13.34183,-102.670289
2/21/2024,12:20:26,-13.34183,-102.680289
2/21/2024,12:20:26,-13.34183,-102.680289
2/21/2024,12:20:26,-13.34183,-102.690289
2/21/2024,12:20:27,-13.34183,-102.690289
2/21/2024,12:20:27,-13.34183,-102.690289
2/21/2024,12:20:27,-13.34183,-102.690289
2/21/2024,12:20:27,-13.34183,-102.680289
2/21/2024,12:20:27,-13.34183,-102.680289
2/21/2024,12:20:28,-13.34183,-102.670289
2/21/2024,12:20:28,-13.34183,-102.670289
2/21/2024,12:20:28,-13.34183,-102.680289
2/21/2024,12:20:28,-13.34183,-102.690289
2/21/2024,12:20:28,-13.35183,-102.700289
2/21/2024,12:20:29,-13.35183,-102.700289
2/21/2024,12:20:29,-13.35183,-102.700289
2/21/2024,12:20:29,-13.35183,-102.700289
2/21/2024,12:20:29,-13.35183,-102.690289
2/21/2024,12:20:29,-13.35183,-102.690289
2/21/2024,12:20:30,-13.35183,-102.690289
2/21/2024,12:20:30,-13.35183,-102.700289
2/21/2024,12:20:30,-13.35183,-102.700289
2/21/2024,12:20:30,-13.35183,-102.700289
2/21/2024,12:20:30,-13.35183,-102.700289
2/21/2024,12:20:31,-13.35183,-102.700289
2/21/2024,12:20:31,-13.35183,-102.700289
2/21/2024,12:20:31,-13.35183,-102.700289
2/21/2024,12:20:31,-13.34183,-102.700289
2/21/2024,12:20:31,-13.34183,-102.700289
2/21/2024,12:20:32,-13.35183,-102.700289
2/21/2024,12:20:32,-13.35183,-102.700289
2/21/2024,12:20:32,-13.34183,-102.700289
2/21/2024,12:20:32,-13.34183,-102.700289
2/21/2024,12:20:32,-13.34183,-102.690289
2/21/2024,12:20:33,-13.34183,-102.690289
2/21/2024,12:20:33,-13.34183,-102.690289
2/21/2024,12:20:33,-13.34183,-102.680289
2/21/2024,12:20:33,-13.34183,-102.670289
2/21/2024,12:20:33,-13.34183,-102.670289
2/21/2024,12:20:34,-13.35183,-102.670289
2/21/2024,12:20:34,-13.35183,-102.680289
2/21/2024,12:20:34,-13.36183,-102.680289
2/21/2024,12:20:34,-13.36183,-102.680289
2/21/2024,12:20:34,-13.36183,-102.670289
2/21/2024,12:20:35,-13.36183,-102.660289
2/21/2024,12:20:35,-13.36183,-102.660289
2/21/2024,12:20:35,-13.36183,-102.650289
2/21/2024,12:20:35,-13.37183,-102.650289
2/21/2024,12:20:35,-13.36183,-102.650289
2/21/2024,12:20:36,-13.37183,-102.650289
2/21/2024,12:20:36,-13.37183,-102.660289
2/21/2024,12:20:36,-13.37183,-102.660289
2/21/2024,12:20:36,-13.38183,-102.670289
2/21/2024,12:20:36,-13.38183,-102.670289
2/21/2024,12:20:37,-13.38183,-102.660289
2/21/2024,12:20:37,-13.37183,-102.650289
2/21/2024,12:20:37,-13.37183,-102.640289
2/21/2024,12:20:37,-13.37183,-102.640289
2/21/2024,12:20:37,-13.37183,-102.640289
2/21/2024,12:20:38,-13.38183,-102.650289
2/21/2024,12:20:38,-13.38183,-102.650289
2/21/2024,12:20:38,-13.39183,-102.660289
2/21/2024,12:20:38,-13.39183,-102.660289
2/21/2024,12:20:38,-13.40183,-102.660289
2/21/2024,12:20:39,-13.39183,-102.660289
2/21/2024,12:20:39,-13.39183,-102.650289
2/21/2024,12:20:39,-13.38183,-102.640289
2/21/2024,12:20:39,-13.38183,-102.640289
2/21/2024,12:20:39,-13.38183,-102.630289
2/21/2024,12:20:40,-13.38183,-102.640289
2/21/2024,12:20:40,-13.38183,-102.640289
2/21/2024,12:20:40,-13.39183,-102.650289
2/21/2024,12:20:40,-13.39183,-102.650289
2/21/2024,12:20:40,-13.39183,-102.650289
2/21/2024,12:20:41,-13.39183,-102.650289
2/21/2024,12:20:41,-13.38183,-102.640289
2/21/2024,12:20:41,-13.38183,-102.620289
2/21/2024,12:20:41,-13.37183,-102.610289
2/21/2024,12:20:41,-13.37183,-102.600289
2/21/2024,12:20:42,-13.37183,-102.610289
2/21/2024,12:20:42,-13.37183,-102.610289
2/21/2024,12:20:42,-13.37183,-102.620289
2/21/2024,12:20:42,-13.38183,-102.620289
2/21/2024,12:20:42,-13.38183,-102.620289
2/21/2024,12:20:43,-13.38183,-102.620289
2/21/2024,12:20:43,-13.38183,-102.620289
2/21/2024,12:20:43,-13.37183,-102.610289
2/21/2024,12:20:43,-13.36183,-102.600289
2/21/2024,12:20:43,-13.36183,-102.590289
2/21/2024,12:20:44,-13.36183,-102.580289
2/21/2024,12:20:44,-13.37183,-102.590289
2/21/2024,12:20:44,-13.36183,-102.590289
2/21/2024,12:20:44,-13.37183,-102.590289
2/21/2024,12:20:44,-13.37183,-102.600289
2/21/2024,12:20:45,-13.37183,-102.600289
2/21/2024,12:20:45,-13.37183,-102.600289
2/21/2024,12:20:45,-13.37183,-102.590289
2/21/2024,12:20:45,-13.36183,-102.580289
2/21/2024,12:20:45,-13.36183,-102.570289
2/21/2024,12:20:46,-13.36183,-102.570289
2/21/2024,12:20:46,-13.35183,-102.570289
2/21/2024,12:20:46,-13.35183,-102.580289
2/21/2024,12:20:46,-13.35183,-102.580289
2/21/2024,12:20:46,-13.35183,-102.580289
2/21/2024,12:20:47,-13.35183,-102.590289
2/21/2024,12:20:47,-13.35183,-102.580289
2/21/2024,12:20:47,-13.35183,-102.580289
2/21/2024,12:20:47,-13.35183,-102.580289
2/21/2024,12:20:47,-13.35183,-102.580289
2/21/2024,12:20:48,-13.35183,-102.580289
2/21/2024,12:20:48,-13.35183,-102.580289
2/21/2024,12:20:48,-13.35183,-102.580289
2/21/2024,12:20:48,-13.35183,-102.590289
2/21/2024,12:20:48,-13.36183,-102.590289
2/21/2024,12:20:49,-13.36183,-102.590289
2/21/2024,12:20:49,-13.36183,-102.590289
2/21/2024,12:20:49,-13.36183,-102.600289
2/21/2024,12:20:49,-13.36183,-102.600289
2/21/2024,12:20:49,-13.36183,-102.600289
2/21/2024,12:20:50,-13.36183,-102.600289
2/21/2024,12:20:50,-13.35183,-102.610289
2/21/2024,12:20:50,-13.36183,-102.610289
2/21/2024,12:20:50,-13.36183,-102.620289
2/21/2024,12:20:50,-13.36183,-102.630289
2/21/2024,12:20:51,-13.36183,-102.630289
2/21/2024,12:20:51,-13.36183,-102.630289
2/21/2024,12:20:51,-13.36183,-102.630289
2/21/2024,12:20:51,-13.36183,-102.640289
2/21/2024,12:20:51,-13.36183,-102.640289
2/21/2024,12:20:52,-13.36183,-102.640289
2/21/2024,12:20:52,-13.36183,-102.640289
2/21/2024,12:20:52,-13.36183,-102.650289
2/21/2024,12:20:52,-13.36183,-102.650289
2/21/2024,12:20:52,-13.36183,-102.640289
2/21/2024,12:20:53,-13.36183,-102.630289
2/21/2024,12:20:53,-13.35183,-102.630289
2/21/2024,12:20:53,-13.36183,-102.620289
2/21/2024,12:20:53,-13.36183,-102.620289
2/21/2024,12:20:53,-13.36183,-102.620289
2/21/2024,12:20:54,-13.35183,-102.610289
2/21/2024,12:20:54,-13.35183,-102.610289
2/21/2024,12:20:54,-13.35183,-102.610289
2/21/2024,12:20:54,-13.35183,-102.610289
2/21/2024,12:20:54,-13.35183,-102.610289
2/21/2024,12:20:55,-13.35183,-102.600289
2/21/2024,12:20:55,-13.35183,-102.600289
2/21/2024,12:20:55,-13.36183,-102.600289
2/21/2024,12:20:55,-13.36183,-102.610289
2/21/2024,12:20:55,-13.36183,-102.610289
2/21/2024,12:20:56,-13.36183,-102.610289
2/21/2024,12:20:56,-13.36183,-102.600289
2/21/2024,12:20:56,-13.36183,-102.600289
2/21/2024,12:20:56,-13.35183,-102.600289
2/21/2024,12:20:56,-13.35183,-102.600289
2/21/2024,12:20:57,-13.35183,-102.600289
2/21/2024,12:20:57,-13.35183,-102.600289
2/21/2024,12:20:57,-13.35183,-102.600289
2/21/2024,12:20:57,-13.35183,-102.600289
2/21/2024,12:20:57,-13.35183,-102.590289
2/21/2024,12:20:58,-13.34183,-102.590289
2/21/2024,12:20:58,-13.34183,-102.590289
2/21/2024,12:20:58,-13.34183,-102.600289
2/21/2024,12:20:58,-13.34183,-102.600289
2/21/2024,12:20:58,-13.34183,-102.610289
2/21/2024,12:20:59,-13.34183,-102.620289
2/21/2024,12:20:59,-13.34183,-102.620289
2/21/2024,12:20:59,-13.34183,-102.620289
2/21/2024,12:20:59,-13.34183,-102.610289
2/21/2024,12:20:59,-13.34183,-102.600289
2/21/2024,12:21:00,-13.34183,-102.600289
2/21/2024,12:21:00,-13.34183,-102.600289
2/21/2024,12:21:00,-13.34183,-102.600289
2/21/2024,12:21:00,-13.35183,-102.620289
2/21/2024,12:21:00,-13.35183,-102.630289
2/21/2024,12:21:01,-13.35183,-102.640289
2/21/2024,12:21:01,-13.35183,-102.640289
2/21/2024,12:21:01,-13.34183,-102.640289
2/21/2024,12:21:01,-13.33183,-102.630289
2/21/2024,12:21:01,-13.33183,-102.620289
2/21/2024,12:21:02,-13.33183,-102.620289
2/21/2024,12:21:02,-13.33183,-102.640289
2/21/2024,12:21:02,-13.34183,-102.650289
2/21/2024,12:21:02,-13.34183,-102.660289
2/21/2024,12:21:02,-13.34183,-102.670289
2/21/2024,12:21:03,-13.34183,-102.670289
2/21/2024,12:21:03,-13.33183,-102.660289
2/21/2024,12:21:03,-13.33183,-102.650289
2/21/2024,12:21:03,-13.33183,-102.650289
2/21/2024,12:21:03,-13.32183,-102.650289
2/21/2024,12:21:04,-13.33183,-102.660289
2/21/2024,12:21:04,-13.33183,-102.670289
2/21/2024,12:21:04,-13.34183,-102.680289
2/21/2024,12:21:04,-13.34183,-102.690289
2/21/2024,12:21:04,-13.33183,-102.690289
2/21/2024,12:21:05,-13.33183,-102.680289
2/21/2024,12:21:05,-13.33183,-102.670289
2/21/2024,12:21:05,-13.33183,-102.670289
2/21/2024,12:21:05,-13.33183,-102.670289
2/21/2024,12:21:05,-13.33183,-102.670289
2/21/2024,12:21:06,-13.33183,-102.670289
2/21/2024,12:21:06,-13.33183,-102.680289
2/21/2024,12:21:06,-13.33183,-102.690289
2/21/2024,12:21:06,-13.33183,-102.690289
2/21/2024,12:21:06,-13.33183,-102.680289
2/21/2024,12:21:07,-13.32183,-102.680289
2/21/2024,12:21:07,-13.32183,-102.680289
2/21/2024,12:21:07,-13.32183,-102.680289
2/21/2024,12:21:07,-13.31183,-102.680289
2/21/2024,12:21:07,-13.31183,-102.680289
2/21/2024,12:21:08,-13.32183,-102.680289
2/21/2024,12:21:08,-13.32183,-102.680289
2/21/2024,12:21:08,-13.33183,-102.690289
2/21/2024,12:21:08,-13.33183,-102.690289
2/21/2024,12:21:08,-13.33183,-102.690289
2/21/2024,12:21:09,-13.33183,-102.690289
2/21/2024,12:21:09,-13.33183,-102.690289
2/21/2024,12:21:09,-13.33183,-102.680289
2/21/2024,12:21:09,-13.33183,-102.670289
2/21/2024,12:21:09,-13.33183,-102.670289
2/21/2024,12:21:10,-13.33183,-102.670289
2/21/2024,12:21:10,-13.34183,-102.680289
2/21/2024,12:21:10,-13.34183,-102.690289
2/21/2024,12:21:10,-13.35183,-102.690289
2/21/2024,12:21:10,-13.35183,-102.700289
2/21/2024,12:21:11,-13.35183,-102.690289
2/21/2024,12:21:11,-13.34183,-102.690289
2/21/2024,12:21:11,-13.34183,-102.680289
2/21/2024,12:21:11,-13.34183,-102.680289
2/21/2024,12:21:11,-13.34183,-102.680289
2/21/2024,12:21:12,-13.34183,-102.680289
2/21/2024,12:21:12,-13.34183,-102.690289
2/21/2024,12:21:12,-13.35183,-102.700289
2/21/2024,12:21:12,-13.35183,-102.700289
2/21/2024,12:21:12,-13.34183,-102.690289
2/21/2024,12:21:13,-13.34183,-102.690289
2/21/2024,12:21:13,-13.33183,-102.680289
2/21/2024,12:21:13,-13.33183,-102.680289
2/21/2024,12:21:13,-13.33183,-102.680289
2/21/2024,12:21:13,-13.33183,-102.680289
2/21/2024,12:21:14,-13.34183,-102.690289
2/21/2024,12:21:14,-13.34183,-102.690289
2/21/2024,12:21:14,-13.34183,-102.690289
2/21/2024,12:21:14,-13.34183,-102.690289
2/21/2024,12:21:14,-13.34183,-102.680289
2/21/2024,12:21:15,-13.34183,-102.670289
2/21/2024,12:21:15,-13.34183,-102.660289
2/21/2024,12:21:15,-13.34183,-102.660289
2/21/2024,12:21:15,-13.33183,-102.660289
2/21/2024,12:21:15,-13.34183,-102.660289
2/21/2024,12:21:16,-13.34183,-102.660289
2/21/2024,12:21:16,-13.35183,-102.660289
2/21/2024,12:21:16,-13.35183,-102.670289
2/21/2024,12:21:16,-13.35183,-102.670289
2/21/2024,12:21:16,-13.35183,-102.670289
2/21/2024,12:21:17,-13.36183,-102.660289
2/21/2024,12:21:17,-13.36183,-102.650289
2/21/2024,12:21:17,-13.35183,-102.650289
2/21/2024,12:21:17,-13.35183,-102.640289
2/21/2024,12:21:17,-13.35183,-102.640289
2/21/2024,12:21:18,-13.35183,-102.640289
2/21/2024,12:21:18,-13.35183,-102.650289
2/21/2024,12:21:18,-13.36183,-102.650289
2/21/2024,12:21:18,-13.36183,-102.650289
2/21/2024,12:21:18,-13.36183,-102.650289
2/21/2024,12:21:19,-13.36183,-102.650289
2/21/2024,12:21:19,-13.36183,-102.650289
2/21/2024,12:21:19,-13.36183,-102.650289
2/21/2024,12:21:19,-13.36183,-102.640289
2/21/2024,12:21:19,-13.37183,-102.650289
2/21/2024,12:21:20,-13.37183,-102.650289
2/21/2024,12:21:20,-13.37183,-102.650289
2/21/2024,12:21:20,-13.37183,-102.650289
2/21/2024,12:21:20,-13.36183,-102.650289
2/21/2024,12:21:20,-13.36183,-102.650289
2/21/2024,12:21:21,-13.36183,-102.640289
2/21/2024,12:21:21,-13.36183,-102.640289
2/21/2024,12:21:21,-13.36183,-102.640289
2/21/2024,12:21:21,-13.37183,-102.650289
2/21/2024,12:21:21,-13.38183,-102.660289
2/21/2024,12:21:22,-13.38183,-102.660289
2/21/2024,12:21:22,-13.38183,-102.660289
2/21/2024,12:21:22,-13.38183,-102.660289
2/21/2024,12:21:22,-13.38183,-102.650289
2/21/2024,12:21:22,-13.37183,-102.650289
2/21/2024,12:21:23,-13.37183,-102.640289
2/21/2024,12:21:23,-13.37183,-102.640289
2/21/2024,12:21:23,-13.37183,-102.650289
2/21/2024,12:21:23,-13.37183,-102.650289
2/21/2024,12:21:23,-13.37183,-102.670289
2/21/2024,12:21:24,-13.37183,-102.670289
2/21/2024,12:21:24,-13.37183,-102.680289
2/21/2024,12:21:24,-13.36183,-102.680289
2/21/2024,12:21:24,-13.36183,-102.670289
2/21/2024,12:21:24,-13.35183,-102.670289
2/21/2024,12:21:25,-13.35183,-102.670289
2/21/2024,12:21:25,-13.34183,-102.670289
2/21/2024,12:21:25,-13.34183,-102.670289
2/21/2024,12:21:25,-13.34183,-102.670289
2/21/2024,12:21:25,-13.34183,-102.680289
2/21/2024,12:21:26,-13.34183,-102.680289
2/21/2024,12:21:26,-13.35183,-102.680289
2/21/2024,12:21:26,-13.35183,-102.680289
2/21/2024,12:21:26,-13.34183,-102.680289
2/21/2024,12:21:26,-13.34183,-102.680289
2/21/2024,12:21:27,-13.33183,-102.670289
2/21/2024,12:21:27,-13.33183,-102.670289
2/21/2024,12:21:27,-13.33183,-102.660289
2/21/2024,12:21:27,-13.33183,-102.660289
2/21/2024,12:21:27,-13.33183,-102.670289
2/21/2024,12:21:28,-13.33183,-102.670289
2/21/2024,12:21:28,-13.33183,-102.670289
2/21/2024,12:21:28,-13.33183,-102.680289
2/21/2024,12:21:28,-13.33183,-102.680289
2/21/2024,12:21:28,-13.33183,-102.670289
2/21/2024,12:21:29,-13.33183,-102.670289
2/21/2024,12:21:29,-13.32183,-102.660289
2/21/2024,12:21:29,-13.33183,-102.660289
2/21/2024,12:21:29,-13.33183,-102.660289
2/21/2024,12:21:29,-13.34183,-102.670289
2/21/2024,12:21:30,-13.34183,-102.670289
2/21/2024,12:21:30,-13.34183,-102.680289
2/21/2024,12:21:30,-13.34183,-102.670289
2/21/2024,12:21:30,-13.34183,-102.670289
2/21/2024,12:21:30,-13.34183,-102.670289
2/21/2024,12:21:31,-13.34183,-102.670289
2/21/2024,12:21:31,-13.34183,-102.670289
2/21/2024,12:21:31,-13.34183,-102.660289
2/21/2024,12:21:31,-13.34183,-102.660289
2/21/2024,12:21:31,-13.34183,-102.670289
2/21/2024,12:21:32,-13.34183,-102.680289
2/21/2024,12:21:32,-13.35183,-102.680289
2/21/2024,12:21:32,-13.35183,-102.690289
2/21/2024,12:21:32,-13.35183,-102.690289
2/21/2024,12:21:32,-13.35183,-102.690289
2/21/2024,12:21:33,-13.35183,-102.690289
2/21/2024,12:21:33,-13.35183,-102.680289
2/21/2024,12:21:33,-13.34183,-102.680289
2/21/2024,12:21:33,-13.34183,-102.680289
2/21/2024,12:21:33,-13.34183,-102.680289
2/21/2024,12:21:34,-13.34183,-102.680289
2/21/2024,12:21:34,-13.34183,-102.690289
2/21/2024,12:21:34,-13.35183,-102.690289
2/21/2024,12:21:34,-13.35183,-102.700289
2/21/2024,12:21:34,-13.35183,-102.700289
2/21/2024,12:21:35,-13.35183,-102.700289
2/21/2024,12:21:35,-13.35183,-102.700289
2/21/2024,12:21:35,-13.35183,-102.690289
2/21/2024,12:21:35,-13.34183,-102.690289
2/21/2024,12:21:35,-13.34183,-102.680289
2/21/2024,12:21:36,-13.34183,-102.680289
2/21/2024,12:21:36,-13.34183,-102.680289
2/21/2024,12:21:36,-13.34183,-102.680289
2/21/2024,12:21:36,-13.34183,-102.690289
2/21/2024,12:21:36,-13.34183,-102.690289
2/21/2024,12:21:37,-13.34183,-102.690289
2/21/2024,12:21:37,-13.35183,-102.690289
2/21/2024,12:21:37,-13.34183,-102.690289
2/21/2024,12:21:37,-13.34183,-102.690289
2/21/2024,12:21:37,-13.34183,-102.690289
2/21/2024,12:21:38,-13.34183,-102.680289
2/21/2024,12:21:38,-13.34183,-102.680289
2/21/2024,12:21:38,-13.33183,-102.670289
2/21/2024,12:21:38,-13.33183,-102.670289
2/21/2024,12:21:38,-13.34183,-102.670289
2/21/2024,12:21:39,-13.34183,-102.680289
2/21/2024,12:21:39,-13.34183,-102.680289
2/21/2024,12:21:39,-13.35183,-102.680289
2/21/2024,12:21:39,-13.34183,-102.680289
2/21/2024,12:21:39,-13.34183,-102.680289
2/21/2024,12:21:40,-13.34183,-102.670289
2/21/2024,12:21:40,-13.34183,-102.670289
2/21/2024,12:21:40,-13.34183,-102.660289
2/21/2024,12:21:40,-13.34183,-102.660289
2/21/2024,12:21:40,-13.34183,-102.660289
2/21/2024,12:21:41,-13.35183,-102.670289
2/21/2024,12:21:41,-13.34183,-102.670289
2/21/2024,12:21:41,-13.35183,-102.670289
2/21/2024,12:21:41,-13.35183,-102.670289
2/21/2024,12:21:41,-13.35183,-102.670289
2/21/2024,12:21:42,-13.35183,-102.670289
2/21/2024,12:21:42,-13.35183,-102.670289
2/21/2024,12:21:42,-13.35183,-102.660289
2/21/2024,12:21:42,-13.35183,-102.660289
2/21/2024,12:21:42,-13.35183,-102.660289
2/21/2024,12:21:43,-13.35183,-102.660289
2/21/2024,12:21:43,-13.35183,-102.660289
2/21/2024,12:21:43,-13.35183,-102.660289
2/21/2024,12:21:43,-13.35183,-102.660289
2/21/2024,12:21:43,-13.36183,-102.670289
2/21/2024,12:21:44,-13.36183,-102.670289
2/21/2024,12:21:44,-13.37183,-102.680289
2/21/2024,12:21:44,-13.37183,-102.680289
2/21/2024,12:21:44,-13.36183,-102.680289
2/21/2024,12:21:44,-13.36183,-102.670289
2/21/2024,12:21:45,-13.35183,-102.660289
2/21/2024,12:21:45,-13.35183,-102.660289
2/21/2024,12:21:45,-13.35183,-102.660289
2/21/2024,12:21:45,-13.35183,-102.660289
2/21/2024,12:21:45,-13.35183,-102.660289
2/21/2024,12:21:46,-13.35183,-102.680289
2/21/2024,12:21:46,-13.35183,-102.690289
2/21/2024,12:21:46,-13.35183,-102.690289
2/21/2024,12:21:46,-13.35183,-102.690289
2/21/2024,12:21:46,-13.35183,-102.680289
2/21/2024,12:21:47,-13.34183,-102.670289
2/21/2024,12:21:47,-13.34183,-102.670289
2/21/2024,12:21:47,-13.34183,-102.660289
2/21/2024,12:21:47,-13.34183,-102.670289
2/21/2024,12:21:47,-13.35183,-102.670289
2/21/2024,12:21:48,-13.35183,-102.680289
2/21/2024,12:21:48,-13.35183,-102.680289
2/21/2024,12:21:48,-13.35183,-102.690289
2/21/2024,12:21:48,-13.35183,-102.690289
2/21/2024,12:21:48,-13.35183,-102.680289
2/21/2024,12:21:49,-13.34183,-102.670289
2/21/2024,12:21:49,-13.34183,-102.660289
2/21/2024,12:21:49,-13.33183,-102.660289
2/21/2024,12:21:49,-13.34183,-102.660289
2/21/2024,12:21:49,-13.34183,-102.670289
2/21/2024,12:21:50,-13.35183,-102.670289
2/21/2024,12:21:50,-13.35183,-102.680289
2/21/2024,12:21:50,-13.35183,-102.670289
2/21/2024,12:21:50,-13.35183,-102.670289
2/21/2024,12:21:50,-13.34183,-102.660289
2/21/2024,12:21:51,-13.34183,-102.660289
2/21/2024,12:21:51,-13.34183,-102.650289
2/21/2024,12:21:51,-13.34183,-102.650289
2/21/2024,12:21:51,-13.35183,-102.650289
2/21/2024,12:21:51,-13.35183,-102.660289
2/21/2024,12:21:52,-13.35183,-102.660289
2/21/2024,12:21:52,-13.35183,-102.660289
2/21/2024,12:21:52,-13.35183,-102.660289
2/21/2024,12:21:52,-13.35183,-102.650289
2/21/2024,12:21:52,-13.35183,-102.650289
2/21/2024,12:21:53,-13.35183,-102.650289
2/21/2024,12:21:53,-13.35183,-102.650289
2/21/2024,12:21:53,-13.35183,-102.650289
2/21/2024,12:21:53,-13.36183,-102.660289
2/21/2024,12:21:53,-13.36183,-102.660289
2/21/2024,12:21:54,-13.36183,-102.660289
2/21/2024,12:21:54,-13.36183,-102.660289
2/21/2024,12:21:54,-13.36183,-102.660289
2/21/2024,12:21:54,-13.36183,-102.650289
2/21/2024,12:21:54,-13.35183,-102.650289
2/21/2024,12:21:55,-13.35183,-102.650289
2/21/2024,12:21:55,-13.35183,-102.650289
2/21/2024,12:21:55,-13.35183,-102.660289
2/21/2024,12:21:55,-13.36183,-102.670289
2/21/2024,12:21:55,-13.37183,-102.680289
2/21/2024,12:21:56,-13.37183,-102.690289
2/21/2024,12:21:56,-13.37183,-102.690289
2/21/2024,12:21:56,-13.36183,-102.680289
2/21/2024,12:21:56,-13.35183,-102.670289
2/21/2024,12:21:56,-13.35183,-102.660289
2/21/2024,12:21:57,-13.35183,-102.660289
2/21/2024,12:21:57,-13.35183,-102.660289
2/21/2024,12:21:57,-13.35183,-102.670289
2/21/2024,12:21:57,-13.35183,-102.680289
2/21/2024,12:21:57,-13.35183,-102.680289
2/21/2024,12:21:58,-13.36183,-102.690289
2/21/2024,12:21:58,-13.35183,-102.690289
2/21/2024,12:21:58,-13.35183,-102.690289
2/21/2024,12:21:58,-13.34183,-102.680289
2/21/2024,12:21:58,-13.34183,-102.680289
2/21/2024,12:21:59,-13.34183,-102.680289
2/21/2024,12:21:59,-13.34183,-102.670289
2/21/2024,12:21:59,-13.34183,-102.670289
2/21/2024,12:21:59,-13.34183,-102.670289
2/21/2024,12:21:59,-13.34183,-102.660289
2/21/2024,12:22:00,-13.35183,-102.660289
2/21/2024,12:22:00,-13.35183,-102.670289
2/21/2024,12:22:00,-13.36183,-102.670289
2/21/2024,12:22:00,-13.36183,-102.670289
2/21/2024,12:22:00,-13.36183,-102.670289
2/21/2024,12:22:01,-13.35183,-102.660289
2/21/2024,12:22:01,-13.35183,-102.660289
2/21/2024,12:22:01,-13.35183,-102.650289
2/21/2024,12:22:01,-13.35183,-102.650289
2/21/2024,12:22:01,-13.35183,-102.650289
2/21/2024,12:22:02,-13.36183,-102.660289
2/21/2024,12:22:02,-13.36183,-102.660289
2/21/2024,12:22:02,-13.36183,-102.660289
2/21/2024,12:22:02,-13.35183,-102.660289
2/21/2024,12:22:02,-13.35183,-102.660289
2/21/2024,12:22:03,-13.35183,-102.660289
2/21/2024,12:22:03,-13.35183,-102.660289
2/21/2024,12:22:03,-13.35183,-102.660289
2/21/2024,12:22:03,-13.36183,-102.670289
2/21/2024,12:22:03,-13.36183,-102.670289
2/21/2024,12:22:04,-13.37183,-102.680289
2/21/2024,12:22:04,-13.37183,-102.680289
2/21/2024,12:22:04,-13.36183,-102.680289
2/21/2024,12:22:04,-13.36183,-102.670289
2/21/2024,12:22:04,-13.35183,-102.660289
2/21/2024,12:22:05,-13.35183,-102.650289
2/21/2024,12:22:05,-13.35183,-102.650289
2/21/2024,12:22:05,-13.35183,-102.650289
2/21/2024,12:22:05,-13.35183,-102.660289
2/21/2024,12:22:05,-13.36183,-102.670289
2/21/2024,12:22:06,-13.36183,-102.680289
2/21/2024,12:22:06,-13.36183,-102.680289
2/21/2024,12:22:06,-13.36183,-102.670289
2/21/2024,12:22:06,-13.35183,-102.660289
2/21/2024,12:22:06,-13.35183,-102.660289
2/21/2024,12:22:07,-13.35183,-102.650289
2/21/2024,12:22:07,-13.35183,-102.650289
2/21/2024,12:22:07,-13.35183,-102.660289
2/21/2024,12:22:07,-13.35183,-102.660289
2/21/2024,12:22:07,-13.35183,-102.670289
2/21/2024,12:22:08,-13.35183,-102.670289
2/21/2024,12:22:08,-13.35183,-102.680289
2/21/2024,12:22:08,-13.35183,-102.670289
2/21/2024,12:22:08,-13.34183,-102.670289
2/21/2024,12:22:08,-13.34183,-102.660289
2/21/2024,12:22:09,-13.33183,-102.660289
2/21/2024,12:22:09,-13.33183,-102.660289
2/21/2024,12:22:09,-13.33183,-102.660289
2/21/2024,12:22:09,-13.34183,-102.670289
2/21/2024,12:22:09,-13.35183,-102.670289
2/21/2024,12:22:10,-13.35183,-102.680289
2/21/2024,12:22:10,-13.35183,-102.680289
2/21/2024,12:22:10,-13.35183,-102.680289
2/21/2024,12:22:10,-13.35183,-102.680289
2/21/2024,12:22:10,-13.35183,-102.670289
2/21/2024,12:22:11,-13.35183,-102.660289
2/21/2024,12:22:11,-13.35183,-102.660289
2/21/2024,12:22:11,-13.35183,-102.660289
2/21/2024,12:22:11,-13.35183,-102.660289
2/21/2024,12:22:11,-13.35183,-102.670289
2/21/2024,12:22:12,-13.35183,-102.670289
2/21/2024,12:22:12,-13.35183,-102.680289
2/21/2024,12:22:12,-13.36183,-102.680289
2/21/2024,12:22:12,-13.36183,-102.680289
2/21/2024,12:22:12,-13.35183,-102.680289
2/21/2024,12:22:13,-13.35183,-102.680289
2/21/2024,12:22:13,-13.35183,-102.670289
2/21/2024,12:22:13,-13.34183,-102.670289
2/21/2024,12:22:13,-13.35183,-102.670289
2/21/2024,12:22:13,-13.35183,-102.670289
2/21/2024,12:22:14,-13.35183,-102.670289
2/21/2024,12:22:14,-13.35183,-102.670289
2/21/2024,12:22:14,-13.36183,-102.680289
2/21/2024,12:22:14,-13.36183,-102.670289
2/21/2024,12:22:14,-13.36183,-102.670289
2/21/2024,12:22:15,-13.35183,-102.670289
2/21/2024,12:22:15,-13.35183,-102.670289
2/21/2024,12:22:15,-13.35183,-102.660289
2/21/2024,12:22:15,-13.35183,-102.660289
2/21/2024,12:22:15,-13.35183,-102.660289
2/21/2024,12:22:16,-13.35183,-102.660289
2/21/2024,12:22:16,-13.35183,-102.660289
2/21/2024,12:22:16,-13.35183,-102.660289
2/21/2024,12:22:16,-13.35183,-102.660289
2/21/2024,12:22:16,-13.35183,-102.660289
2/21/2024,12:22:17,-13.35183,-102.660289
2/21/2024,12:22:17,-13.35183,-102.660289
2/21/2024,12:22:17,-13.34183,-102.650289
2/21/2024,12:22:17,-13.34183,-102.650289
2/21/2024,12:22:17,-13.34183,-102.650289
2/21/2024,12:22:18,-13.34183,-102.650289
2/21/2024,12:22:18,-13.35183,-102.660289
2/21/2024,12:22:18,-13.35183,-102.660289
2/21/2024,12:22:18,-13.35183,-102.650289
2/21/2024,12:22:18,-13.35183,-102.650289
2/21/2024,12:22:19,-13.35183,-102.650289
2/21/2024,12:22:19,-13.35183,-102.660289
2/21/2024,12:22:19,-13.35183,-102.660289
2/21/2024,12:22:19,-13.35183,-102.650289
2/21/2024,12:22:19,-13.35183,-102.650289
2/21/2024,12:22:20,-13.35183,-102.650289
2/21/2024,12:22:20,-13.35183,-102.650289
2/21/2024,12:22:20,-13.35183,-102.650289
2/21/2024,12:22:20,-13.36183,-102.660289
2/21/2024,12:22:20,-13.36183,-102.660289
2/21/2024,12:22:21,-13.36183,-102.660289
2/21/2024,12:22:21,-13.36183,-102.660289
2/21/2024,12:22:21,-13.36183,-102.660289
2/21/2024,12:22:21,-13.36183,-102.660289
2/21/2024,12:22:21,-13.36183,-102.660289
2/21/2024,12:22:22,-13.36183,-102.660289
2/21/2024,12:22:22,-13.35183,-102.660289
2/21/2024,12:22:22,-13.36183,-102.660289
2/21/2024,12:22:22,-13.36183,-102.660289
2/21/2024,12:22:22,-13.36183,-102.660289
2/21/2024,12:22:23,-13.36183,-102.660289
2/21/2024,12:22:23,-13.36183,-102.660289
2/21/2024,12:22:23,-13.35183,-102.660289
2/21/2024,12:22:23,-13.35183,-102.660289
2/21/2024,12:22:23,-13.35183,-102.670289
2/21/2024,12:22:24,-13.36183,-102.670289
2/21/2024,12:22:24,-13.36183,-102.670289
2/21/2024,12:22:24,-13.35183,-102.670289
2/21/2024,12:22:24,-13.35183,-102.670289
2/21/2024,12:22:24,-13.35183,-102.660289
2/21/2024,12:22:25,-13.34183,-102.650289
2/21/2024,12:22:25,-13.35183,-102.650289
2/21/2024,12:22:25,-13.35183,-102.650289
2/21/2024,12:22:25,-13.35183,-102.660289
2/21/2024,12:22:25,-13.36183,-102.670289
2/21/2024,12:22:26,-13.36183,-102.670289
2/21/2024,12:22:26,-13.35183,-102.670289
2/21/2024,12:22:26,-13.35183,-102.670289
2/21/2024,12:22:26,-13.34183,-102.670289
2/21/2024,12:22:26,-13.34183,-102.660289
2/21/2024,12:22:27,-13.34183,-102.660289
2/21/2024,12:22:27,-13.34183,-102.660289
2/21/2024,12:22:27,-13.34183,-102.660289
2/21/2024,12:22:27,-13.34183,-102.670289
2/21/2024,12:22:27,-13.34183,-102.680289
2/21/2024,12:22:28,-13.34183,-102.680289
2/21/2024,12:22:28,-13.34183,-102.680289
2/21/2024,12:22:28,-13.34183,-102.680289
2/21/2024,12:22:28,-13.34183,-102.680289
2/21/2024,12:22:28,-13.34183,-102.670289
2/21/2024,12:22:29,-13.33183,-102.670289
2/21/2024,12:22:29,-13.33183,-102.670289
2/21/2024,12:22:29,-13.33183,-102.670289
2/21/2024,12:22:29,-13.33183,-102.670289
2/21/2024,12:22:29,-13.33183,-102.680289
2/21/2024,12:22:30,-13.34183,-102.690289
2/21/2024,12:22:30,-13.34183,-102.690289
2/21/2024,12:22:30,-13.33183,-102.700289
2/21/2024,12:22:30,-13.33183,-102.690289
2/21/2024,12:22:30,-13.32183,-102.690289
2/21/2024,12:22:31,-13.32183,-102.680289
2/21/2024,12:22:31,-13.31183,-102.680289
2/21/2024,12:22:31,-13.31183,-102.680289
2/21/2024,12:22:31,-13.31183,-102.680289
2/21/2024,12:22:31,-13.32183,-102.680289
2/21/2024,12:22:32,-13.32183,-102.690289
2/21/2024,12:22:32,-13.33183,-102.700289
2/21/2024,12:22:32,-13.32183,-102.700289
2/21/2024,12:22:32,-13.32183,-102.700289
2/21/2024,12:22:32,-13.31183,-102.690289
2/21/2024,12:22:33,-13.31183,-102.680289
2/21/2024,12:22:33,-13.31183,-102.680289
2/21/2024,12:22:33,-13.31183,-102.670289
2/21/2024,12:22:33,-13.31183,-102.670289
2/21/2024,12:22:33,-13.31183,-102.680289
2/21/2024,12:22:34,-13.31183,-102.680289
2/21/2024,12:22:34,-13.32183,-102.690289
2/21/2024,12:22:34,-13.31183,-102.690289
2/21/2024,12:22:34,-13.31183,-102.700289
2/21/2024,12:22:34,-13.31183,-102.700289
2/21/2024,12:22:35,-13.31183,-102.690289
2/21/2024,12:22:35,-13.31183,-102.690289
2/21/2024,12:22:35,-13.31183,-102.690289
2/21/2024,12:22:35,-13.32183,-102.690289
2/21/2024,12:22:35,-13.32183,-102.690289
2/21/2024,12:22:36,-13.33183,-102.690289
2/21/2024,12:22:36,-13.33183,-102.680289
2/21/2024,12:22:36,-13.33183,-102.680289
2/21/2024,12:22:36,-13.34183,-102.680289
2/21/2024,12:22:36,-13.34183,-102.690289
2/21/2024,12:22:37,-13.34183,-102.690289
2/21/2024,12:22:37,-13.35183,-102.690289
2/21/2024,12:22:37,-13.35183,-102.700289
2/21/2024,12:22:37,-13.35183,-102.700289
2/21/2024,12:22:37,-13.36183,-102.700289
2/21/2024,12:22:38,-13.36183,-102.690289
2/21/2024,12:22:38,-13.36183,-102.690289
2/21/2024,12:22:38,-13.35183,-102.690289
2/21/2024,12:22:38,-13.35183,-102.680289
2/21/2024,12:22:38,-13.35183,-102.690289
2/21/2024,12:22:39,-13.35183,-102.690289
2/21/2024,12:22:39,-13.35183,-102.690289
2/21/2024,12:22:39,-13.35183,-102.690289
2/21/2024,12:22:39,-13.35183,-102.680289
2/21/2024,12:22:39,-13.35183,-102.680289
2/21/2024,12:22:40,-13.35183,-102.680289
2/21/2024,12:22:40,-13.35183,-102.680289
2/21/2024,12:22:40,-13.35183,-102.680289
2/21/2024,12:22:40,-13.35183,-102.680289
2/21/2024,12:22:40,-13.35183,-102.680289
2/21/2024,12:22:41,-13.35183,-102.680289
2/21/2024,12:22:41,-13.35183,-102.680289
2/21/2024,12:22:41,-13.35183,-102.670289
2/21/2024,12:22:41,-13.35183,-102.670289
2/21/2024,12:22:41,-13.36183,-102.660289
2/21/2024,12:22:42,-13.35183,-102.660289
2/21/2024,12:22:42,-13.35183,-102.650289
2/21/2024,12:22:42,-13.35183,-102.650289
2/21/2024,12:22:42,-13.35183,-102.650289
2/21/2024,12:22:42,-13.35183,-102.650289
2/21/2024,12:22:43,-13.36183,-102.650289
2/21/2024,12:22:43,-13.36183,-102.660289
2/21/2024,12:22:43,-13.36183,-102.660289
2/21/2024,12:22:43,-13.36183,-102.660289
2/21/2024,12:22:43,-13.36183,-102.650289
2/21/2024,12:22:44,-13.36183,-102.640289
2/21/2024,12:22:44,-13.36183,-102.630289
2/21/2024,12:22:44,-13.35183,-102.630289
2/21/2024,12:22:44,-13.36183,-102.630289
2/21/2024,12:22:44,-13.36183,-102.630289
2/21/2024,12:22:45,-13.36183,-102.630289
2/21/2024,12:22:45,-13.36183,-102.630289
2/21/2024,12:22:45,-13.36183,-102.630289
2/21/2024,12:22:45,-13.36183,-102.630289
2/21/2024,12:22:45,-13.37183,-102.630289
2/21/2024,12:22:46,-13.37183,-102.630289
2/21/2024,12:22:46,-13.37183,-102.630289
2/21/2024,12:22:46,-13.37183,-102.630289
2/21/2024,12:22:46,-13.37183,-102.620289
2/21/2024,12:22:46,-13.37183,-102.620289
2/21/2024,12:22:47,-13.37183,-102.610289
2/21/2024,12:22:47,-13.36183,-102.610289
2/21/2024,12:22:47,-13.36183,-102.610289
2/21/2024,12:22:47,-13.36183,-102.610289
2/21/2024,12:22:47,-13.36183,-102.620289
2/21/2024,12:22:48,-13.37183,-102.630289
2/21/2024,12:22:48,-13.37183,-102.630289
2/21/2024,12:22:48,-13.37183,-102.630289
2/21/2024,12:22:48,-13.36183,-102.630289
2/21/2024,12:22:48,-13.36183,-102.630289
2/21/2024,12:22:49,-13.36183,-102.620289
2/21/2024,12:22:49,-13.36183,-102.620289
2/21/2024,12:22:49,-13.36183,-102.620289
2/21/2024,12:22:49,-13.36183,-102.630289
2/21/2024,12:22:49,-13.36183,-102.630289
2/21/2024,12:22:50,-13.36183,-102.630289
2/21/2024,12:22:50,-13.36183,-102.630289
2/21/2024,12:22:50,-13.35183,-102.640289
2/21/2024,12:22:50,-13.35183,-102.630289
2/21/2024,12:22:50,-13.35183,-102.630289
2/21/2024,12:22:51,-13.35183,-102.630289
2/21/2024,12:22:51,-13.35183,-102.640289
2/21/2024,12:22:51,-13.35183,-102.640289
2/21/2024,12:22:51,-13.35183,-102.640289
2/21/2024,12:22:51,-13.35183,-102.650289
2/21/2024,12:22:52,-13.35183,-102.650289
2/21/2024,12:22:52,-13.35183,-102.640289
2/21/2024,12:22:52,-13.35183,-102.640289
2/21/2024,12:22:52,-13.34183,-102.640289
2/21/2024,12:22:52,-13.34183,-102.640289
2/21/2024,12:22:53,-13.34183,-102.640289
2/21/2024,12:22:53,-13.35183,-102.650289
2/21/2024,12:22:53,-13.35183,-102.660289
2/21/2024,12:22:53,-13.35183,-102.660289
2/21/2024,12:22:53,-13.35183,-102.660289
2/21/2024,12:22:54,-13.34183,-102.650289
2/21/2024,12:22:54,-13.33183,-102.650289
2/21/2024,12:22:54,-13.33183,-102.650289
2/21/2024,12:22:54,-13.33183,-102.650289
2/21/2024,12:22:54,-13.33183,-102.650289
2/21/2024,12:22:55,-13.33183,-102.660289
2/21/2024,12:22:55,-13.34183,-102.660289
2/21/2024,12:22:55,-13.34183,-102.670289
2/21/2024,12:22:55,-13.35183,-102.670289
2/21/2024,12:22:55,-13.35183,-102.670289
2/21/2024,12:22:56,-13.35183,-102.670289
2/21/2024,12:22:56,-13.35183,-102.670289
2/21/2024,12:22:56,-13.35183,-102.660289
2/21/2024,12:22:56,-13.35183,-102.650289
2/21/2024,12:22:56,-13.35183,-102.650289
2/21/2024,12:22:57,-13.35183,-102.650289
2/21/2024,12:22:57,-13.35183,-102.650289
2/21/2024,12:22:57,-13.35183,-102.670289
2/21/2024,12:22:57,-13.35183,-102.670289
2/21/2024,12:22:57,-13.35183,-102.680289
2/21/2024,12:22:58,-13.35183,-102.680289
2/21/2024,12:22:58,-13.35183,-102.670289
2/21/2024,12:22:58,-13.34183,-102.660289
2/21/2024,12:22:58,-13.34183,-102.660289
2/21/2024,12:22:58,-13.34183,-102.660289
2/21/2024,12:22:59,-13.34183,-102.660289
2/21/2024,12:22:59,-13.34183,-102.670289
2/21/2024,12:22:59,-13.34183,-102.670289
2/21/2024,12:22:59,-13.35183,-102.680289
2/21/2024,12:22:59,-13.35183,-102.690289
2/21/2024,12:23:00,-13.34183,-102.690289
2/21/2024,12:23:00,-13.34183,-102.690289
2/21/2024,12:23:00,-13.34183,-102.680289
2/21/2024,12:23:00,-13.34183,-102.670289
2/21/2024,12:23:00,-13.34183,-102.670289
2/21/2024,12:23:01,-13.34183,-102.670289
2/21/2024,12:23:01,-13.34183,-102.670289
2/21/2024,12:23:01,-13.33183,-102.670289
2/21/2024,12:23:01,-13.33183,-102.670289
2/21/2024,12:23:01,-13.33183,-102.680289
2/21/2024,12:23:02,-13.33183,-102.680289
2/21/2024,12:23:02,-13.33183,-102.670289
2/21/2024,12:23:02,-13.33183,-102.670289
2/21/2024,12:23:02,-13.33183,-102.670289
2/21/2024,12:23:02,-13.33183,-102.670289
2/21/2024,12:23:03,-13.33183,-102.660289
2/21/2024,12:23:03,-13.33183,-102.660289
2/21/2024,12:23:03,-13.33183,-102.660289
2/21/2024,12:23:03,-13.33183,-102.660289
2/21/2024,12:23:03,-13.33183,-102.660289
2/21/2024,12:23:04,-13.33183,-102.660289
2/21/2024,12:23:04,-13.33183,-102.670289
2/21/2024,12:23:04,-13.34183,-102.670289
2/21/2024,12:23:04,-13.34183,-102.670289
2/21/2024,12:23:04,-13.33183,-102.660289
2/21/2024,12:23:05,-13.34183,-102.660289
2/21/2024,12:23:05,-13.34183,-102.650289
2/21/2024,12:23:05,-13.33183,-102.650289
2/21/2024,12:23:05,-13.34183,-102.660289
2/21/2024,12:23:05,-13.34183,-102.660289
2/21/2024,12:23:06,-13.34183,-102.670289
2/21/2024,12:23:06,-13.35183,-102.680289
2/21/2024,12:23:06,-13.35183,-102.680289
2/21/2024,12:23:06,-13.34183,-102.680289
2/21/2024,12:23:06,-13.34183,-102.670289
2/21/2024,12:23:07,-13.34183,-102.660289
2/21/2024,12:23:07,-13.34183,-102.650289
2/21/2024,12:23:07,-13.32183,-102.630289
2/21/2024,12:23:07,-13.32183,-102.640289
2/21/2024,12:23:07,-13.32183,-102.650289
2/21/2024,12:23:08,-13.32183,-102.650289
2/21/2024,12:23:08,-13.32183,-102.650289
2/21/2024,12:23:08,-13.32183,-102.650289
2/21/2024,12:23:08,-13.32183,-102.650289
2/21/2024,12:23:08,-13.32183,-102.650289
2/21/2024,12:23:09,-13.32183,-102.640289
2/21/2024,12:23:09,-13.32183,-102.640289
2/21/2024,12:23:09,-13.33183,-102.650289
2/21/2024,12:23:09,-13.33183,-102.650289
2/21/2024,12:23:09,-13.33183,-102.660289
2/21/2024,12:23:10,-13.32183,-102.650289
2/21/2024,12:23:10,-13.32183,-102.640289
2/21/2024,12:23:10,-13.32183,-102.640289
2/21/2024,12:23:10,-13.33183,-102.640289
2/21/2024,12:23:10,-13.33183,-102.640289
2/21/2024,12:23:11,-13.33183,-102.630289
2/21/2024,12:23:11,-13.33183,-102.640289
2/21/2024,12:23:11,-13.34183,-102.640289
2/21/2024,12:23:11,-13.34183,-102.630289
2/21/2024,12:23:11,-13.33183,-102.630289
2/21/2024,12:23:12,-13.33183,-102.630289
2/21/2024,12:23:12,-13.34183,-102.630289
2/21/2024,12:23:12,-13.33183,-102.630289
2/21/2024,12:23:12,-13.33183,-102.620289
2/21/2024,12:23:12,-13.33183,-102.620289
2/21/2024,12:23:13,-13.33183,-102.620289
2/21/2024,12:23:13,-13.34183,-102.620289
2/21/2024,12:23:13,-13.34183,-102.620289
2/21/2024,12:23:13,-13.34183,-102.620289
2/21/2024,12:23:13,-13.34183,-102.620289
2/21/2024,12:23:14,-13.33183,-102.610289
2/21/2024,12:23:14,-13.32183,-102.590289
2/21/2024,12:23:14,-13.33183,-102.600289
2/21/2024,12:23:14,-13.33183,-102.600289
2/21/2024,12:23:14,-13.33183,-102.600289
2/21/2024,12:23:15,-13.34183,-102.610289
2/21/2024,12:23:15,-13.35183,-102.610289
2/21/2024,12:23:15,-13.35183,-102.610289
2/21/2024,12:23:15,-13.34183,-102.610289
2/21/2024,12:23:15,-13.34183,-102.600289
2/21/2024,12:23:16,-13.34183,-102.590289
2/21/2024,12:23:16,-13.34183,-102.590289
2/21/2024,12:23:16,-13.34183,-102.590289
2/21/2024,12:23:16,-13.34183,-102.600289
2/21/2024,12:23:16,-13.34183,-102.600289
2/21/2024,12:23:17,-13.34183,-102.600289
2/21/2024,12:23:17,-13.34183,-102.610289
2/21/2024,12:23:17,-13.33183,-102.610289
2/21/2024,12:23:17,-13.33183,-102.610289
2/21/2024,12:23:17,-13.33183,-102.610289
2/21/2024,12:23:18,-13.33183,-102.620289
2/21/2024,12:23:18,-13.32183,-102.610289
2/21/2024,12:23:18,-13.32183,-102.620289
2/21/2024,12:23:18,-13.33183,-102.620289
2/21/2024,12:23:18,-13.32183,-102.630289
2/21/2024,12:23:19,-13.33183,-102.630289
2/21/2024,12:23:19,-13.32183,-102.640289
2/21/2024,12:23:19,-13.31183,-102.650289
2/21/2024,12:23:19,-13.30183,-102.640289
2/21/2024,12:23:19,-13.29183,-102.630289
2/21/2024,12:23:20,-13.29183,-102.650289
2/21/2024,12:23:20,-13.30183,-102.650289
2/21/2024,12:23:20,-13.29183,-102.650289
2/21/2024,12:23:20,-13.29183,-102.650289
2/21/2024,12:23:20,-13.28183,-102.650289
2/21/2024,12:23:21,-13.28183,-102.650289
2/21/2024,12:23:21,-13.29183,-102.660289
2/21/2024,12:23:21,-13.31183,-102.670289
2/21/2024,12:23:21,-13.31183,-102.670289
2/21/2024,12:23:21,-13.31183,-102.680289
2/21/2024,12:23:22,-13.32183,-102.670289
2/21/2024,12:23:22,-13.31183,-102.670289
2/21/2024,12:23:22,-13.31183,-102.670289
2/21/2024,12:23:22,-13.32183,-102.690289
2/21/2024,12:23:22,-13.33183,-102.700289
2/21/2024,12:23:23,-13.34183,-102.690289
2/21/2024,12:23:23,-13.33183,-102.680289
2/21/2024,12:23:23,-13.33183,-102.670289
2/21/2024,12:23:23,-13.32183,-102.670289
2/21/2024,12:23:23,-13.32183,-102.670289
2/21/2024,12:23:24,-13.32183,-102.670289
2/21/2024,12:23:24,-13.32183,-102.670289
2/21/2024,12:23:24,-13.32183,-102.670289
2/21/2024,12:23:24,-13.32183,-102.670289
2/21/2024,12:23:24,-13.32183,-102.680289
2/21/2024,12:23:25,-13.33183,-102.680289
2/21/2024,12:23:25,-13.33183,-102.680289
2/21/2024,12:23:25,-13.33183,-102.690289
2/21/2024,12:23:25,-13.33183,-102.690289
2/21/2024,12:23:25,-13.33183,-102.680289
2/21/2024,12:23:26,-13.33183,-102.670289
2/21/2024,12:23:26,-13.33183,-102.660289
2/21/2024,12:23:26,-13.33183,-102.650289
2/21/2024,12:23:26,-13.34183,-102.650289
2/21/2024,12:23:26,-13.34183,-102.650289
2/21/2024,12:23:27,-13.35183,-102.660289
2/21/2024,12:23:27,-13.36183,-102.670289
2/21/2024,12:23:27,-13.36183,-102.680289
2/21/2024,12:23:27,-13.36183,-102.680289
2/21/2024,12:23:27,-13.37183,-102.680289
2/21/2024,12:23:28,-13.37183,-102.670289
2/21/2024,12:23:28,-13.38183,-102.660289
2/21/2024,12:23:28,-13.37183,-102.660289
2/21/2024,12:23:28,-13.38183,-102.660289
2/21/2024,12:23:28,-13.38183,-102.660289
2/21/2024,12:23:29,-13.38183,-102.660289
2/21/2024,12:23:29,-13.37183,-102.660289
2/21/2024,12:23:29,-13.37183,-102.670289
2/21/2024,12:23:29,-13.37183,-102.670289
2/21/2024,12:23:29,-13.37183,-102.680289
2/21/2024,12:23:30,-13.37183,-102.690289
2/21/2024,12:23:30,-13.37183,-102.700289
2/21/2024,12:23:30,-13.37183,-102.700289
2/21/2024,12:23:30,-13.37183,-102.700289
2/21/2024,12:23:30,-13.37183,-102.690289
2/21/2024,12:23:31,-13.36183,-102.680289
2/21/2024,12:23:31,-13.36183,-102.680289
2/21/2024,12:23:31,-13.36183,-102.680289
2/21/2024,12:23:31,-13.36183,-102.680289
2/21/2024,12:23:31,-13.37183,-102.690289
2/21/2024,12:23:32,-13.38183,-102.700289
2/21/2024,12:23:32,-13.39183,-102.710289
2/21/2024,12:23:32,-13.39183,-102.710289
2/21/2024,12:23:32,-13.39183,-102.710289
2/21/2024,12:23:32,-13.38183,-102.700289
2/21/2024,12:23:33,-13.38183,-102.680289
2/21/2024,12:23:33,-13.38183,-102.680289
2/21/2024,12:23:33,-13.37183,-102.680289
2/21/2024,12:23:33,-13.36183,-102.690289
2/21/2024,12:23:33,-13.37183,-102.700289
2/21/2024,12:23:34,-13.37183,-102.710289
2/21/2024,12:23:34,-13.37183,-102.720289
2/21/2024,12:23:34,-13.37183,-102.720289
2/21/2024,12:23:34,-13.36183,-102.720289
2/21/2024,12:23:34,-13.36183,-102.710289
2/21/2024,12:23:35,-13.35183,-102.710289
2/21/2024,12:23:35,-13.35183,-102.700289
2/21/2024,12:23:35,-13.35183,-102.700289
2/21/2024,12:23:35,-13.34183,-102.700289
2/21/2024,12:23:35,-13.34183,-102.700289
2/21/2024,12:23:36,-13.34183,-102.700289
2/21/2024,12:23:36,-13.34183,-102.710289
2/21/2024,12:23:36,-13.35183,-102.720289
2/21/2024,12:23:36,-13.35183,-102.720289
2/21/2024,12:23:36,-13.35183,-102.720289
2/21/2024,12:23:37,-13.34183,-102.710289
2/21/2024,12:23:37,-13.34183,-102.700289
2/21/2024,12:23:37,-13.33183,-102.700289
2/21/2024,12:23:37,-13.34183,-102.690289
2/21/2024,12:23:37,-13.34183,-102.690289
2/21/2024,12:23:38,-13.34183,-102.690289
2/21/2024,12:23:38,-13.34183,-102.690289
2/21/2024,12:23:38,-13.35183,-102.700289
2/21/2024,12:23:38,-13.35183,-102.700289
2/21/2024,12:23:38,-13.35183,-102.710289
2/21/2024,12:23:39,-13.35183,-102.710289
2/21/2024,12:23:39,-13.34183,-102.700289
2/21/2024,12:23:39,-13.34183,-102.680289
2/21/2024,12:23:39,-13.33183,-102.660289
2/21/2024,12:23:39,-13.33183,-102.670289
2/21/2024,12:23:40,-13.33183,-102.670289
2/21/2024,12:23:40,-13.33183,-102.680289
2/21/2024,12:23:40,-13.33183,-102.680289
2/21/2024,12:23:40,-13.33183,-102.700289
2/21/2024,12:23:40,-13.34183,-102.710289
2/21/2024,12:23:41,-13.34183,-102.710289
2/21/2024,12:23:41,-13.34183,-102.710289
2/21/2024,12:23:41,-13.33183,-102.700289
2/21/2024,12:23:41,-13.33183,-102.690289
2/21/2024,12:23:41,-13.32183,-102.680289
2/21/2024,12:23:42,-13.33183,-102.680289
2/21/2024,12:23:42,-13.32183,-102.680289
2/21/2024,12:23:42,-13.32183,-102.690289
2/21/2024,12:23:42,-13.33183,-102.690289
2/21/2024,12:23:42,-13.33183,-102.690289
2/21/2024,12:23:43,-13.33183,-102.690289
2/21/2024,12:23:43,-13.34183,-102.690289
2/21/2024,12:23:43,-13.34183,-102.680289
2/21/2024,12:23:43,-13.34183,-102.670289
2/21/2024,12:23:43,-13.34183,-102.670289
2/21/2024,12:23:44,-13.34183,-102.660289
2/21/2024,12:23:44,-13.34183,-102.660289
2/21/2024,12:23:44,-13.34183,-102.670289
2/21/2024,12:23:44,-13.34183,-102.660289
2/21/2024,12:23:44,-13.35183,-102.670289
2/21/2024,12:23:45,-13.35183,-102.670289
2/21/2024,12:23:45,-13.35183,-102.660289
2/21/2024,12:23:45,-13.35183,-102.660289
2/21/2024,12:23:45,-13.35183,-102.660289
2/21/2024,12:23:45,-13.34183,-102.660289
2/21/2024,12:23:46,-13.34183,-102.660289
2/21/2024,12:23:46,-13.34183,-102.660289
2/21/2024,12:23:46,-13.34183,-102.660289
2/21/2024,12:23:46,-13.34183,-102.660289
2/21/2024,12:23:46,-13.35183,-102.660289
2/21/2024,12:23:47,-13.34183,-102.650289
2/21/2024,12:23:47,-13.34183,-102.650289
2/21/2024,12:23:47,-13.34183,-102.660289
2/21/2024,12:23:47,-13.35183,-102.660289
2/21/2024,12:23:47,-13.35183,-102.670289
2/21/2024,12:23:48,-13.35183,-102.670289
2/21/2024,12:23:48,-13.35183,-102.670289
2/21/2024,12:23:48,-13.35183,-102.670289
2/21/2024,12:23:48,-13.34183,-102.660289
2/21/2024,12:23:48,-13.34183,-102.650289
2/21/2024,12:23:49,-13.34183,-102.650289
2/21/2024,12:23:49,-13.35183,-102.650289
2/21/2024,12:23:49,-13.35183,-102.650289
2/21/2024,12:23:49,-13.35183,-102.650289
2/21/2024,12:23:49,-13.35183,-102.650289
2/21/2024,12:23:50,-13.36183,-102.660289
2/21/2024,12:23:50,-13.36183,-102.660289
2/21/2024,12:23:50,-13.36183,-102.670289
2/21/2024,12:23:50,-13.36183,-102.670289
2/21/2024,12:23:50,-13.36183,-102.670289
2/21/2024,12:23:51,-13.36183,-102.670289
2/21/2024,12:23:51,-13.35183,-102.660289
2/21/2024,12:23:51,-13.35183,-102.650289
2/21/2024,12:23:51,-13.34183,-102.650289
2/21/2024,12:23:51,-13.35183,-102.650289
2/21/2024,12:23:52,-13.35183,-102.650289
2/21/2024,12:23:52,-13.35183,-102.660289
2/21/2024,12:23:52,-13.36183,-102.680289
2/21/2024,12:23:52,-13.36183,-102.680289
2/21/2024,12:23:52,-13.36183,-102.690289
2/21/2024,12:23:53,-13.36183,-102.680289
2/21/2024,12:23:53,-13.35183,-102.670289
2/21/2024,12:23:53,-13.35183,-102.660289
2/21/2024,12:23:53,-13.34183,-102.660289
2/21/2024,12:23:53,-13.33183,-102.660289
2/21/2024,12:23:54,-13.33183,-102.660289
2/21/2024,12:23:54,-13.33183,-102.670289
2/21/2024,12:23:54,-13.33183,-102.680289
2/21/2024,12:23:54,-13.34183,-102.690289
2/21/2024,12:23:54,-13.34183,-102.700289
2/21/2024,12:23:55,-13.34183,-102.700289
2/21/2024,12:23:55,-13.33183,-102.690289
2/21/2024,12:23:55,-13.32183,-102.670289
2/21/2024,12:23:55,-13.31183,-102.670289
2/21/2024,12:23:55,-13.31183,-102.670289
2/21/2024,12:23:56,-13.31183,-102.670289
2/21/2024,12:23:56,-13.31183,-102.670289
2/21/2024,12:23:56,-13.32183,-102.690289
2/21/2024,12:23:56,-13.33183,-102.710289
2/21/2024,12:23:56,-13.33183,-102.720289
2/21/2024,12:23:57,-13.32183,-102.710289
2/21/2024,12:23:57,-13.32183,-102.700289
2/21/2024,12:23:57,-13.31183,-102.680289
2/21/2024,12:23:57,-13.31183,-102.680289
2/21/2024,12:23:57,-13.31183,-102.680289
2/21/2024,12:23:58,-13.31183,-102.680289
2/21/2024,12:23:58,-13.32183,-102.680289
2/21/2024,12:23:58,-13.32183,-102.690289
2/21/2024,12:23:58,-13.33183,-102.700289
2/21/2024,12:23:58,-13.34183,-102.710289
2/21/2024,12:23:59,-13.34183,-102.710289
2/21/2024,12:23:59,-13.34183,-102.700289
2/21/2024,12:23:59,-13.34183,-102.680289
2/21/2024,12:23:59,-13.34183,-102.670289
2/21/2024,12:23:59,-13.34183,-102.670289
2/21/2024,12:24:00,-13.34183,-102.670289
2/21/2024,12:24:00,-13.34183,-102.670289
2/21/2024,12:24:00,-13.34183,-102.680289
2/21/2024,12:24:00,-13.35183,-102.690289
2/21/2024,12:24:00,-13.35183,-102.700289
2/21/2024,12:24:01,-13.36183,-102.700289
2/21/2024,12:24:01,-13.36183,-102.700289
2/21/2024,12:24:01,-13.35183,-102.690289
2/21/2024,12:24:01,-13.34183,-102.680289
2/21/2024,12:24:01,-13.34183,-102.680289
2/21/2024,12:24:02,-13.33183,-102.670289
2/21/2024,12:24:02,-13.33183,-102.670289
2/21/2024,12:24:02,-13.33183,-102.670289
2/21/2024,12:24:02,-13.34183,-102.670289
2/21/2024,12:24:02,-13.35183,-102.680289
2/21/2024,12:24:03,-13.35183,-102.680289
2/21/2024,12:24:03,-13.35183,-102.680289
2/21/2024,12:24:03,-13.36183,-102.680289
2/21/2024,12:24:03,-13.36183,-102.680289
2/21/2024,12:24:03,-13.35183,-102.670289
2/21/2024,12:24:04,-13.35183,-102.670289
2/21/2024,12:24:04,-13.35183,-102.670289
2/21/2024,12:24:04,-13.35183,-102.670289
2/21/2024,12:24:04,-13.35183,-102.660289
2/21/2024,12:24:04,-13.35183,-102.660289
2/21/2024,12:24:05,-13.35183,-102.660289
2/21/2024,12:24:05,-13.36183,-102.660289
2/21/2024,12:24:05,-13.36183,-102.660289
2/21/2024,12:24:05,-13.36183,-102.660289
2/21/2024,12:24:05,-13.36183,-102.670289
2/21/2024,12:24:06,-13.36183,-102.670289
2/21/2024,12:24:06,-13.36183,-102.670289
2/21/2024,12:24:06,-13.36183,-102.660289
2/21/2024,12:24:06,-13.35183,-102.650289
2/21/2024,12:24:06,-13.35183,-102.650289
2/21/2024,12:24:07,-13.35183,-102.640289
2/21/2024,12:24:07,-13.35183,-102.640289
2/21/2024,12:24:07,-13.35183,-102.640289
2/21/2024,12:24:07,-13.36183,-102.650289
2/21/2024,12:24:07,-13.36183,-102.650289
2/21/2024,12:24:08,-13.37183,-102.660289
2/21/2024,12:24:08,-13.36183,-102.650289
2/21/2024,12:24:08,-13.36183,-102.640289
2/21/2024,12:24:08,-13.35183,-102.630289
2/21/2024,12:24:08,-13.36183,-102.620289
2/21/2024,12:24:09,-13.35183,-102.630289
2/21/2024,12:24:09,-13.35183,-102.640289
2/21/2024,12:24:09,-13.36183,-102.640289
2/21/2024,12:24:09,-13.36183,-102.650289
2/21/2024,12:24:09,-13.36183,-102.650289
2/21/2024,12:24:10,-13.36183,-102.650289
2/21/2024,12:24:10,-13.36183,-102.640289
2/21/2024,12:24:10,-13.35183,-102.630289
2/21/2024,12:24:10,-13.35183,-102.620289
2/21/2024,12:24:10,-13.35183,-102.620289
2/21/2024,12:24:11,-13.35183,-102.620289
2/21/2024,12:24:11,-13.35183,-102.630289
2/21/2024,12:24:11,-13.35183,-102.630289
2/21/2024,12:24:11,-13.35183,-102.640289
2/21/2024,12:24:11,-13.35183,-102.640289
2/21/2024,12:24:12,-13.36183,-102.650289
2/21/2024,12:24:12,-13.36183,-102.650289
2/21/2024,12:24:12,-13.36183,-102.640289
2/21/2024,12:24:12,-13.35183,-102.640289
2/21/2024,12:24:12,-13.35183,-102.630289
2/21/2024,12:24:13,-13.35183,-102.630289
2/21/2024,12:24:13,-13.34183,-102.630289
2/21/2024,12:24:13,-13.34183,-102.630289
2/21/2024,12:24:13,-13.34183,-102.640289
2/21/2024,12:24:13,-13.35183,-102.640289
2/21/2024,12:24:14,-13.35183,-102.650289
2/21/2024,12:24:14,-13.35183,-102.650289
2/21/2024,12:24:14,-13.34183,-102.640289
2/21/2024,12:24:14,-13.34183,-102.640289
2/21/2024,12:24:14,-13.34183,-102.640289
2/21/2024,12:24:15,-13.34183,-102.640289
2/21/2024,12:24:15,-13.34183,-102.640289
2/21/2024,12:24:15,-13.34183,-102.650289
2/21/2024,12:24:15,-13.34183,-102.650289
2/21/2024,12:24:15,-13.34183,-102.650289
2/21/2024,12:24:16,-13.33183,-102.650289
2/21/2024,12:24:16,-13.33183,-102.640289
2/21/2024,12:24:16,-13.33183,-102.630289
2/21/2024,12:24:16,-13.33183,-102.630289
2/21/2024,12:24:16,-13.33183,-102.630289
2/21/2024,12:24:17,-13.34183,-102.640289
2/21/2024,12:24:17,-13.34183,-102.640289
2/21/2024,12:24:17,-13.34183,-102.650289
2/21/2024,12:24:17,-13.35183,-102.660289
2/21/2024,12:24:17,-13.34183,-102.660289
2/21/2024,12:24:18,-13.34183,-102.660289
2/21/2024,12:24:18,-13.34183,-102.650289
2/21/2024,12:24:18,-13.34183,-102.650289
2/21/2024,12:24:18,-13.33183,-102.640289
2/21/2024,12:24:18,-13.33183,-102.640289
2/21/2024,12:24:19,-13.33183,-102.640289
2/21/2024,12:24:19,-13.33183,-102.640289
2/21/2024,12:24:19,-13.33183,-102.640289
2/21/2024,12:24:19,-13.34183,-102.650289
2/21/2024,12:24:19,-13.34183,-102.670289
2/21/2024,12:24:20,-13.34183,-102.670289
2/21/2024,12:24:20,-13.34183,-102.680289
2/21/2024,12:24:20,-13.34183,-102.670289
2/21/2024,12:24:20,-13.33183,-102.660289
2/21/2024,12:24:20,-13.33183,-102.660289
2/21/2024,12:24:21,-13.33183,-102.650289
2/21/2024,12:24:21,-13.33183,-102.650289
2/21/2024,12:24:21,-13.34183,-102.650289
2/21/2024,12:24:21,-13.34183,-102.650289
2/21/2024,12:24:21,-13.35183,-102.660289
2/21/2024,12:24:22,-13.36183,-102.670289
2/21/2024,12:24:22,-13.37183,-102.680289
2/21/2024,12:24:22,-13.37183,-102.680289
2/21/2024,12:24:22,-13.37183,-102.680289
2/21/2024,12:24:22,-13.37183,-102.670289
2/21/2024,12:24:23,-13.36183,-102.660289
2/21/2024,12:24:23,-13.36183,-102.660289
2/21/2024,12:24:23,-13.36183,-102.660289
2/21/2024,12:24:23,-13.36183,-102.660289
2/21/2024,12:24:23,-13.36183,-102.660289
2/21/2024,12:24:24,-13.36183,-102.670289
2/21/2024,12:24:24,-13.36183,-102.680289
2/21/2024,12:24:24,-13.36183,-102.690289
2/21/2024,12:24:24,-13.36183,-102.690289
2/21/2024,12:24:24,-13.36183,-102.690289
2/21/2024,12:24:25,-13.35183,-102.680289
2/21/2024,12:24:25,-13.34183,-102.670289
2/21/2024,12:24:25,-13.34183,-102.670289
2/21/2024,12:24:25,-13.34183,-102.670289
2/21/2024,12:24:25,-13.34183,-102.670289
2/21/2024,12:24:26,-13.34183,-102.670289
2/21/2024,12:24:26,-13.34183,-102.670289
2/21/2024,12:24:26,-13.34183,-102.670289
2/21/2024,12:24:26,-13.35183,-102.670289
2/21/2024,12:24:26,-13.35183,-102.670289
2/21/2024,12:24:27,-13.35183,-102.670289
2/21/2024,12:24:27,-13.35183,-102.660289
2/21/2024,12:24:27,-13.35183,-102.660289
2/21/2024,12:24:27,-13.36183,-102.650289
2/21/2024,12:24:27,-13.35183,-102.650289
2/21/2024,12:24:28,-13.36183,-102.650289
2/21/2024,12:24:28,-13.36183,-102.650289
2/21/2024,12:24:28,-13.36183,-102.650289
2/21/2024,12:24:28,-13.36183,-102.640289
2/21/2024,12:24:28,-13.36183,-102.640289
2/21/2024,12:24:29,-13.36183,-102.640289
2/21/2024,12:24:29,-13.36183,-102.640289
2/21/2024,12:24:29,-13.36183,-102.640289
2/21/2024,12:24:29,-13.36183,-102.640289
2/21/2024,12:24:29,-13.36183,-102.640289
2/21/2024,12:24:30,-13.37183,-102.640289
2/21/2024,12:24:30,-13.37183,-102.640289
2/21/2024,12:24:30,-13.36183,-102.640289
2/21/2024,12:24:30,-13.36183,-102.630289
2/21/2024,12:24:30,-13.36183,-102.620289
2/21/2024,12:24:31,-13.36183,-102.620289
2/21/2024,12:24:31,-13.36183,-102.620289
2/21/2024,12:24:31,-13.36183,-102.620289
2/21/2024,12:24:31,-13.36183,-102.620289
2/21/2024,12:24:31,-13.37183,-102.630289
2/21/2024,12:24:32,-13.37183,-102.640289
2/21/2024,12:24:32,-13.37183,-102.640289
2/21/2024,12:24:32,-13.37183,-102.640289
2/21/2024,12:24:32,-13.37183,-102.640289
2/21/2024,12:24:32,-13.37183,-102.630289
2/21/2024,12:24:33,-13.37183,-102.620289
2/21/2024,12:24:33,-13.36183,-102.620289
2/21/2024,12:24:33,-13.36183,-102.620289
2/21/2024,12:24:33,-13.36183,-102.620289
2/21/2024,12:24:33,-13.36183,-102.620289
2/21/2024,12:24:34,-13.36183,-102.630289
2/21/2024,12:24:34,-13.36183,-102.630289
2/21/2024,12:24:34,-13.36183,-102.630289
2/21/2024,12:24:34,-13.36183,-102.640289
2/21/2024,12:24:34,-13.36183,-102.640289
2/21/2024,12:24:35,-13.36183,-102.640289
2/21/2024,12:24:35,-13.36183,-102.640289
2/21/2024,12:24:35,-13.35183,-102.640289
2/21/2024,12:24:35,-13.34183,-102.630289
2/21/2024,12:24:35,-13.34183,-102.630289
2/21/2024,12:24:36,-13.34183,-102.620289
2/21/2024,12:24:36,-13.34183,-102.620289
2/21/2024,12:24:36,-13.34183,-102.620289
2/21/2024,12:24:36,-13.35183,-102.630289
2/21/2024,12:24:36,-13.35183,-102.640289
2/21/2024,12:24:37,-13.35183,-102.640289
2/21/2024,12:24:37,-13.35183,-102.640289
2/21/2024,12:24:37,-13.34183,-102.630289
2/21/2024,12:24:37,-13.34183,-102.630289
2/21/2024,12:24:37,-13.34183,-102.620289
2/21/2024,12:24:38,-13.34183,-102.620289
2/21/2024,12:24:38,-13.34183,-102.620289
2/21/2024,12:24:38,-13.34183,-102.620289
2/21/2024,12:24:38,-13.34183,-102.620289
2/21/2024,12:24:38,-13.34183,-102.620289
2/21/2024,12:24:39,-13.34183,-102.630289
2/21/2024,12:24:39,-13.34183,-102.630289
2/21/2024,12:24:39,-13.34183,-102.630289
2/21/2024,12:24:39,-13.34183,-102.630289
2/21/2024,12:24:39,-13.34183,-102.630289
2/21/2024,12:24:40,-13.34183,-102.630289
2/21/2024,12:24:40,-13.34183,-102.630289
2/21/2024,12:24:40,-13.34183,-102.630289
2/21/2024,12:24:40,-13.34183,-102.630289
2/21/2024,12:24:40,-13.34183,-102.640289
2/21/2024,12:24:41,-13.34183,-102.640289
2/21/2024,12:24:41,-13.35183,-102.640289
2/21/2024,12:24:41,-13.34183,-102.630289
2/21/2024,12:24:41,-13.34183,-102.630289
2/21/2024,12:24:41,-13.34183,-102.630289
2/21/2024,12:24:42,-13.35183,-102.620289
2/21/2024,12:24:42,-13.35183,-102.620289
2/21/2024,12:24:42,-13.35183,-102.630289
2/21/2024,12:24:42,-13.36183,-102.630289
2/21/2024,12:24:42,-13.36183,-102.640289
2/21/2024,12:24:43,-13.36183,-102.650289
2/21/2024,12:24:43,-13.36183,-102.650289
2/21/2024,12:24:43,-13.35183,-102.640289
2/21/2024,12:24:43,-13.35183,-102.640289
2/21/2024,12:24:43,-13.35183,-102.640289
2/21/2024,12:24:44,-13.35183,-102.640289
2/21/2024,12:24:44,-13.35183,-102.650289
2/21/2024,12:24:44,-13.35183,-102.650289
2/21/2024,12:24:44,-13.35183,-102.650289
2/21/2024,12:24:44,-13.35183,-102.650289
2/21/2024,12:24:45,-13.35183,-102.650289
2/21/2024,12:24:45,-13.34183,-102.650289
2/21/2024,12:24:45,-13.34183,-102.650289
2/21/2024,12:24:45,-13.34183,-102.660289
2/21/2024,12:24:45,-13.34183,-102.670289
2/21/2024,12:24:46,-13.34183,-102.670289
2/21/2024,12:24:46,-13.34183,-102.670289
2/21/2024,12:24:46,-13.33183,-102.670289
2/21/2024,12:24:46,-13.33183,-102.670289
2/21/2024,12:24:46,-13.33183,-102.660289
2/21/2024,12:24:47,-13.33183,-102.660289
2/21/2024,12:24:47,-13.33183,-102.660289
2/21/2024,12:24:47,-13.33183,-102.670289
2/21/2024,12:24:47,-13.34183,-102.670289
2/21/2024,12:24:47,-13.34183,-102.670289
2/21/2024,12:24:48,-13.34183,-102.670289
2/21/2024,12:24:48,-13.34183,-102.670289
2/21/2024,12:24:48,-13.34183,-102.660289
2/21/2024,12:24:48,-13.34183,-102.650289
2/21/2024,12:24:48,-13.34183,-102.650289
2/21/2024,12:24:49,-13.34183,-102.650289
2/21/2024,12:24:49,-13.35183,-102.660289
2/21/2024,12:24:49,-13.35183,-102.670289
2/21/2024,12:24:49,-13.35183,-102.670289
2/21/2024,12:24:49,-13.35183,-102.660289
2/21/2024,12:24:50,-13.35183,-102.660289
2/21/2024,12:24:50,-13.35183,-102.650289
2/21/2024,12:24:50,-13.35183,-102.640289
2/21/2024,12:24:50,-13.35183,-102.640289
2/21/2024,12:24:50,-13.35183,-102.650289
2/21/2024,12:24:51,-13.35183,-102.650289
2/21/2024,12:24:51,-13.35183,-102.660289
2/21/2024,12:24:51,-13.36183,-102.660289
2/21/2024,12:24:51,-13.36183,-102.670289
2/21/2024,12:24:51,-13.36183,-102.660289
2/21/2024,12:24:52,-13.36183,-102.650289
2/21/2024,12:24:52,-13.36183,-102.650289
2/21/2024,12:24:52,-13.35183,-102.640289
2/21/2024,12:24:52,-13.35183,-102.640289
2/21/2024,12:24:52,-13.34183,-102.640289
2/21/2024,12:24:53,-13.34183,-102.630289
2/21/2024,12:24:53,-13.35183,-102.630289
2/21/2024,12:24:53,-13.35183,-102.640289
2/21/2024,12:24:53,-13.36183,-102.650289
2/21/2024,12:24:53,-13.36183,-102.660289
2/21/2024,12:24:54,-13.36183,-102.660289
2/21/2024,12:24:54,-13.36183,-102.660289
2/21/2024,12:24:54,-13.36183,-102.660289
2/21/2024,12:24:54,-13.36183,-102.650289
2/21/2024,12:24:54,-13.35183,-102.640289
2/21/2024,12:24:55,-13.35183,-102.640289
2/21/2024,12:24:55,-13.35183,-102.640289
2/21/2024,12:24:55,-13.35183,-102.640289
2/21/2024,12:24:55,-13.35183,-102.640289
2/21/2024,12:24:55,-13.35183,-102.660289
2/21/2024,12:24:56,-13.35183,-102.670289
2/21/2024,12:24:56,-13.36183,-102.680289
2/21/2024,12:24:56,-13.35183,-102.680289
2/21/2024,12:24:56,-13.35183,-102.670289
2/21/2024,12:24:56,-13.35183,-102.660289
2/21/2024,12:24:57,-13.34183,-102.660289
2/21/2024,12:24:57,-13.34183,-102.660289
2/21/2024,12:24:57,-13.33183,-102.650289
2/21/2024,12:24:57,-13.33183,-102.650289
2/21/2024,12:24:57,-13.33183,-102.650289
2/21/2024,12:24:58,-13.33183,-102.650289
2/21/2024,12:24:58,-13.34183,-102.660289
2/21/2024,12:24:58,-13.34183,-102.670289
2/21/2024,12:24:58,-13.35183,-102.670289
2/21/2024,12:24:58,-13.35183,-102.670289
2/21/2024,12:24:59,-13.35183,-102.670289
2/21/2024,12:24:59,-13.35183,-102.650289
2/21/2024,12:24:59,-13.34183,-102.640289
2/21/2024,12:24:59,-13.34183,-102.640289
2/21/2024,12:24:59,-13.34183,-102.640289
2/21/2024,12:25:00,-13.34183,-102.640289
2/21/2024,12:25:00,-13.35183,-102.650289
2/21/2024,12:25:00,-13.35183,-102.660289
2/21/2024,12:25:00,-13.35183,-102.670289
2/21/2024,12:25:00,-13.36183,-102.680289
2/21/2024,12:25:01,-13.35183,-102.670289
2/21/2024,12:25:01,-13.35183,-102.670289
2/21/2024,12:25:01,-13.35183,-102.660289
2/21/2024,12:25:01,-13.35183,-102.650289
2/21/2024,12:25:01,-13.35183,-102.640289
2/21/2024,12:25:02,-13.34183,-102.640289
2/21/2024,12:25:02,-13.34183,-102.640289
2/21/2024,12:25:02,-13.34183,-102.650289
2/21/2024,12:25:02,-13.35183,-102.650289
2/21/2024,12:25:02,-13.35183,-102.660289
2/21/2024,12:25:03,-13.36183,-102.670289
2/21/2024,12:25:03,-13.36183,-102.670289
2/21/2024,12:25:03,-13.36183,-102.660289
2/21/2024,12:25:03,-13.36183,-102.640289
2/21/2024,12:25:03,-13.35183,-102.630289
2/21/2024,12:25:04,-13.35183,-102.630289
2/21/2024,12:25:04,-13.35183,-102.630289
2/21/2024,12:25:04,-13.35183,-102.630289
2/21/2024,12:25:04,-13.35183,-102.640289
2/21/2024,12:25:04,-13.36183,-102.650289
2/21/2024,12:25:05,-13.36183,-102.660289
2/21/2024,12:25:05,-13.36183,-102.670289
2/21/2024,12:25:05,-13.36183,-102.670289
2/21/2024,12:25:05,-13.35183,-102.660289
2/21/2024,12:25:05,-13.35183,-102.650289
2/21/2024,12:25:06,-13.34183,-102.640289
2/21/2024,12:25:06,-13.34183,-102.630289
2/21/2024,12:25:06,-13.34183,-102.630289
2/21/2024,12:25:06,-13.34183,-102.640289
2/21/2024,12:25:06,-13.34183,-102.650289
2/21/2024,12:25:07,-13.35183,-102.660289
2/21/2024,12:25:07,-13.35183,-102.680289
2/21/2024,12:25:07,-13.35183,-102.690289
2/21/2024,12:25:07,-13.35183,-102.680289
2/21/2024,12:25:07,-13.34183,-102.670289
2/21/2024,12:25:08,-13.33183,-102.660289
2/21/2024,12:25:08,-13.33183,-102.650289
2/21/2024,12:25:08,-13.33183,-102.650289
2/21/2024,12:25:08,-13.33183,-102.650289
2/21/2024,12:25:08,-13.33183,-102.660289
2/21/2024,12:25:09,-13.33183,-102.670289
2/21/2024,12:25:09,-13.33183,-102.680289
2/21/2024,12:25:09,-13.34183,-102.690289
2/21/2024,12:25:09,-13.34183,-102.690289
2/21/2024,12:25:09,-13.33183,-102.690289
2/21/2024,12:25:10,-13.32183,-102.670289
2/21/2024,12:25:10,-13.32183,-102.670289
2/21/2024,12:25:10,-13.32183,-102.670289
2/21/2024,12:25:10,-13.32183,-102.670289
2/21/2024,12:25:10,-13.32183,-102.670289
2/21/2024,12:25:11,-13.32183,-102.670289
2/21/2024,12:25:11,-13.32183,-102.680289
2/21/2024,12:25:11,-13.32183,-102.680289
2/21/2024,12:25:11,-13.32183,-102.690289
2/21/2024,12:25:11,-13.32183,-102.690289
2/21/2024,12:25:12,-13.32183,-102.680289
2/21/2024,12:25:12,-13.32183,-102.680289
2/21/2024,12:25:12,-13.32183,-102.670289
2/21/2024,12:25:12,-13.33183,-102.670289
2/21/2024,12:25:12,-13.33183,-102.670289
2/21/2024,12:25:13,-13.33183,-102.670289
2/21/2024,12:25:13,-13.33183,-102.680289
2/21/2024,12:25:13,-13.33183,-102.680289
2/21/2024,12:25:13,-13.34183,-102.690289
2/21/2024,12:25:13,-13.33183,-102.680289
2/21/2024,12:25:14,-13.33183,-102.680289
2/21/2024,12:25:14,-13.33183,-102.670289
2/21/2024,12:25:14,-13.33183,-102.670289
2/21/2024,12:25:14,-13.33183,-102.670289
2/21/2024,12:25:14,-13.34183,-102.670289
2/21/2024,12:25:15,-13.34183,-102.680289
2/21/2024,12:25:15,-13.33183,-102.680289
2/21/2024,12:25:15,-13.34183,-102.680289
2/21/2024,12:25:15,-13.34183,-102.680289
2/21/2024,12:25:15,-13.34183,-102.670289
2/21/2024,12:25:16,-13.34183,-102.670289
2/21/2024,12:25:16,-13.34183,-102.660289
2/21/2024,12:25:16,-13.34183,-102.660289
2/21/2024,12:25:16,-13.34183,-102.660289
2/21/2024,12:25:16,-13.34183,-102.660289
2/21/2024,12:25:17,-13.34183,-102.670289
2/21/2024,12:25:17,-13.35183,-102.670289
2/21/2024,12:25:17,-13.34183,-102.680289
2/21/2024,12:25:17,-13.35183,-102.680289
2/21/2024,12:25:17,-13.35183,-102.670289
2/21/2024,12:25:18,-13.34183,-102.670289
2/21/2024,12:25:18,-13.34183,-102.670289
2/21/2024,12:25:18,-13.34183,-102.660289
2/21/2024,12:25:18,-13.34183,-102.660289
2/21/2024,12:25:18,-13.34183,-102.670289
2/21/2024,12:25:19,-13.34183,-102.670289
2/21/2024,12:25:19,-13.34183,-102.680289
2/21/2024,12:25:19,-13.34183,-102.680289
2/21/2024,12:25:19,-13.34183,-102.680289
2/21/2024,12:25:19,-13.34183,-102.670289
2/21/2024,12:25:20,-13.33183,-102.670289
2/21/2024,12:25:20,-13.33183,-102.670289
2/21/2024,12:25:20,-13.34183,-102.670289
2/21/2024,12:25:20,-13.34183,-102.670289
2/21/2024,12:25:20,-13.34183,-102.670289
2/21/2024,12:25:21,-13.33183,-102.670289
2/21/2024,12:25:21,-13.33183,-102.670289
2/21/2024,12:25:21,-13.33183,-102.670289
2/21/2024,12:25:21,-13.33183,-102.670289
2/21/2024,12:25:21,-13.32183,-102.670289
2/21/2024,12:25:22,-13.33183,-102.660289
2/21/2024,12:25:22,-13.32183,-102.660289
2/21/2024,12:25:22,-13.32183,-102.660289
2/21/2024,12:25:22,-13.32183,-102.650289
2/21/2024,12:25:22,-13.32183,-102.650289
2/21/2024,12:25:23,-13.32183,-102.650289
2/21/2024,12:25:23,-13.33183,-102.660289
2/21/2024,12:25:23,-13.33183,-102.660289
2/21/2024,12:25:23,-13.34183,-102.670289
2/21/2024,12:25:23,-13.34183,-102.670289
2/21/2024,12:25:24,-13.34183,-102.660289
2/21/2024,12:25:24,-13.34183,-102.650289
2/21/2024,12:25:24,-13.34183,-102.650289
2/21/2024,12:25:24,-13.34183,-102.650289
2/21/2024,12:25:24,-13.34183,-102.650289
2/21/2024,12:25:25,-13.35183,-102.650289
2/21/2024,12:25:25,-13.35183,-102.660289
2/21/2024,12:25:25,-13.36183,-102.660289
2/21/2024,12:25:25,-13.36183,-102.670289
2/21/2024,12:25:25,-13.36183,-102.670289
2/21/2024,12:25:26,-13.36183,-102.660289
2/21/2024,12:25:26,-13.35183,-102.650289
2/21/2024,12:25:26,-13.34183,-102.650289
2/21/2024,12:25:26,-13.35183,-102.640289
2/21/2024,12:25:26,-13.35183,-102.650289
2/21/2024,12:25:27,-13.35183,-102.650289
2/21/2024,12:25:27,-13.35183,-102.650289
2/21/2024,12:25:27,-13.35183,-102.660289
2/21/2024,12:25:27,-13.35183,-102.660289
2/21/2024,12:25:27,-13.35183,-102.660289
2/21/2024,12:25:28,-13.35183,-102.650289
2/21/2024,12:25:28,-13.35183,-102.650289
2/21/2024,12:25:28,-13.34183,-102.640289
2/21/2024,12:25:28,-13.34183,-102.640289
2/21/2024,12:25:28,-13.34183,-102.640289
2/21/2024,12:25:29,-13.34183,-102.650289
2/21/2024,12:25:29,-13.34183,-102.650289
2/21/2024,12:25:29,-13.34183,-102.650289
2/21/2024,12:25:29,-13.34183,-102.660289
2/21/2024,12:25:29,-13.34183,-102.660289
2/21/2024,12:25:30,-13.34183,-102.650289
2/21/2024,12:25:30,-13.34183,-102.650289
2/21/2024,12:25:30,-13.34183,-102.650289
2/21/2024,12:25:30,-13.34183,-102.640289
2/21/2024,12:25:30,-13.34183,-102.640289
2/21/2024,12:25:31,-13.35183,-102.650289
2/21/2024,12:25:31,-13.35183,-102.650289
2/21/2024,12:25:31,-13.35183,-102.660289
2/21/2024,12:25:31,-13.35183,-102.660289
2/21/2024,12:25:31,-13.35183,-102.670289
2/21/2024,12:25:32,-13.35183,-102.660289
2/21/2024,12:25:32,-13.35183,-102.660289
2/21/2024,12:25:32,-13.35183,-102.660289
2/21/2024,12:25:32,-13.35183,-102.660289
2/21/2024,12:25:32,-13.35183,-102.660289
2/21/2024,12:25:33,-13.35183,-102.660289
2/21/2024,12:25:33,-13.34183,-102.660289
2/21/2024,12:25:33,-13.34183,-102.660289
2/21/2024,12:25:33,-13.34183,-102.660289
2/21/2024,12:25:33,-13.34183,-102.660289
2/21/2024,12:25:34,-13.34183,-102.660289
2/21/2024,12:25:34,-13.33183,-102.660289
2/21/2024,12:25:34,-13.33183,-102.660289
2/21/2024,12:25:34,-13.33183,-102.660289
2/21/2024,12:25:34,-13.33183,-102.660289
2/21/2024,12:25:35,-13.34183,-102.660289
2/21/2024,12:25:35,-13.34183,-102.650289
2/21/2024,12:25:35,-13.35183,-102.650289
2/21/2024,12:25:35,-13.35183,-102.640289
2/21/2024,12:25:35,-13.35183,-102.630289
2/21/2024,12:25:36,-13.35183,-102.630289
2/21/2024,12:25:36,-13.36183,-102.630289
2/21/2024,12:25:36,-13.36183,-102.640289
2/21/2024,12:25:36,-13.37183,-102.650289
2/21/2024,12:25:36,-13.37183,-102.650289
2/21/2024,12:25:37,-13.37183,-102.650289
2/21/2024,12:25:37,-13.37183,-102.640289
2/21/2024,12:25:37,-13.37183,-102.640289
2/21/2024,12:25:37,-13.37183,-102.630289
2/21/2024,12:25:37,-13.37183,-102.630289
2/21/2024,12:25:38,-13.37183,-102.630289
2/21/2024,12:25:38,-13.37183,-102.630289
2/21/2024,12:25:38,-13.37183,-102.630289
2/21/2024,12:25:38,-13.37183,-102.630289
2/21/2024,12:25:38,-13.37183,-102.630289
2/21/2024,12:25:39,-13.37183,-102.630289
2/21/2024,12:25:39,-13.38183,-102.640289
2/21/2024,12:25:39,-13.37183,-102.640289
2/21/2024,12:25:39,-13.37183,-102.640289
2/21/2024,12:25:39,-13.37183,-102.640289
2/21/2024,12:25:40,-13.37183,-102.640289
2/21/2024,12:25:40,-13.37183,-102.630289
2/21/2024,12:25:40,-13.37183,-102.630289
2/21/2024,12:25:40,-13.37183,-102.630289
2/21/2024,12:25:40,-13.37183,-102.630289
2/21/2024,12:25:41,-13.37183,-102.630289
2/21/2024,12:25:41,-13.37183,-102.640289
2/21/2024,12:25:41,-13.37183,-102.640289
2/21/2024,12:25:41,-13.37183,-102.650289
2/21/2024,12:25:41,-13.37183,-102.650289
2/21/2024,12:25:42,-13.37183,-102.650289
2/21/2024,12:25:42,-13.38183,-102.660289
2/21/2024,12:25:42,-13.37183,-102.660289
2/21/2024,12:25:42,-13.37183,-102.660289
2/21/2024,12:25:42,-13.37183,-102.650289
2/21/2024,12:25:43,-13.37183,-102.650289
2/21/2024,12:25:43,-13.37183,-102.640289
2/21/2024,12:25:43,-13.36183,-102.640289
2/21/2024,12:25:43,-13.36183,-102.640289
2/21/2024,12:25:43,-13.35183,-102.650289
2/21/2024,12:25:44,-13.35183,-102.650289
2/21/2024,12:25:44,-13.35183,-102.650289
2/21/2024,12:25:44,-13.35183,-102.650289
2/21/2024,12:25:44,-13.35183,-102.650289
2/21/2024,12:25:44,-13.35183,-102.640289
2/21/2024,12:25:45,-13.35183,-102.630289
2/21/2024,12:25:45,-13.35183,-102.620289
2/21/2024,12:25:45,-13.36183,-102.630289
2/21/2024,12:25:45,-13.36183,-102.630289
2/21/2024,12:25:45,-13.36183,-102.630289
2/21/2024,12:25:46,-13.37183,-102.640289
2/21/2024,12:25:46,-13.37183,-102.640289
2/21/2024,12:25:46,-13.37183,-102.650289
2/21/2024,12:25:46,-13.38183,-102.650289
2/21/2024,12:25:46,-13.38183,-102.640289
2/21/2024,12:25:47,-13.38183,-102.640289
2/21/2024,12:25:47,-13.38183,-102.630289
2/21/2024,12:25:47,-13.38183,-102.630289
2/21/2024,12:25:47,-13.38183,-102.630289
2/21/2024,12:25:47,-13.37183,-102.630289
2/21/2024,12:25:48,-13.37183,-102.630289
2/21/2024,12:25:48,-13.37183,-102.630289
2/21/2024,12:25:48,-13.37183,-102.630289
2/21/2024,12:25:48,-13.37183,-102.630289
2/21/2024,12:25:48,-13.37183,-102.630289
2/21/2024,12:25:49,-13.37183,-102.640289
2/21/2024,12:25:49,-13.36183,-102.640289
2/21/2024,12:25:49,-13.36183,-102.630289
2/21/2024,12:25:49,-13.36183,-102.630289
2/21/2024,12:25:49,-13.35183,-102.630289
2/21/2024,12:25:50,-13.35183,-102.620289
2/21/2024,12:25:50,-13.35183,-102.620289
2/21/2024,12:25:50,-13.36183,-102.630289
2/21/2024,12:25:50,-13.36183,-102.630289
2/21/2024,12:25:50,-13.36183,-102.630289
2/21/2024,12:25:51,-13.36183,-102.640289
2/21/2024,12:25:51,-13.36183,-102.640289
2/21/2024,12:25:51,-13.36183,-102.630289
2/21/2024,12:25:51,-13.36183,-102.630289
2/21/2024,12:25:51,-13.36183,-102.620289
2/21/2024,12:25:52,-13.36183,-102.620289
2/21/2024,12:25:52,-13.35183,-102.610289
2/21/2024,12:25:52,-13.35183,-102.610289
2/21/2024,12:25:52,-13.35183,-102.610289
2/21/2024,12:25:52,-13.35183,-102.620289
2/21/2024,12:25:53,-13.35183,-102.630289
2/21/2024,12:25:53,-13.35183,-102.640289
2/21/2024,12:25:53,-13.35183,-102.640289
2/21/2024,12:25:53,-13.35183,-102.650289
2/21/2024,12:25:53,-13.34183,-102.650289
2/21/2024,12:25:54,-13.34183,-102.650289
2/21/2024,12:25:54,-13.34183,-102.660289
2/21/2024,12:25:54,-13.34183,-102.660289
2/21/2024,12:25:54,-13.35183,-102.660289
2/21/2024,12:25:54,-13.35183,-102.670289
2/21/2024,12:25:55,-13.35183,-102.670289
2/21/2024,12:25:55,-13.35183,-102.670289
2/21/2024,12:25:55,-13.35183,-102.680289
2/21/2024,12:25:55,-13.35183,-102.680289
2/21/2024,12:25:55,-13.35183,-102.670289
2/21/2024,12:25:56,-13.34183,-102.670289
2/21/2024,12:25:56,-13.34183,-102.670289
2/21/2024,12:25:56,-13.34183,-102.660289
2/21/2024,12:25:56,-13.34183,-102.660289
2/21/2024,12:25:56,-13.33183,-102.660289
2/21/2024,12:25:57,-13.34183,-102.670289
2/21/2024,12:25:57,-13.34183,-102.670289
2/21/2024,12:25:57,-13.34183,-102.680289
2/21/2024,12:25:57,-13.35183,-102.680289
2/21/2024,12:25:57,-13.35183,-102.680289
2/21/2024,12:25:58,-13.35183,-102.670289
2/21/2024,12:25:58,-13.35183,-102.660289
2/21/2024,12:25:58,-13.35183,-102.650289
2/21/2024,12:25:58,-13.36183,-102.640289
2/21/2024,12:25:58,-13.36183,-102.640289
2/21/2024,12:25:59,-13.36183,-102.630289
2/21/2024,12:25:59,-13.37183,-102.640289
2/21/2024,12:25:59,-13.37183,-102.650289
2/21/2024,12:25:59,-13.37183,-102.670289
2/21/2024,12:25:59,-13.37183,-102.680289
2/21/2024,12:26:00,-13.37183,-102.670289
2/21/2024,12:26:00,-13.37183,-102.660289
2/21/2024,12:26:00,-13.37183,-102.660289
2/21/2024,12:26:00,-13.36183,-102.650289
2/21/2024,12:26:00,-13.36183,-102.660289
2/21/2024,12:26:01,-13.36183,-102.660289
2/21/2024,12:26:01,-13.37183,-102.660289
2/21/2024,12:26:01,-13.37183,-102.660289
2/21/2024,12:26:01,-13.37183,-102.670289
2/21/2024,12:26:01,-13.37183,-102.670289
2/21/2024,12:26:02,-13.37183,-102.670289
2/21/2024,12:26:02,-13.37183,-102.670289
2/21/2024,12:26:02,-13.37183,-102.670289
2/21/2024,12:26:02,-13.37183,-102.670289
2/21/2024,12:26:02,-13.37183,-102.650289
2/21/2024,12:26:03,-13.36183,-102.650289
2/21/2024,12:26:03,-13.36183,-102.640289
2/21/2024,12:26:03,-13.36183,-102.640289
2/21/2024,12:26:03,-13.36183,-102.630289
2/21/2024,12:26:03,-13.36183,-102.630289
2/21/2024,12:26:04,-13.37183,-102.640289
2/21/2024,12:26:04,-13.37183,-102.650289
2/21/2024,12:26:04,-13.37183,-102.650289
2/21/2024,12:26:04,-13.37183,-102.650289
2/21/2024,12:26:04,-13.37183,-102.640289
2/21/2024,12:26:05,-13.37183,-102.640289
2/21/2024,12:26:05,-13.37183,-102.630289
2/21/2024,12:26:05,-13.38183,-102.630289
2/21/2024,12:26:05,-13.38183,-102.640289
2/21/2024,12:26:05,-13.38183,-102.640289
2/21/2024,12:26:06,-13.38183,-102.650289
2/21/2024,12:26:06,-13.37183,-102.650289
2/21/2024,12:26:06,-13.37183,-102.650289
2/21/2024,12:26:06,-13.36183,-102.650289
2/21/2024,12:26:06,-13.36183,-102.650289
2/21/2024,12:26:07,-13.36183,-102.650289
2/21/2024,12:26:07,-13.36183,-102.650289
2/21/2024,12:26:07,-13.37183,-102.670289
2/21/2024,12:26:07,-13.37183,-102.670289
2/21/2024,12:26:07,-13.37183,-102.670289
2/21/2024,12:26:08,-13.37183,-102.670289
2/21/2024,12:26:08,-13.37183,-102.670289
2/21/2024,12:26:08,-13.36183,-102.660289
2/21/2024,12:26:08,-13.37183,-102.660289
2/21/2024,12:26:08,-13.36183,-102.650289
2/21/2024,12:26:09,-13.36183,-102.650289
2/21/2024,12:26:09,-13.36183,-102.650289
2/21/2024,12:26:09,-13.35183,-102.650289
2/21/2024,12:26:09,-13.34183,-102.650289
2/21/2024,12:26:09,-13.34183,-102.650289
2/21/2024,12:26:10,-13.34183,-102.640289
2/21/2024,12:26:10,-13.34183,-102.640289
2/21/2024,12:26:10,-13.34183,-102.640289
2/21/2024,12:26:10,-13.35183,-102.640289
2/21/2024,12:26:10,-13.35183,-102.640289
2/21/2024,12:26:11,-13.35183,-102.640289
2/21/2024,12:26:11,-13.35183,-102.630289
2/21/2024,12:26:11,-13.35183,-102.630289
2/21/2024,12:26:11,-13.35183,-102.630289
2/21/2024,12:26:11,-13.35183,-102.640289
2/21/2024,12:26:12,-13.35183,-102.650289
2/21/2024,12:26:12,-13.34183,-102.650289
2/21/2024,12:26:12,-13.34183,-102.650289
2/21/2024,12:26:12,-13.34183,-102.650289
2/21/2024,12:26:12,-13.33183,-102.640289
2/21/2024,12:26:13,-13.33183,-102.650289
2/21/2024,12:26:13,-13.33183,-102.640289
2/21/2024,12:26:13,-13.34183,-102.640289
2/21/2024,12:26:13,-13.34183,-102.650289
2/21/2024,12:26:13,-13.34183,-102.660289
2/21/2024,12:26:14,-13.35183,-102.670289
2/21/2024,12:26:14,-13.35183,-102.680289
2/21/2024,12:26:14,-13.35183,-102.680289
2/21/2024,12:26:14,-13.35183,-102.670289
2/21/2024,12:26:14,-13.34183,-102.660289
2/21/2024,12:26:15,-13.34183,-102.660289
2/21/2024,12:26:15,-13.33183,-102.650289
2/21/2024,12:26:15,-13.33183,-102.650289
2/21/2024,12:26:15,-13.33183,-102.650289
2/21/2024,12:26:15,-13.34183,-102.650289
2/21/2024,12:26:16,-13.35183,-102.660289
2/21/2024,12:26:16,-13.36183,-102.660289
2/21/2024,12:26:16,-13.36183,-102.670289
2/21/2024,12:26:16,-13.37183,-102.670289
2/21/2024,12:26:16,-13.37183,-102.670289
2/21/2024,12:26:17,-13.37183,-102.670289
2/21/2024,12:26:17,-13.38183,-102.650289
2/21/2024,12:26:17,-13.37183,-102.650289
2/21/2024,12:26:17,-13.36183,-102.640289
2/21/2024,12:26:17,-13.36183,-102.640289
2/21/2024,12:26:18,-13.35183,-102.640289
2/21/2024,12:26:18,-13.35183,-102.640289
2/21/2024,12:26:18,-13.36183,-102.640289
2/21/2024,12:26:18,-13.36183,-102.650289
2/21/2024,12:26:18,-13.37183,-102.660289
2/21/2024,12:26:19,-13.37183,-102.660289
2/21/2024,12:26:19,-13.37183,-102.670289
2/21/2024,12:26:19,-13.37183,-102.660289
2/21/2024,12:26:19,-13.37183,-102.650289
2/21/2024,12:26:19,-13.37183,-102.640289
2/21/2024,12:26:20,-13.37183,-102.640289
2/21/2024,12:26:20,-13.36183,-102.630289
2/21/2024,12:26:20,-13.35183,-102.620289
2/21/2024,12:26:20,-13.36183,-102.620289
2/21/2024,12:26:20,-13.36183,-102.620289
2/21/2024,12:26:21,-13.37183,-102.630289
2/21/2024,12:26:21,-13.39183,-102.640289
2/21/2024,12:26:21,-13.39183,-102.650289
2/21/2024,12:26:21,-13.39183,-102.650289
2/21/2024,12:26:21,-13.40183,-102.650289
2/21/2024,12:26:22,-13.40183,-102.640289
2/21/2024,12:26:22,-13.40183,-102.620289
2/21/2024,12:26:22,-13.39183,-102.610289
2/21/2024,12:26:22,-13.38183,-102.600289
2/21/2024,12:26:22,-13.37183,-102.590289
2/21/2024,12:26:23,-13.36183,-102.590289
2/21/2024,12:26:23,-13.36183,-102.590289
2/21/2024,12:26:23,-13.37183,-102.600289
2/21/2024,12:26:23,-13.38183,-102.620289
2/21/2024,12:26:23,-13.39183,-102.640289
2/21/2024,12:26:24,-13.39183,-102.650289
2/21/2024,12:26:24,-13.39183,-102.640289
2/21/2024,12:26:24,-13.39183,-102.620289
2/21/2024,12:26:24,-13.38183,-102.610289
2/21/2024,12:26:24,-13.37183,-102.590289
2/21/2024,12:26:25,-13.36183,-102.590289
2/21/2024,12:26:25,-13.36183,-102.580289
2/21/2024,12:26:25,-13.35183,-102.590289
2/21/2024,12:26:25,-13.36183,-102.610289
2/21/2024,12:26:25,-13.37183,-102.630289
2/21/2024,12:26:26,-13.38183,-102.650289
2/21/2024,12:26:26,-13.38183,-102.660289
2/21/2024,12:26:26,-13.38183,-102.650289
2/21/2024,12:26:26,-13.37183,-102.630289
2/21/2024,12:26:26,-13.37183,-102.610289
2/21/2024,12:26:27,-13.35183,-102.600289
2/21/2024,12:26:27,-13.34183,-102.590289
2/21/2024,12:26:27,-13.34183,-102.590289
2/21/2024,12:26:27,-13.34183,-102.600289
2/21/2024,12:26:27,-13.34183,-102.620289
2/21/2024,12:26:28,-13.34183,-102.650289
2/21/2024,12:26:28,-13.35183,-102.670289
2/21/2024,12:26:28,-13.34183,-102.680289
2/21/2024,12:26:28,-13.34183,-102.670289
2/21/2024,12:26:28,-13.34183,-102.650289
2/21/2024,12:26:29,-13.33183,-102.630289
2/21/2024,12:26:29,-13.32183,-102.610289
2/21/2024,12:26:29,-13.32183,-102.600289
2/21/2024,12:26:29,-13.32183,-102.600289
2/21/2024,12:26:29,-13.32183,-102.610289
2/21/2024,12:26:30,-13.33183,-102.630289
2/21/2024,12:26:30,-13.33183,-102.650289
2/21/2024,12:26:30,-13.34183,-102.660289
2/21/2024,12:26:30,-13.34183,-102.660289
2/21/2024,12:26:30,-13.35183,-102.650289
2/21/2024,12:26:31,-13.35183,-102.630289
2/21/2024,12:26:31,-13.34183,-102.620289
2/21/2024,12:26:31,-13.33183,-102.610289
2/21/2024,12:26:31,-13.33183,-102.600289
2/21/2024,12:26:31,-13.33183,-102.610289
2/21/2024,12:26:32,-13.34183,-102.620289
2/21/2024,12:26:32,-13.35183,-102.640289
2/21/2024,12:26:32,-13.36183,-102.650289
2/21/2024,12:26:32,-13.35183,-102.650289
2/21/2024,12:26:32,-13.35183,-102.650289
2/21/2024,12:26:33,-13.35183,-102.630289
2/21/2024,12:26:33,-13.35183,-102.610289
2/21/2024,12:26:33,-13.34183,-102.610289
2/21/2024,12:26:33,-13.34183,-102.610289
2/21/2024,12:26:33,-13.35183,-102.620289
2/21/2024,12:26:34,-13.35183,-102.640289
2/21/2024,12:26:34,-13.36183,-102.650289
2/21/2024,12:26:34,-13.36183,-102.660289
2/21/2024,12:26:34,-13.36183,-102.650289
2/21/2024,12:26:34,-13.36183,-102.640289
2/21/2024,12:26:35,-13.36183,-102.630289
2/21/2024,12:26:35,-13.35183,-102.620289
2/21/2024,12:26:35,-13.34183,-102.620289
2/21/2024,12:26:35,-13.35183,-102.620289
2/21/2024,12:26:35,-13.35183,-102.640289
2/21/2024,12:26:36,-13.35183,-102.650289
2/21/2024,12:26:36,-13.36183,-102.660289
2/21/2024,12:26:36,-13.35183,-102.660289
2/21/2024,12:26:36,-13.35183,-102.650289
2/21/2024,12:26:36,-13.35183,-102.650289
2/21/2024,12:26:37,-13.34183,-102.650289
2/21/2024,12:26:37,-13.34183,-102.650289
2/21/2024,12:26:37,-13.34183,-102.650289
2/21/2024,12:26:37,-13.34183,-102.670289
2/21/2024,12:26:37,-13.34183,-102.680289
2/21/2024,12:26:38,-13.35183,-102.690289
2/21/2024,12:26:38,-13.34183,-102.680289
2/21/2024,12:26:38,-13.33183,-102.660289
2/21/2024,12:26:38,-13.34183,-102.650289
2/21/2024,12:26:38,-13.34183,-102.650289
2/21/2024,12:26:39,-13.33183,-102.650289
2/21/2024,12:26:39,-13.34183,-102.670289
2/21/2024,12:26:39,-13.34183,-102.670289
2/21/2024,12:26:39,-13.34183,-102.680289
2/21/2024,12:26:39,-13.34183,-102.700289
2/21/2024,12:26:40,-13.34183,-102.690289
2/21/2024,12:26:40,-13.35183,-102.680289
2/21/2024,12:26:40,-13.35183,-102.660289
2/21/2024,12:26:40,-13.35183,-102.650289
2/21/2024,12:26:40,-13.34183,-102.650289
2/21/2024,12:26:41,-13.34183,-102.660289
2/21/2024,12:26:41,-13.35183,-102.670289
2/21/2024,12:26:41,-13.35183,-102.690289
2/21/2024,12:26:41,-13.36183,-102.700289
2/21/2024,12:26:41,-13.37183,-102.700289
2/21/2024,12:26:42,-13.36183,-102.700289
2/21/2024,12:26:42,-13.36183,-102.680289
2/21/2024,12:26:42,-13.36183,-102.670289
2/21/2024,12:26:42,-13.34183,-102.670289
2/21/2024,12:26:42,-13.35183,-102.670289
2/21/2024,12:26:43,-13.34183,-102.670289
2/21/2024,12:26:43,-13.35183,-102.690289
2/21/2024,12:26:43,-13.36183,-102.700289
2/21/2024,12:26:43,-13.36183,-102.710289
2/21/2024,12:26:43,-13.36183,-102.720289
2/21/2024,12:26:44,-13.36183,-102.710289
2/21/2024,12:26:44,-13.35183,-102.700289
2/21/2024,12:26:44,-13.35183,-102.700289
2/21/2024,12:26:44,-13.35183,-102.690289
2/21/2024,12:26:44,-13.34183,-102.690289
2/21/2024,12:26:45,-13.34183,-102.690289
2/21/2024,12:26:45,-13.35183,-102.680289
2/21/2024,12:26:45,-13.34183,-102.690289
2/21/2024,12:26:45,-13.35183,-102.690289
2/21/2024,12:26:45,-13.36183,-102.690289
2/21/2024,12:26:46,-13.36183,-102.710289
2/21/2024,12:26:46,-13.37183,-102.720289
2/21/2024,12:26:46,-13.36183,-102.710289
2/21/2024,12:26:46,-13.37183,-102.700289
2/21/2024,12:26:46,-13.36183,-102.680289
2/21/2024,12:26:47,-13.36183,-102.670289
2/21/2024,12:26:47,-13.35183,-102.660289
2/21/2024,12:26:47,-13.34183,-102.660289
2/21/2024,12:26:47,-13.34183,-102.670289
2/21/2024,12:26:47,-13.34183,-102.680289
2/21/2024,12:26:48,-13.34183,-102.690289
2/21/2024,12:26:48,-13.34183,-102.700289
2/21/2024,12:26:48,-13.33183,-102.700289
2/21/2024,12:26:48,-13.33183,-102.700289
2/21/2024,12:26:48,-13.32183,-102.690289
2/21/2024,12:26:49,-13.32183,-102.680289
2/21/2024,12:26:49,-13.32183,-102.690289
2/21/2024,12:26:49,-13.32183,-102.690289
2/21/2024,12:26:49,-13.32183,-102.700289
2/21/2024,12:26:49,-13.32183,-102.710289
2/21/2024,12:26:50,-13.32183,-102.710289
2/21/2024,12:26:50,-13.32183,-102.710289
2/21/2024,12:26:50,-13.32183,-102.710289
2/21/2024,12:26:50,-13.32183,-102.710289
2/21/2024,12:26:50,-13.33183,-102.720289
2/21/2024,12:26:51,-13.33183,-102.720289
2/21/2024,12:26:51,-13.32183,-102.720289
2/21/2024,12:26:51,-13.32183,-102.720289
2/21/2024,12:26:51,-13.32183,-102.710289
2/21/2024,12:26:51,-13.31183,-102.710289
2/21/2024,12:26:52,-13.31183,-102.700289
2/21/2024,12:26:52,-13.31183,-102.690289
2/21/2024,12:26:52,-13.31183,-102.700289
2/21/2024,12:26:52,-13.31183,-102.700289
2/21/2024,12:26:52,-13.31183,-102.710289
2/21/2024,12:26:53,-13.31183,-102.710289
2/21/2024,12:26:53,-13.32183,-102.700289
2/21/2024,12:26:53,-13.31183,-102.700289
2/21/2024,12:26:53,-13.31183,-102.690289
2/21/2024,12:26:53,-13.31183,-102.680289
2/21/2024,12:26:54,-13.32183,-102.680289
2/21/2024,12:26:54,-13.32183,-102.680289
2/21/2024,12:26:54,-13.32183,-102.690289
2/21/2024,12:26:54,-13.33183,-102.690289
2/21/2024,12:26:54,-13.33183,-102.690289
2/21/2024,12:26:55,-13.33183,-102.690289
2/21/2024,12:26:55,-13.32183,-102.680289
2/21/2024,12:26:55,-13.32183,-102.690289
2/21/2024,12:26:55,-13.34183,-102.700289
2/21/2024,12:26:55,-13.34183,-102.710289
2/21/2024,12:26:56,-13.34183,-102.710289
2/21/2024,12:26:56,-13.34183,-102.710289
2/21/2024,12:26:56,-13.33183,-102.700289
2/21/2024,12:26:56,-13.32183,-102.700289
2/21/2024,12:26:56,-13.32183,-102.690289
2/21/2024,12:26:57,-13.32183,-102.690289
2/21/2024,12:26:57,-13.32183,-102.690289
2/21/2024,12:26:57,-13.32183,-102.690289
2/21/2024,12:26:57,-13.32183,-102.700289
2/21/2024,12:26:57,-13.32183,-102.710289
2/21/2024,12:26:58,-13.32183,-102.710289
2/21/2024,12:26:58,-13.31183,-102.700289
2/21/2024,12:26:58,-13.31183,-102.700289
2/21/2024,12:26:58,-13.32183,-102.690289
2/21/2024,12:26:58,-13.32183,-102.690289
2/21/2024,12:26:59,-13.32183,-102.680289
2/21/2024,12:26:59,-13.32183,-102.680289
2/21/2024,12:26:59,-13.33183,-102.680289
2/21/2024,12:26:59,-13.33183,-102.690289
2/21/2024,12:26:59,-13.33183,-102.700289
2/21/2024,12:27:00,-13.34183,-102.710289
2/21/2024,12:27:00,-13.35183,-102.710289
2/21/2024,12:27:00,-13.35183,-102.720289
2/21/2024,12:27:00,-13.36183,-102.710289
2/21/2024,12:27:00,-13.36183,-102.710289
2/21/2024,12:27:01,-13.36183,-102.700289
2/21/2024,12:27:01,-13.36183,-102.700289
2/21/2024,12:27:01,-13.36183,-102.700289
2/21/2024,12:27:01,-13.36183,-102.700289
2/21/2024,12:27:01,-13.36183,-102.700289
2/21/2024,12:27:02,-13.37183,-102.700289
2/21/2024,12:27:02,-13.37183,-102.700289
2/21/2024,12:27:02,-13.36183,-102.690289
2/21/2024,12:27:02,-13.36183,-102.690289
2/21/2024,12:27:02,-13.36183,-102.680289
2/21/2024,12:27:03,-13.35183,-102.680289
2/21/2024,12:27:03,-13.35183,-102.680289
2/21/2024,12:27:03,-13.35183,-102.680289
2/21/2024,12:27:03,-13.35183,-102.680289
2/21/2024,12:27:03,-13.36183,-102.690289
2/21/2024,12:27:04,-13.35183,-102.680289
2/21/2024,12:27:04,-13.35183,-102.680289
2/21/2024,12:27:04,-13.35183,-102.670289
2/21/2024,12:27:04,-13.35183,-102.660289
2/21/2024,12:27:04,-13.35183,-102.660289
2/21/2024,12:27:05,-13.35183,-102.660289
2/21/2024,12:27:05,-13.35183,-102.660289
2/21/2024,12:27:05,-13.35183,-102.660289
2/21/2024,12:27:05,-13.35183,-102.660289
2/21/2024,12:27:05,-13.35183,-102.660289
2/21/2024,12:27:06,-13.35183,-102.660289
2/21/2024,12:27:06,-13.35183,-102.650289
2/21/2024,12:27:06,-13.34183,-102.630289
2/21/2024,12:27:06,-13.34183,-102.620289
2/21/2024,12:27:06,-13.34183,-102.620289
2/21/2024,12:27:07,-13.34183,-102.620289
2/21/2024,12:27:07,-13.34183,-102.630289
2/21/2024,12:27:07,-13.35183,-102.630289
2/21/2024,12:27:07,-13.35183,-102.640289
2/21/2024,12:27:07,-13.35183,-102.650289
2/21/2024,12:27:08,-13.35183,-102.650289
2/21/2024,12:27:08,-13.35183,-102.650289
2/21/2024,12:27:08,-13.35183,-102.650289
2/21/2024,12:27:08,-13.35183,-102.640289
2/21/2024,12:27:08,-13.35183,-102.640289
2/21/2024,12:27:09,-13.35183,-102.640289
2/21/2024,12:27:09,-13.35183,-102.640289
2/21/2024,12:27:09,-13.35183,-102.640289
2/21/2024,12:27:09,-13.35183,-102.640289
2/21/2024,12:27:09,-13.35183,-102.630289
2/21/2024,12:27:10,-13.35183,-102.630289
2/21/2024,12:27:10,-13.35183,-102.630289
2/21/2024,12:27:10,-13.34183,-102.630289
2/21/2024,12:27:10,-13.34183,-102.620289
2/21/2024,12:27:10,-13.34183,-102.620289
2/21/2024,12:27:11,-13.34183,-102.620289
2/21/2024,12:27:11,-13.34183,-102.620289
2/21/2024,12:27:11,-13.34183,-102.630289
2/21/2024,12:27:11,-13.34183,-102.630289
2/21/2024,12:27:11,-13.34183,-102.640289
2/21/2024,12:27:12,-13.35183,-102.630289
2/21/2024,12:27:12,-13.35183,-102.630289
2/21/2024,12:27:12,-13.35183,-102.620289
2/21/2024,12:27:12,-13.35183,-102.620289
2/21/2024,12:27:12,-13.35183,-102.610289
2/21/2024,12:27:13,-13.36183,-102.610289
2/21/2024,12:27:13,-13.36183,-102.610289
2/21/2024,12:27:13,-13.35183,-102.620289
2/21/2024,12:27:13,-13.36183,-102.620289
2/21/2024,12:27:13,-13.36183,-102.620289
2/21/2024,12:27:14,-13.35183,-102.610289
2/21/2024,12:27:14,-13.35183,-102.610289
2/21/2024,12:27:14,-13.35183,-102.610289
2/21/2024,12:27:14,-13.35183,-102.620289
2/21/2024,12:27:14,-13.35183,-102.620289
2/21/2024,12:27:15,-13.35183,-102.630289
2/21/2024,12:27:15,-13.36183,-102.630289
2/21/2024,12:27:15,-13.36183,-102.630289
2/21/2024,12:27:15,-13.36183,-102.630289
2/21/2024,12:27:15,-13.36183,-102.620289
2/21/2024,12:27:16,-13.37183,-102.620289
2/21/2024,12:27:16,-13.37183,-102.620289
2/21/2024,12:27:16,-13.37183,-102.630289
2/21/2024,12:27:16,-13.38183,-102.630289
2/21/2024,12:27:16,-13.39183,-102.640289
2/21/2024,12:27:17,-13.39183,-102.640289
2/21/2024,12:27:17,-13.39183,-102.640289
2/21/2024,12:27:17,-13.39183,-102.630289
2/21/2024,12:27:17,-13.39183,-102.620289
2/21/2024,12:27:17,-13.38183,-102.620289
2/21/2024,12:27:18,-13.38183,-102.620289
2/21/2024,12:27:18,-13.38183,-102.620289
2/21/2024,12:27:18,-13.37183,-102.620289
2/21/2024,12:27:18,-13.37183,-102.630289
2/21/2024,12:27:18,-13.36183,-102.630289
2/21/2024,12:27:19,-13.36183,-102.630289
2/21/2024,12:27:19,-13.37183,-102.640289
2/21/2024,12:27:19,-13.36183,-102.650289
2/21/2024,12:27:19,-13.36183,-102.640289
2/21/2024,12:27:19,-13.36183,-102.640289
2/21/2024,12:27:20,-13.36183,-102.630289
2/21/2024,12:27:20,-13.35183,-102.630289
2/21/2024,12:27:20,-13.35183,-102.630289
2/21/2024,12:27:20,-13.35183,-102.630289
2/21/2024,12:27:20,-13.35183,-102.630289
2/21/2024,12:27:21,-13.35183,-102.640289
2/21/2024,12:27:21,-13.35183,-102.640289
2/21/2024,12:27:21,-13.35183,-102.640289
2/21/2024,12:27:21,-13.35183,-102.640289
2/21/2024,12:27:21,-13.36183,-102.640289
2/21/2024,12:27:22,-13.37183,-102.650289
2/21/2024,12:27:22,-13.38183,-102.650289
2/21/2024,12:27:22,-13.38183,-102.640289
2/21/2024,12:27:22,-13.38183,-102.650289
2/21/2024,12:27:22,-13.38183,-102.650289
2/21/2024,12:27:23,-13.39183,-102.650289
2/21/2024,12:27:23,-13.38183,-102.650289
2/21/2024,12:27:23,-13.37183,-102.650289
2/21/2024,12:27:23,-13.37183,-102.650289
2/21/2024,12:27:23,-13.36183,-102.650289
2/21/2024,12:27:24,-13.36183,-102.660289
2/21/2024,12:27:24,-13.35183,-102.660289
2/21/2024,12:27:24,-13.34183,-102.670289
2/21/2024,12:27:24,-13.34183,-102.670289
2/21/2024,12:27:24,-13.34183,-102.670289
2/21/2024,12:27:25,-13.33183,-102.670289
2/21/2024,12:27:25,-13.33183,-102.670289
2/21/2024,12:27:25,-13.33183,-102.670289
2/21/2024,12:27:25,-13.33183,-102.670289
2/21/2024,12:27:25,-13.33183,-102.680289
2/21/2024,12:27:26,-13.33183,-102.680289
2/21/2024,12:27:26,-13.33183,-102.690289
2/21/2024,12:27:26,-13.33183,-102.690289
2/21/2024,12:27:26,-13.33183,-102.690289
2/21/2024,12:27:26,-13.33183,-102.690289
2/21/2024,12:27:27,-13.33183,-102.690289
2/21/2024,12:27:27,-13.33183,-102.700289
2/21/2024,12:27:27,-13.34183,-102.690289
2/21/2024,12:27:27,-13.34183,-102.690289
2/21/2024,12:27:27,-13.34183,-102.680289
2/21/2024,12:27:28,-13.34183,-102.680289
2/21/2024,12:27:28,-13.35183,-102.680289
2/21/2024,12:27:28,-13.36183,-102.690289
2/21/2024,12:27:28,-13.36183,-102.690289
2/21/2024,12:27:28,-13.37183,-102.700289
2/21/2024,12:27:29,-13.37183,-102.700289
2/21/2024,12:27:29,-13.36183,-102.690289
2/21/2024,12:27:29,-13.36183,-102.680289
2/21/2024,12:27:29,-13.35183,-102.660289
2/21/2024,12:27:29,-13.34183,-102.650289
2/21/2024,12:27:30,-13.34183,-102.650289
2/21/2024,12:27:30,-13.35183,-102.640289
2/21/2024,12:27:30,-13.35183,-102.640289
2/21/2024,12:27:30,-13.36183,-102.650289
2/21/2024,12:27:30,-13.37183,-102.660289
2/21/2024,12:27:31,-13.37183,-102.670289
2/21/2024,12:27:31,-13.38183,-102.670289
2/21/2024,12:27:31,-13.38183,-102.670289
2/21/2024,12:27:31,-13.37183,-102.660289
2/21/2024,12:27:31,-13.37183,-102.650289
2/21/2024,12:27:32,-13.35183,-102.640289
2/21/2024,12:27:32,-13.34183,-102.630289
2/21/2024,12:27:32,-13.35183,-102.630289
2/21/2024,12:27:32,-13.35183,-102.630289
2/21/2024,12:27:32,-13.35183,-102.640289
2/21/2024,12:27:33,-13.36183,-102.650289
2/21/2024,12:27:33,-13.36183,-102.670289
2/21/2024,12:27:33,-13.36183,-102.680289
2/21/2024,12:27:33,-13.37183,-102.680289
2/21/2024,12:27:33,-13.37183,-102.670289
2/21/2024,12:27:34,-13.36183,-102.670289
2/21/2024,12:27:34,-13.35183,-102.660289
2/21/2024,12:27:34,-13.34183,-102.650289
2/21/2024,12:27:34,-13.34183,-102.640289
2/21/2024,12:27:34,-13.34183,-102.640289
2/21/2024,12:27:35,-13.33183,-102.640289
2/21/2024,12:27:35,-13.34183,-102.640289
2/21/2024,12:27:35,-13.35183,-102.660289
2/21/2024,12:27:35,-13.35183,-102.670289
2/21/2024,12:27:35,-13.34183,-102.680289
2/21/2024,12:27:36,-13.35183,-102.670289
2/21/2024,12:27:36,-13.34183,-102.660289
2/21/2024,12:27:36,-13.33183,-102.650289
2/21/2024,12:27:36,-13.32183,-102.640289
2/21/2024,12:27:36,-13.32183,-102.630289
2/21/2024,12:27:37,-13.31183,-102.630289
2/21/2024,12:27:37,-13.32183,-102.630289
2/21/2024,12:27:37,-13.33183,-102.630289
2/21/2024,12:27:37,-13.34183,-102.650289
2/21/2024,12:27:37,-13.34183,-102.650289
2/21/2024,12:27:38,-13.34183,-102.660289
2/21/2024,12:27:38,-13.34183,-102.650289
2/21/2024,12:27:38,-13.35183,-102.640289
2/21/2024,12:27:38,-13.34183,-102.630289
2/21/2024,12:27:38,-13.34183,-102.630289
2/21/2024,12:27:39,-13.34183,-102.620289
2/21/2024,12:27:39,-13.34183,-102.620289
2/21/2024,12:27:39,-13.33183,-102.630289
2/21/2024,12:27:39,-13.34183,-102.640289
2/21/2024,12:27:39,-13.35183,-102.650289
2/21/2024,12:27:40,-13.35183,-102.660289
2/21/2024,12:27:40,-13.34183,-102.660289
2/21/2024,12:27:40,-13.34183,-102.660289
2/21/2024,12:27:40,-13.34183,-102.650289
2/21/2024,12:27:40,-13.34183,-102.640289
2/21/2024,12:27:41,-13.34183,-102.640289
2/21/2024,12:27:41,-13.33183,-102.640289
2/21/2024,12:27:41,-13.34183,-102.640289
2/21/2024,12:27:41,-13.35183,-102.650289
2/21/2024,12:27:41,-13.35183,-102.660289
2/21/2024,12:27:42,-13.35183,-102.670289
2/21/2024,12:27:42,-13.34183,-102.670289
2/21/2024,12:27:42,-13.35183,-102.670289
2/21/2024,12:27:42,-13.34183,-102.670289
2/21/2024,12:27:42,-13.33183,-102.660289
2/21/2024,12:27:43,-13.34183,-102.650289
2/21/2024,12:27:43,-13.33183,-102.650289
2/21/2024,12:27:43,-13.34183,-102.660289
2/21/2024,12:27:43,-13.36183,-102.670289
2/21/2024,12:27:43,-13.38183,-102.680289
2/21/2024,12:27:44,-13.38183,-102.690289
2/21/2024,12:27:44,-13.37183,-102.690289
2/21/2024,12:27:44,-13.36183,-102.670289
2/21/2024,12:27:44,-13.36183,-102.660289
2/21/2024,12:27:44,-13.36183,-102.650289
2/21/2024,12:27:45,-13.34183,-102.650289
2/21/2024,12:27:45,-13.34183,-102.650289
2/21/2024,12:27:45,-13.34183,-102.660289
2/21/2024,12:27:45,-13.35183,-102.680289
2/21/2024,12:27:45,-13.34183,-102.690289
2/21/2024,12:27:46,-13.33183,-102.690289
2/21/2024,12:27:46,-13.33183,-102.690289
2/21/2024,12:27:46,-13.33183,-102.680289
2/21/2024,12:27:46,-13.33183,-102.680289
2/21/2024,12:27:46,-13.33183,-102.670289
2/21/2024,12:27:47,-13.32183,-102.670289
2/21/2024,12:27:47,-13.33183,-102.670289
2/21/2024,12:27:47,-13.33183,-102.680289
2/21/2024,12:27:47,-13.33183,-102.690289
2/21/2024,12:27:47,-13.34183,-102.690289
2/21/2024,12:27:48,-13.33183,-102.690289
2/21/2024,12:27:48,-13.33183,-102.680289
2/21/2024,12:27:48,-13.33183,-102.680289
2/21/2024,12:27:48,-13.33183,-102.680289
2/21/2024,12:27:48,-13.33183,-102.680289
2/21/2024,12:27:49,-13.33183,-102.680289
2/21/2024,12:27:49,-13.34183,-102.690289
2/21/2024,12:27:49,-13.35183,-102.700289
2/21/2024,12:27:49,-13.35183,-102.700289
2/21/2024,12:27:49,-13.35183,-102.700289
2/21/2024,12:27:50,-13.35183,-102.690289
2/21/2024,12:27:50,-13.35183,-102.680289
2/21/2024,12:27:50,-13.34183,-102.670289
2/21/2024,12:27:50,-13.34183,-102.670289
2/21/2024,12:27:50,-13.33183,-102.680289
2/21/2024,12:27:51,-13.34183,-102.690289
2/21/2024,12:27:51,-13.35183,-102.700289
2/21/2024,12:27:51,-13.34183,-102.710289
2/21/2024,12:27:51,-13.33183,-102.710289
2/21/2024,12:27:51,-13.33183,-102.700289
2/21/2024,12:27:52,-13.33183,-102.690289
2/21/2024,12:27:52,-13.33183,-102.680289
2/21/2024,12:27:52,-13.32183,-102.680289
2/21/2024,12:27:52,-13.32183,-102.690289
2/21/2024,12:27:52,-13.33183,-102.690289
2/21/2024,12:27:53,-13.34183,-102.700289
2/21/2024,12:27:53,-13.34183,-102.700289
2/21/2024,12:27:53,-13.33183,-102.700289
2/21/2024,12:27:53,-13.34183,-102.690289
2/21/2024,12:27:53,-13.34183,-102.680289
2/21/2024,12:27:54,-13.35183,-102.670289
2/21/2024,12:27:54,-13.34183,-102.680289
2/21/2024,12:27:54,-13.34183,-102.680289
2/21/2024,12:27:54,-13.36183,-102.690289
2/21/2024,12:27:54,-13.37183,-102.690289
2/21/2024,12:27:55,-13.36183,-102.690289
2/21/2024,12:27:55,-13.36183,-102.680289
2/21/2024,12:27:55,-13.36183,-102.670289
2/21/2024,12:27:55,-13.36183,-102.660289
2/21/2024,12:27:55,-13.35183,-102.670289
2/21/2024,12:27:56,-13.35183,-102.680289
2/21/2024,12:27:56,-13.36183,-102.690289
2/21/2024,12:27:56,-13.37183,-102.700289
2/21/2024,12:27:56,-13.36183,-102.710289
2/21/2024,12:27:56,-13.35183,-102.700289
2/21/2024,12:27:57,-13.35183,-102.690289
2/21/2024,12:27:57,-13.35183,-102.690289
2/21/2024,12:27:57,-13.35183,-102.690289
2/21/2024,12:27:57,-13.33183,-102.690289
2/21/2024,12:27:57,-13.34183,-102.690289
2/21/2024,12:27:58,-13.34183,-102.700289
2/21/2024,12:27:58,-13.33183,-102.700289
2/21/2024,12:27:58,-13.33183,-102.690289
2/21/2024,12:27:58,-13.32183,-102.690289
2/21/2024,12:27:58,-13.32183,-102.690289
2/21/2024,12:27:59,-13.33183,-102.700289
2/21/2024,12:27:59,-13.33183,-102.710289
2/21/2024,12:27:59,-13.34183,-102.720289
2/21/2024,12:27:59,-13.34183,-102.720289
2/21/2024,12:27:59,-13.33183,-102.710289
2/21/2024,12:28:00,-13.33183,-102.690289
2/21/2024,12:28:00,-13.32183,-102.670289
2/21/2024,12:28:00,-13.33183,-102.660289
2/21/2024,12:28:00,-13.33183,-102.670289
2/21/2024,12:28:00,-13.35183,-102.680289
2/21/2024,12:28:01,-13.36183,-102.700289
2/21/2024,12:28:01,-13.38183,-102.710289
2/21/2024,12:28:01,-13.38183,-102.720289
2/21/2024,12:28:01,-13.38183,-102.710289
2/21/2024,12:28:01,-13.38183,-102.690289
2/21/2024,12:28:02,-13.38183,-102.670289
2/21/2024,12:28:02,-13.37183,-102.660289
2/21/2024,12:28:02,-13.37183,-102.670289
2/21/2024,12:28:02,-13.37183,-102.670289
2/21/2024,12:28:02,-13.38183,-102.680289
2/21/2024,12:28:03,-13.38183,-102.690289
2/21/2024,12:28:03,-13.37183,-102.690289
2/21/2024,12:28:03,-13.36183,-102.690289
2/21/2024,12:28:03,-13.36183,-102.680289
2/21/2024,12:28:03,-13.36183,-102.680289
2/21/2024,12:28:04,-13.35183,-102.680289
2/21/2024,12:28:04,-13.34183,-102.680289
2/21/2024,12:28:04,-13.34183,-102.670289
2/21/2024,12:28:04,-13.34183,-102.670289
2/21/2024,12:28:04,-13.33183,-102.680289
2/21/2024,12:28:05,-13.33183,-102.670289
2/21/2024,12:28:05,-13.33183,-102.680289
2/21/2024,12:28:05,-13.34183,-102.690289
2/21/2024,12:28:05,-13.34183,-102.700289
2/21/2024,12:28:05,-13.34183,-102.700289
2/21/2024,12:28:06,-13.34183,-102.690289
2/21/2024,12:28:06,-13.33183,-102.680289
2/21/2024,12:28:06,-13.33183,-102.670289
2/21/2024,12:28:06,-13.32183,-102.670289
2/21/2024,12:28:06,-13.33183,-102.670289
2/21/2024,12:28:07,-13.33183,-102.680289
2/21/2024,12:28:07,-13.35183,-102.690289
2/21/2024,12:28:07,-13.35183,-102.690289
2/21/2024,12:28:07,-13.35183,-102.680289
2/21/2024,12:28:07,-13.35183,-102.680289
2/21/2024,12:28:08,-13.36183,-102.670289
2/21/2024,12:28:08,-13.36183,-102.670289
2/21/2024,12:28:08,-13.35183,-102.670289
2/21/2024,12:28:08,-13.35183,-102.670289
2/21/2024,12:28:08,-13.36183,-102.670289
2/21/2024,12:28:09,-13.36183,-102.680289
2/21/2024,12:28:09,-13.36183,-102.680289
2/21/2024,12:28:09,-13.35183,-102.680289
2/21/2024,12:28:09,-13.35183,-102.680289
2/21/2024,12:28:09,-13.35183,-102.680289
2/21/2024,12:28:10,-13.35183,-102.690289
2/21/2024,12:28:10,-13.35183,-102.700289
2/21/2024,12:28:10,-13.35183,-102.700289
2/21/2024,12:28:10,-13.35183,-102.700289
2/21/2024,12:28:10,-13.34183,-102.690289
2/21/2024,12:28:11,-13.34183,-102.680289
2/21/2024,12:28:11,-13.33183,-102.680289
2/21/2024,12:28:11,-13.32183,-102.680289
2/21/2024,12:28:11,-13.32183,-102.680289
2/21/2024,12:28:11,-13.33183,-102.690289
2/21/2024,12:28:12,-13.33183,-102.690289
2/21/2024,12:28:12,-13.32183,-102.700289
2/21/2024,12:28:12,-13.32183,-102.700289
2/21/2024,12:28:12,-13.32183,-102.700289
2/21/2024,12:28:12,-13.32183,-102.700289
2/21/2024,12:28:13,-13.32183,-102.690289
2/21/2024,12:28:13,-13.32183,-102.680289
2/21/2024,12:28:13,-13.32183,-102.680289
2/21/2024,12:28:13,-13.32183,-102.680289
2/21/2024,12:28:13,-13.33183,-102.680289
2/21/2024,12:28:14,-13.33183,-102.680289
2/21/2024,12:28:14,-13.33183,-102.690289
2/21/2024,12:28:14,-13.34183,-102.690289
2/21/2024,12:28:14,-13.34183,-102.690289
2/21/2024,12:28:14,-13.34183,-102.690289
2/21/2024,12:28:15,-13.34183,-102.680289
2/21/2024,12:28:15,-13.34183,-102.670289
2/21/2024,12:28:15,-13.33183,-102.670289
2/21/2024,12:28:15,-13.33183,-102.670289
2/21/2024,12:28:15,-13.33183,-102.680289
2/21/2024,12:28:16,-13.34183,-102.680289
2/21/2024,12:28:16,-13.34183,-102.690289
2/21/2024,12:28:16,-13.34183,-102.690289
2/21/2024,12:28:16,-13.33183,-102.690289
2/21/2024,12:28:16,-13.33183,-102.690289
2/21/2024,12:28:17,-13.33183,-102.690289
2/21/2024,12:28:17,-13.32183,-102.680289
2/21/2024,12:28:17,-13.32183,-102.680289
2/21/2024,12:28:17,-13.32183,-102.670289
2/21/2024,12:28:17,-13.32183,-102.680289
2/21/2024,12:28:18,-13.32183,-102.680289
2/21/2024,12:28:18,-13.32183,-102.690289
2/21/2024,12:28:18,-13.32183,-102.690289
2/21/2024,12:28:18,-13.32183,-102.690289
2/21/2024,12:28:18,-13.31183,-102.700289
2/21/2024,12:28:19,-13.31183,-102.690289
2/21/2024,12:28:19,-13.31183,-102.690289
2/21/2024,12:28:19,-13.31183,-102.690289
2/21/2024,12:28:19,-13.31183,-102.690289
2/21/2024,12:28:19,-13.30183,-102.680289
2/21/2024,12:28:20,-13.30183,-102.680289
2/21/2024,12:28:20,-13.30183,-102.670289
2/21/2024,12:28:20,-13.31183,-102.670289
2/21/2024,12:28:20,-13.31183,-102.670289
2/21/2024,12:28:20,-13.32183,-102.680289
2/21/2024,12:28:21,-13.32183,-102.690289
2/21/2024,12:28:21,-13.33183,-102.700289
2/21/2024,12:28:21,-13.33183,-102.700289
2/21/2024,12:28:21,-13.33183,-102.690289
2/21/2024,12:28:21,-13.33183,-102.680289
2/21/2024,12:28:22,-13.32183,-102.670289
2/21/2024,12:28:22,-13.32183,-102.670289
2/21/2024,12:28:22,-13.32183,-102.670289
2/21/2024,12:28:22,-13.32183,-102.670289
2/21/2024,12:28:22,-13.33183,-102.670289
2/21/2024,12:28:23,-13.33183,-102.680289
2/21/2024,12:28:23,-13.33183,-102.680289
2/21/2024,12:28:23,-13.34183,-102.690289
2/21/2024,12:28:23,-13.34183,-102.690289
2/21/2024,12:28:23,-13.34183,-102.680289
2/21/2024,12:28:24,-13.34183,-102.670289
2/21/2024,12:28:24,-13.34183,-102.670289
2/21/2024,12:28:24,-13.33183,-102.660289
2/21/2024,12:28:24,-13.33183,-102.670289
2/21/2024,12:28:24,-13.33183,-102.670289
2/21/2024,12:28:25,-13.33183,-102.670289
2/21/2024,12:28:25,-13.34183,-102.680289
2/21/2024,12:28:25,-13.34183,-102.680289
2/21/2024,12:28:25,-13.34183,-102.690289
2/21/2024,12:28:25,-13.35183,-102.690289
2/21/2024,12:28:26,-13.35183,-102.680289
2/21/2024,12:28:26,-13.35183,-102.680289
2/21/2024,12:28:26,-13.35183,-102.670289
2/21/2024,12:28:26,-13.35183,-102.670289
2/21/2024,12:28:26,-13.34183,-102.660289
2/21/2024,12:28:27,-13.34183,-102.670289
2/21/2024,12:28:27,-13.35183,-102.670289
2/21/2024,12:28:27,-13.35183,-102.670289
2/21/2024,12:28:27,-13.35183,-102.680289
2/21/2024,12:28:27,-13.35183,-102.680289
2/21/2024,12:28:28,-13.35183,-102.690289
2/21/2024,12:28:28,-13.35183,-102.680289
2/21/2024,12:28:28,-13.34183,-102.680289
2/21/2024,12:28:28,-13.34183,-102.680289
2/21/2024,12:28:28,-13.34183,-102.680289
2/21/2024,12:28:29,-13.34183,-102.670289
2/21/2024,12:28:29,-13.33183,-102.670289
2/21/2024,12:28:29,-13.33183,-102.670289
2/21/2024,12:28:29,-13.33183,-102.670289
2/21/2024,12:28:29,-13.33183,-102.670289
2/21/2024,12:28:30,-13.33183,-102.680289
2/21/2024,12:28:30,-13.33183,-102.680289
2/21/2024,12:28:30,-13.33183,-102.680289
2/21/2024,12:28:30,-13.33183,-102.670289
2/21/2024,12:28:30,-13.33183,-102.670289
2/21/2024,12:28:31,-13.33183,-102.660289
2/21/2024,12:28:31,-13.33183,-102.660289
2/21/2024,12:28:31,-13.33183,-102.660289
2/21/2024,12:28:31,-13.33183,-102.660289
2/21/2024,12:28:31,-13.33183,-102.660289
2/21/2024,12:28:32,-13.33183,-102.660289
2/21/2024,12:28:32,-13.33183,-102.670289
2/21/2024,12:28:32,-13.33183,-102.670289
2/21/2024,12:28:32,-13.34183,-102.670289
2/21/2024,12:28:32,-13.33183,-102.670289
2/21/2024,12:28:33,-13.33183,-102.670289
2/21/2024,12:28:33,-13.33183,-102.670289
2/21/2024,12:28:33,-13.33183,-102.670289
2/21/2024,12:28:33,-13.33183,-102.670289
2/21/2024,12:28:33,-13.33183,-102.670289
2/21/2024,12:28:34,-13.33183,-102.670289
2/21/2024,12:28:34,-13.32183,-102.670289
2/21/2024,12:28:34,-13.33183,-102.670289
2/21/2024,12:28:34,-13.33183,-102.670289
2/21/2024,12:28:34,-13.34183,-102.670289
2/21/2024,12:28:35,-13.34183,-102.680289
2/21/2024,12:28:35,-13.33183,-102.680289
2/21/2024,12:28:35,-13.32183,-102.690289
2/21/2024,12:28:35,-13.32183,-102.690289
2/21/2024,12:28:35,-13.32183,-102.690289
2/21/2024,12:28:36,-13.31183,-102.680289
2/21/2024,12:28:36,-13.31183,-102.680289
2/21/2024,12:28:36,-13.30183,-102.680289
2/21/2024,12:28:36,-13.31183,-102.680289
2/21/2024,12:28:36,-13.31183,-102.690289
2/21/2024,12:28:37,-13.31183,-102.700289
2/21/2024,12:28:37,-13.31183,-102.710289
2/21/2024,12:28:37,-13.31183,-102.710289
2/21/2024,12:28:37,-13.31183,-102.710289
2/21/2024,12:28:37,-13.31183,-102.700289
2/21/2024,12:28:38,-13.30183,-102.690289
2/21/2024,12:28:38,-13.29183,-102.690289
2/21/2024,12:28:38,-13.30183,-102.680289
2/21/2024,12:28:38,-13.31183,-102.680289
2/21/2024,12:28:38,-13.31183,-102.690289
2/21/2024,12:28:39,-13.31183,-102.700289
2/21/2024,12:28:39,-13.32183,-102.720289
2/21/2024,12:28:39,-13.32183,-102.720289
2/21/2024,12:28:39,-13.32183,-102.720289
2/21/2024,12:28:39,-13.32183,-102.710289
2/21/2024,12:28:40,-13.32183,-102.690289
2/21/2024,12:28:40,-13.31183,-102.690289
2/21/2024,12:28:40,-13.31183,-102.680289
2/21/2024,12:28:40,-13.31183,-102.680289
2/21/2024,12:28:40,-13.31183,-102.680289
2/21/2024,12:28:41,-13.32183,-102.690289
2/21/2024,12:28:41,-13.32183,-102.700289
2/21/2024,12:28:41,-13.32183,-102.700289
2/21/2024,12:28:41,-13.33183,-102.710289
2/21/2024,12:28:41,-13.33183,-102.710289
2/21/2024,12:28:42,-13.33183,-102.700289
2/21/2024,12:28:42,-13.33183,-102.700289
2/21/2024,12:28:42,-13.32183,-102.690289
2/21/2024,12:28:42,-13.32183,-102.690289
2/21/2024,12:28:42,-13.32183,-102.680289
2/21/2024,12:28:43,-13.32183,-102.680289
2/21/2024,12:28:43,-13.32183,-102.680289
2/21/2024,12:28:43,-13.32183,-102.680289
2/21/2024,12:28:43,-13.33183,-102.680289
2/21/2024,12:28:43,-13.33183,-102.690289
2/21/2024,12:28:44,-13.34183,-102.690289
2/21/2024,12:28:44,-13.33183,-102.700289
2/21/2024,12:28:44,-13.33183,-102.700289
2/21/2024,12:28:44,-13.34183,-102.700289
2/21/2024,12:28:44,-13.34183,-102.690289
2/21/2024,12:28:45,-13.33183,-102.680289
2/21/2024,12:28:45,-13.33183,-102.680289
2/21/2024,12:28:45,-13.32183,-102.680289
2/21/2024,12:28:45,-13.33183,-102.680289
2/21/2024,12:28:45,-13.33183,-102.690289
2/21/2024,12:28:46,-13.33183,-102.700289
2/21/2024,12:28:46,-13.33183,-102.710289
2/21/2024,12:28:46,-13.32183,-102.720289
2/21/2024,12:28:46,-13.32183,-102.710289
2/21/2024,12:28:46,-13.32183,-102.710289
2/21/2024,12:28:47,-13.31183,-102.700289
2/21/2024,12:28:47,-13.31183,-102.690289
2/21/2024,12:28:47,-13.31183,-102.700289
2/21/2024,12:28:47,-13.31183,-102.700289
2/21/2024,12:28:47,-13.31183,-102.710289
2/21/2024,12:28:48,-13.31183,-102.710289
2/21/2024,12:28:48,-13.31183,-102.720289
2/21/2024,12:28:48,-13.31183,-102.710289
2/21/2024,12:28:48,-13.32183,-102.710289
2/21/2024,12:28:48,-13.32183,-102.690289
2/21/2024,12:28:49,-13.31183,-102.680289
2/21/2024,12:28:49,-13.31183,-102.670289
2/21/2024,12:28:49,-13.31183,-102.670289
2/21/2024,12:28:49,-13.32183,-102.670289
2/21/2024,12:28:49,-13.32183,-102.670289
2/21/2024,12:28:50,-13.32183,-102.680289
2/21/2024,12:28:50,-13.32183,-102.670289
2/21/2024,12:28:50,-13.32183,-102.670289
2/21/2024,12:28:50,-13.33183,-102.660289
2/21/2024,12:28:50,-13.33183,-102.650289
2/21/2024,12:28:51,-13.33183,-102.630289
2/21/2024,12:28:51,-13.33183,-102.620289
2/21/2024,12:28:51,-13.33183,-102.610289
2/21/2024,12:28:51,-13.34183,-102.610289
2/21/2024,12:28:51,-13.35183,-102.610289
2/21/2024,12:28:52,-13.35183,-102.610289
2/21/2024,12:28:52,-13.36183,-102.610289
2/21/2024,12:28:52,-13.36183,-102.610289
2/21/2024,12:28:52,-13.37183,-102.610289
2/21/2024,12:28:52,-13.37183,-102.610289
2/21/2024,12:28:53,-13.37183,-102.610289
2/21/2024,12:28:53,-13.37183,-102.600289
2/21/2024,12:28:53,-13.38183,-102.600289
2/21/2024,12:28:53,-13.38183,-102.600289
2/21/2024,12:28:53,-13.38183,-102.610289
2/21/2024,12:28:54,-13.39183,-102.610289
2/21/2024,12:28:54,-13.39183,-102.620289
2/21/2024,12:28:54,-13.39183,-102.620289
2/21/2024,12:28:54,-13.40183,-102.640289
2/21/2024,12:28:54,-13.40183,-102.650289
2/21/2024,12:28:55,-13.40183,-102.660289
2/21/2024,12:28:55,-13.41183,-102.660289
2/21/2024,12:28:55,-13.40183,-102.660289
2/21/2024,12:28:55,-13.40183,-102.650289
2/21/2024,12:28:55,-13.39183,-102.660289
2/21/2024,12:28:56,-13.39183,-102.660289
2/21/2024,12:28:56,-13.39183,-102.660289
2/21/2024,12:28:56,-13.38183,-102.660289
2/21/2024,12:28:56,-13.38183,-102.670289
2/21/2024,12:28:56,-13.37183,-102.670289
2/21/2024,12:28:57,-13.37183,-102.670289
2/21/2024,12:28:57,-13.36183,-102.660289
2/21/2024,12:28:57,-13.35183,-102.650289
2/21/2024,12:28:57,-13.34183,-102.640289
2/21/2024,12:28:57,-13.33183,-102.630289
2/21/2024,12:28:58,-13.32183,-102.620289
2/21/2024,12:28:58,-13.32183,-102.610289
2/21/2024,12:28:58,-13.32183,-102.600289
2/21/2024,12:28:58,-13.32183,-102.600289
2/21/2024,12:28:58,-13.32183,-102.600289
2/21/2024,12:28:59,-13.33183,-102.600289
2/21/2024,12:28:59,-13.33183,-102.610289
2/21/2024,12:28:59,-13.33183,-102.600289
2/21/2024,12:28:59,-13.33183,-102.590289
2/21/2024,12:28:59,-13.34183,-102.590289
2/21/2024,12:29:00,-13.34183,-102.590289
2/21/2024,12:29:00,-13.34183,-102.600289
2/21/2024,12:29:00,-13.35183,-102.600289
2/21/2024,12:29:00,-13.36183,-102.610289
2/21/2024,12:29:00,-13.36183,-102.620289
2/21/2024,12:29:01,-13.37183,-102.640289
2/21/2024,12:29:01,-13.38183,-102.650289
2/21/2024,12:29:01,-13.39183,-102.670289
2/21/2024,12:29:01,-13.39183,-102.680289
2/21/2024,12:29:01,-13.39183,-102.690289
2/21/2024,12:29:02,-13.39183,-102.690289
2/21/2024,12:29:02,-13.38183,-102.690289
2/21/2024,12:29:02,-13.37183,-102.680289
2/21/2024,12:29:02,-13.36183,-102.680289
2/21/2024,12:29:02,-13.35183,-102.680289
2/21/2024,12:29:03,-13.34183,-102.670289
2/21/2024,12:29:03,-13.34183,-102.670289
2/21/2024,12:29:03,-13.32183,-102.670289
2/21/2024,12:29:03,-13.32183,-102.660289
2/21/2024,12:29:03,-13.31183,-102.650289
2/21/2024,12:29:04,-13.31183,-102.620289
2/21/2024,12:29:04,-13.30183,-102.600289
2/21/2024,12:29:04,-13.30183,-102.580289
2/21/2024,12:29:04,-13.30183,-102.570289
2/21/2024,12:29:04,-13.31183,-102.560289
2/21/2024,12:29:05,-13.32183,-102.560289
2/21/2024,12:29:05,-13.33183,-102.550289
2/21/2024,12:29:05,-13.34183,-102.540289
2/21/2024,12:29:05,-13.36183,-102.540289
2/21/2024,12:29:05,-13.37183,-102.540289
2/21/2024,12:29:06,-13.38183,-102.540289
2/21/2024,12:29:06,-13.40183,-102.550289
2/21/2024,12:29:06,-13.42183,-102.570289
2/21/2024,12:29:06,-13.43183,-102.590289
2/21/2024,12:29:06,-13.45183,-102.610289
2/21/2024,12:29:07,-13.45183,-102.630289
2/21/2024,12:29:07,-13.45183,-102.640289
2/21/2024,12:29:07,-13.45183,-102.650289
2/21/2024,12:29:07,-13.44183,-102.650289
2/21/2024,12:29:07,-13.43183,-102.640289
2/21/2024,12:29:08,-13.41183,-102.630289
2/21/2024,12:29:08,-13.39183,-102.620289
2/21/2024,12:29:08,-13.37183,-102.610289
2/21/2024,12:29:08,-13.36183,-102.600289
2/21/2024,12:29:08,-13.35183,-102.590289
2/21/2024,12:29:09,-13.34183,-102.590289
2/21/2024,12:29:09,-13.33183,-102.580289
2/21/2024,12:29:09,-13.32183,-102.570289
2/21/2024,12:29:09,-13.31183,-102.550289
2/21/2024,12:29:09,-13.31183,-102.530289
2/21/2024,12:29:10,-13.30183,-102.510289
2/21/2024,12:29:10,-13.31183,-102.510289
2/21/2024,12:29:10,-13.32183,-102.500289
2/21/2024,12:29:10,-13.33183,-102.500289
2/21/2024,12:29:10,-13.34183,-102.490289
2/21/2024,12:29:11,-13.36183,-102.500289
2/21/2024,12:29:11,-13.37183,-102.520289
2/21/2024,12:29:11,-13.39183,-102.540289
2/21/2024,12:29:11,-13.41183,-102.560289
2/21/2024,12:29:11,-13.42183,-102.570289
2/21/2024,12:29:12,-13.41183,-102.570289
2/21/2024,12:29:12,-13.39183,-102.570289
2/21/2024,12:29:12,-13.38183,-102.570289
2/21/2024,12:29:12,-13.36183,-102.570289
2/21/2024,12:29:12,-13.33183,-102.550289
2/21/2024,12:29:13,-13.32183,-102.530289
2/21/2024,12:29:13,-13.29183,-102.510289
2/21/2024,12:29:13,-13.28183,-102.490289
2/21/2024,12:29:13,-13.28183,-102.470289
2/21/2024,12:29:13,-13.28183,-102.450289
2/21/2024,12:29:14,-13.30183,-102.430289
2/21/2024,12:29:14,-13.32183,-102.420289
2/21/2024,12:29:14,-13.34183,-102.410289
2/21/2024,12:29:14,-13.36183,-102.410289
2/21/2024,12:29:14,-13.38183,-102.410289
2/21/2024,12:29:15,-13.41183,-102.420289
2/21/2024,12:29:15,-13.43183,-102.440289
2/21/2024,12:29:15,-13.45183,-102.470289
2/21/2024,12:29:15,-13.46183,-102.510289
2/21/2024,12:29:15,-13.48183,-102.550289
2/21/2024,12:29:16,-13.47183,-102.570289
2/21/2024,12:29:16,-13.45183,-102.590289
2/21/2024,12:29:16,-13.43183,-102.610289
2/21/2024,12:29:16,-13.40183,-102.610289
2/21/2024,12:29:16,-13.36183,-102.600289
2/21/2024,12:29:17,-13.32183,-102.590289
2/21/2024,12:29:17,-13.28183,-102.560289
2/21/2024,12:29:17,-13.25183,-102.530289
2/21/2024,12:29:17,-13.23183,-102.510289
2/21/2024,12:29:17,-13.24183,-102.490289
2/21/2024,12:29:18,-13.27183,-102.490289
2/21/2024,12:29:18,-13.32183,-102.490289
2/21/2024,12:29:18,-13.36183,-102.500289
2/21/2024,12:29:18,-13.40183,-102.520289
2/21/2024,12:29:18,-13.43183,-102.530289
2/21/2024,12:29:19,-13.47183,-102.540289
2/21/2024,12:29:19,-13.52183,-102.550289
2/21/2024,12:29:19,-13.55183,-102.590289
2/21/2024,12:29:19,-13.58183,-102.630289
2/21/2024,12:29:19,-13.56183,-102.650289
2/21/2024,12:29:20,-13.54183,-102.650289
2/21/2024,12:29:20,-13.51183,-102.640289
2/21/2024,12:29:20,-13.48183,-102.640289
2/21/2024,12:29:20,-13.44183,-102.620289
2/21/2024,12:29:20,-13.40183,-102.580289
2/21/2024,12:29:21,-13.36183,-102.540289
2/21/2024,12:29:21,-13.33183,-102.500289
2/21/2024,12:29:21,-13.33183,-102.480289
2/21/2024,12:29:21,-13.35183,-102.480289
2/21/2024,12:29:21,-13.36183,-102.490289
2/21/2024,12:29:22,-13.39183,-102.500289
2/21/2024,12:29:22,-13.39183,-102.530289
2/21/2024,12:29:22,-13.40183,-102.550289
2/21/2024,12:29:22,-13.42183,-102.570289
2/21/2024,12:29:22,-13.44183,-102.600289
2/21/2024,12:29:23,-13.43183,-102.630289
2/21/2024,12:29:23,-13.40183,-102.640289
2/21/2024,12:29:23,-13.36183,-102.630289
2/21/2024,12:29:23,-13.31183,-102.610289
2/21/2024,12:29:23,-13.26183,-102.580289
2/21/2024,12:29:24,-13.21183,-102.550289
2/21/2024,12:29:24,-13.18183,-102.520289
2/21/2024,12:29:24,-13.17183,-102.490289
2/21/2024,12:29:24,-13.19183,-102.490289
2/21/2024,12:29:24,-13.25183,-102.490289
2/21/2024,12:29:25,-13.34183,-102.520289
2/21/2024,12:29:25,-13.40183,-102.560289
2/21/2024,12:29:25,-13.46183,-102.590289
2/21/2024,12:29:25,-13.51183,-102.600289
2/21/2024,12:29:25,-13.58183,-102.610289
2/21/2024,12:29:26,-13.63183,-102.630289
2/21/2024,12:29:26,-13.63183,-102.620289
2/21/2024,12:29:26,-13.61183,-102.590289
2/21/2024,12:29:26,-13.55183,-102.540289
2/21/2024,12:29:26,-13.49183,-102.480289
2/21/2024,12:29:27,-13.45183,-102.430289
2/21/2024,12:29:27,-13.41183,-102.410289
2/21/2024,12:29:27,-13.36183,-102.420289
2/21/2024,12:29:27,-13.35183,-102.440289
2/21/2024,12:29:27,-13.37183,-102.490289
2/21/2024,12:29:28,-13.37183,-102.550289
2/21/2024,12:29:28,-13.39183,-102.600289
2/21/2024,12:29:28,-13.39183,-102.640289
2/21/2024,12:29:28,-13.40183,-102.670289
2/21/2024,12:29:28,-13.39183,-102.690289
2/21/2024,12:29:29,-13.37183,-102.710289
2/21/2024,12:29:29,-13.33183,-102.690289
2/21/2024,12:29:29,-13.26183,-102.650289
2/21/2024,12:29:29,-13.19183,-102.590289
2/21/2024,12:29:29,-13.14183,-102.520289
2/21/2024,12:29:30,-13.13183,-102.520289
2/21/2024,12:29:30,-13.13183,-102.560289
2/21/2024,12:29:30,-13.15183,-102.610289
2/21/2024,12:29:30,-13.21183,-102.690289
2/21/2024,12:29:30,-13.29183,-102.790289
2/21/2024,12:29:31,-13.32183,-102.860289
2/21/2024,12:29:31,-13.37183,-102.910289
2/21/2024,12:29:31,-13.42183,-102.920289
2/21/2024,12:29:31,-13.41183,-102.910289
2/21/2024,12:29:31,-13.37183,-102.870289
2/21/2024,12:29:32,-13.31183,-102.770289
2/21/2024,12:29:32,-13.25183,-102.680289
2/21/2024,12:29:32,-13.21183,-102.560289
2/21/2024,12:29:32,-13.23183,-102.580289
2/21/2024,12:29:32,-13.28183,-102.620289
2/21/2024,12:29:33,-13.33183,-102.660289
2/21/2024,12:29:33,-13.39183,-102.730289
2/21/2024,12:29:33,-13.44183,-102.800289
2/21/2024,12:29:33,-13.48183,-102.820289
2/21/2024,12:29:33,-13.51183,-102.820289
2/21/2024,12:29:34,-13.54183,-102.790289
2/21/2024,12:29:34,-13.54183,-102.770289
2/21/2024,12:29:34,-13.51183,-102.710289
2/21/2024,12:29:34,-13.43183,-102.640289
2/21/2024,12:29:34,-13.40183,-102.550289
2/21/2024,12:29:35,-13.40183,-102.600289
2/21/2024,12:29:35,-13.44183,-102.670289
2/21/2024,12:29:35,-13.45183,-102.730289
2/21/2024,12:29:35,-13.48183,-102.810289
2/21/2024,12:29:35,-13.51183,-102.880289
2/21/2024,12:29:36,-13.53183,-102.920289
2/21/2024,12:29:36,-13.51183,-102.940289
2/21/2024,12:29:36,-13.51183,-102.940289
2/21/2024,12:29:36,-13.47183,-102.910289
2/21/2024,12:29:36,-13.40183,-102.850289
2/21/2024,12:29:37,-13.33183,-102.780289
2/21/2024,12:29:37,-13.28183,-102.720289
2/21/2024,12:29:37,-13.26183,-102.740289
2/21/2024,12:29:37,-13.27183,-102.760289
2/21/2024,12:29:37,-13.27183,-102.780289
2/21/2024,12:29:38,-13.28183,-102.810289
2/21/2024,12:29:38,-13.32183,-102.850289
2/21/2024,12:29:38,-13.34183,-102.860289
2/21/2024,12:29:38,-13.35183,-102.840289
2/21/2024,12:29:38,-13.36183,-102.790289
2/21/2024,12:29:39,-13.36183,-102.740289
2/21/2024,12:29:39,-13.35183,-102.680289
2/21/2024,12:29:39,-13.33183,-102.620289
2/21/2024,12:29:39,-13.33183,-102.600289
2/21/2024,12:29:39,-13.37183,-102.610289
2/21/2024,12:29:40,-13.41183,-102.640289
2/21/2024,12:29:40,-13.43183,-102.670289
2/21/2024,12:29:40,-13.46183,-102.690289
2/21/2024,12:29:40,-13.49183,-102.700289
2/21/2024,12:29:40,-13.51183,-102.680289
2/21/2024,12:29:41,-13.52183,-102.670289
2/21/2024,12:29:41,-13.52183,-102.640289
2/21/2024,12:29:41,-13.51183,-102.620289
2/21/2024,12:29:41,-13.50183,-102.600289
2/21/2024,12:29:41,-13.49183,-102.590289
2/21/2024,12:29:42,-13.50183,-102.600289
2/21/2024,12:29:42,-13.51183,-102.620289
2/21/2024,12:29:42,-13.53183,-102.640289
2/21/2024,12:29:42,-13.53183,-102.650289
2/21/2024,12:29:42,-13.53183,-102.630289
2/21/2024,12:29:43,-13.52183,-102.610289
2/21/2024,12:29:43,-13.52183,-102.590289
2/21/2024,12:29:43,-13.49183,-102.580289
2/21/2024,12:29:43,-13.47183,-102.580289
2/21/2024,12:29:43,-13.46183,-102.570289
2/21/2024,12:29:44,-13.45183,-102.570289
2/21/2024,12:29:44,-13.43183,-102.560289
2/21/2024,12:29:44,-13.42183,-102.560289
2/21/2024,12:29:44,-13.41183,-102.560289
2/21/2024,12:29:44,-13.41183,-102.570289
2/21/2024,12:29:45,-13.40183,-102.580289
2/21/2024,12:29:45,-13.39183,-102.580289
2/21/2024,12:29:45,-13.39183,-102.580289
2/21/2024,12:29:45,-13.39183,-102.570289
2/21/2024,12:29:45,-13.38183,-102.560289
2/21/2024,12:29:46,-13.38183,-102.540289
2/21/2024,12:29:46,-13.37183,-102.530289
2/21/2024,12:29:46,-13.37183,-102.520289
2/21/2024,12:29:46,-13.36183,-102.530289
2/21/2024,12:29:46,-13.35183,-102.540289
2/21/2024,12:29:47,-13.37183,-102.560289
2/21/2024,12:29:47,-13.37183,-102.580289
2/21/2024,12:29:47,-13.38183,-102.600289
2/21/2024,12:29:47,-13.38183,-102.600289
2/21/2024,12:29:47,-13.36183,-102.590289
2/21/2024,12:29:48,-13.36183,-102.580289
2/21/2024,12:29:48,-13.34183,-102.560289
2/21/2024,12:29:48,-13.34183,-102.560289
2/21/2024,12:29:48,-13.33183,-102.560289
2/21/2024,12:29:48,-13.34183,-102.580289
2/21/2024,12:29:49,-13.34183,-102.590289
2/21/2024,12:29:49,-13.33183,-102.610289
2/21/2024,12:29:49,-13.32183,-102.610289
2/21/2024,12:29:49,-13.31183,-102.610289
2/21/2024,12:29:49,-13.31183,-102.600289
2/21/2024,12:29:50,-13.30183,-102.580289
2/21/2024,12:29:50,-13.28183,-102.590289
2/21/2024,12:29:50,-13.28183,-102.600289
2/21/2024,12:29:50,-13.29183,-102.610289
2/21/2024,12:29:50,-13.28183,-102.620289
2/21/2024,12:29:51,-13.28183,-102.630289
2/21/2024,12:29:51,-13.27183,-102.630289
2/21/2024,12:29:51,-13.28183,-102.630289
2/21/2024,12:29:51,-13.28183,-102.620289
2/21/2024,12:29:51,-13.27183,-102.610289
2/21/2024,12:29:52,-13.27183,-102.610289
2/21/2024,12:29:52,-13.27183,-102.620289
2/21/2024,12:29:52,-13.29183,-102.620289
2/21/2024,12:29:52,-13.28183,-102.620289
2/21/2024,12:29:52,-13.28183,-102.630289
2/21/2024,12:29:53,-13.29183,-102.640289
2/21/2024,12:29:53,-13.30183,-102.650289
2/21/2024,12:29:53,-13.31183,-102.650289
2/21/2024,12:29:53,-13.31183,-102.660289
2/21/2024,12:29:53,-13.31183,-102.640289
2/21/2024,12:29:54,-13.30183,-102.620289
2/21/2024,12:29:54,-13.29183,-102.600289
2/21/2024,12:29:54,-13.28183,-102.600289
2/21/2024,12:29:54,-13.28183,-102.600289
2/21/2024,12:29:54,-13.30183,-102.620289
2/21/2024,12:29:55,-13.30183,-102.640289
2/21/2024,12:29:55,-13.30183,-102.650289
2/21/2024,12:29:55,-13.30183,-102.660289
2/21/2024,12:29:55,-13.30183,-102.650289
2/21/2024,12:29:55,-13.30183,-102.630289
2/21/2024,12:29:56,-13.30183,-102.620289
2/21/2024,12:29:56,-13.29183,-102.620289
2/21/2024,12:29:56,-13.29183,-102.630289
2/21/2024,12:29:56,-13.30183,-102.640289
2/21/2024,12:29:56,-13.30183,-102.650289
2/21/2024,12:29:57,-13.29183,-102.660289
2/21/2024,12:29:57,-13.29183,-102.650289
2/21/2024,12:29:57,-13.30183,-102.640289
2/21/2024,12:29:57,-13.29183,-102.630289
2/21/2024,12:29:57,-13.29183,-102.630289
2/21/2024,12:29:58,-13.30183,-102.640289
2/21/2024,12:29:58,-13.31183,-102.660289
2/21/2024,12:29:58,-13.32183,-102.680289
2/21/2024,12:29:58,-13.32183,-102.680289
2/21/2024,12:29:58,-13.31183,-102.670289
2/21/2024,12:29:59,-13.31183,-102.650289
2/21/2024,12:29:59,-13.30183,-102.630289
2/21/2024,12:29:59,-13.30183,-102.630289
2/21/2024,12:29:59,-13.31183,-102.630289
2/21/2024,12:29:59,-13.33183,-102.640289
2/21/2024,12:30:00,-13.34183,-102.650289
2/21/2024,12:30:00,-13.35183,-102.670289
2/21/2024,12:30:00,-13.35183,-102.680289
2/21/2024,12:30:00,-13.36183,-102.680289
2/21/2024,12:30:00,-13.37183,-102.670289
2/21/2024,12:30:01,-13.37183,-102.660289
2/21/2024,12:30:01,-13.37183,-102.640289
2/21/2024,12:30:01,-13.36183,-102.640289
2/21/2024,12:30:01,-13.36183,-102.650289
2/21/2024,12:30:01,-13.38183,-102.650289
2/21/2024,12:30:02,-13.39183,-102.660289
2/21/2024,12:30:02,-13.39183,-102.670289
2/21/2024,12:30:02,-13.40183,-102.680289
2/21/2024,12:30:02,-13.41183,-102.680289
2/21/2024,12:30:02,-13.41183,-102.690289
2/21/2024,12:30:03,-13.42183,-102.690289
2/21/2024,12:30:03,-13.42183,-102.690289
2/21/2024,12:30:03,-13.42183,-102.690289
2/21/2024,12:30:03,-13.42183,-102.680289
2/21/2024,12:30:03,-13.42183,-102.680289
2/21/2024,12:30:04,-13.42183,-102.680289
2/21/2024,12:30:04,-13.42183,-102.680289
2/21/2024,12:30:04,-13.41183,-102.680289
2/21/2024,12:30:04,-13.42183,-102.690289
2/21/2024,12:30:04,-13.42183,-102.700289
2/21/2024,12:30:05,-13.42183,-102.700289
2/21/2024,12:30:05,-13.41183,-102.700289
2/21/2024,12:30:05,-13.40183,-102.700289
2/21/2024,12:30:05,-13.40183,-102.700289
2/21/2024,12:30:05,-13.40183,-102.710289
2/21/2024,12:30:06,-13.40183,-102.710289
2/21/2024,12:30:06,-13.40183,-102.700289
2/21/2024,12:30:06,-13.38183,-102.700289
2/21/2024,12:30:06,-13.37183,-102.690289
2/21/2024,12:30:06,-13.36183,-102.680289
2/21/2024,12:30:07,-13.37183,-102.690289
2/21/2024,12:30:07,-13.37183,-102.700289
2/21/2024,12:30:07,-13.37183,-102.710289
2/21/2024,12:30:07,-13.37183,-102.720289
2/21/2024,12:30:07,-13.36183,-102.720289
2/21/2024,12:30:08,-13.36183,-102.710289
2/21/2024,12:30:08,-13.35183,-102.700289
2/21/2024,12:30:08,-13.34183,-102.680289
2/21/2024,12:30:08,-13.33183,-102.680289
2/21/2024,12:30:08,-13.33183,-102.670289
2/21/2024,12:30:09,-13.34183,-102.670289
2/21/2024,12:30:09,-13.33183,-102.680289
2/21/2024,12:30:09,-13.34183,-102.680289
2/21/2024,12:30:09,-13.34183,-102.690289
2/21/2024,12:30:09,-13.35183,-102.700289
2/21/2024,12:30:10,-13.35183,-102.700289
2/21/2024,12:30:10,-13.35183,-102.700289
2/21/2024,12:30:10,-13.35183,-102.680289
2/21/2024,12:30:10,-13.35183,-102.660289
2/21/2024,12:30:10,-13.34183,-102.650289
2/21/2024,12:30:11,-13.34183,-102.650289
2/21/2024,12:30:11,-13.34183,-102.660289
2/21/2024,12:30:11,-13.35183,-102.670289
2/21/2024,12:30:11,-13.35183,-102.670289
2/21/2024,12:30:11,-13.35183,-102.670289
2/21/2024,12:30:12,-13.34183,-102.670289
2/21/2024,12:30:12,-13.35183,-102.670289
2/21/2024,12:30:12,-13.35183,-102.670289
2/21/2024,12:30:12,-13.35183,-102.680289
2/21/2024,12:30:12,-13.35183,-102.670289
2/21/2024,12:30:13,-13.35183,-102.660289
2/21/2024,12:30:13,-13.34183,-102.650289
2/21/2024,12:30:13,-13.33183,-102.640289
2/21/2024,12:30:13,-13.32183,-102.640289
2/21/2024,12:30:13,-13.32183,-102.640289
2/21/2024,12:30:14,-13.33183,-102.650289
2/21/2024,12:30:14,-13.32183,-102.660289
2/21/2024,12:30:14,-13.32183,-102.670289
2/21/2024,12:30:14,-13.32183,-102.680289
2/21/2024,12:30:14,-13.31183,-102.680289
2/21/2024,12:30:15,-13.31183,-102.670289
2/21/2024,12:30:15,-13.31183,-102.660289
2/21/2024,12:30:15,-13.30183,-102.650289
2/21/2024,12:30:15,-13.30183,-102.650289
2/21/2024,12:30:15,-13.29183,-102.660289
2/21/2024,12:30:16,-13.30183,-102.660289
2/21/2024,12:30:16,-13.30183,-102.670289
2/21/2024,12:30:16,-13.30183,-102.680289
2/21/2024,12:30:16,-13.30183,-102.700289
2/21/2024,12:30:16,-13.31183,-102.700289
2/21/2024,12:30:17,-13.31183,-102.710289
2/21/2024,12:30:17,-13.31183,-102.700289
2/21/2024,12:30:17,-13.30183,-102.690289
2/21/2024,12:30:17,-13.30183,-102.680289
2/21/2024,12:30:17,-13.29183,-102.680289
2/21/2024,12:30:18,-13.29183,-102.680289
2/21/2024,12:30:18,-13.29183,-102.690289
2/21/2024,12:30:18,-13.29183,-102.690289
2/21/2024,12:30:18,-13.28183,-102.690289
2/21/2024,12:30:18,-13.28183,-102.700289
2/21/2024,12:30:19,-13.28183,-102.710289
2/21/2024,12:30:19,-13.28183,-102.720289
2/21/2024,12:30:19,-13.28183,-102.720289
2/21/2024,12:30:19,-13.28183,-102.710289
2/21/2024,12:30:19,-13.27183,-102.700289
2/21/2024,12:30:20,-13.27183,-102.690289
2/21/2024,12:30:20,-13.27183,-102.690289
2/21/2024,12:30:20,-13.27183,-102.690289
2/21/2024,12:30:20,-13.27183,-102.700289
2/21/2024,12:30:20,-13.28183,-102.700289
2/21/2024,12:30:21,-13.27183,-102.700289
2/21/2024,12:30:21,-13.27183,-102.700289
2/21/2024,12:30:21,-13.27183,-102.700289
2/21/2024,12:30:21,-13.27183,-102.710289
2/21/2024,12:30:21,-13.27183,-102.720289
2/21/2024,12:30:22,-13.27183,-102.720289
2/21/2024,12:30:22,-13.28183,-102.700289
2/21/2024,12:30:22,-13.28183,-102.690289
2/21/2024,12:30:22,-13.27183,-102.680289
2/21/2024,12:30:22,-13.27183,-102.670289
2/21/2024,12:30:23,-13.28183,-102.680289
2/21/2024,12:30:23,-13.28183,-102.680289
2/21/2024,12:30:23,-13.28183,-102.680289
2/21/2024,12:30:23,-13.27183,-102.680289
2/21/2024,12:30:23,-13.27183,-102.680289
2/21/2024,12:30:24,-13.28183,-102.680289
2/21/2024,12:30:24,-13.28183,-102.680289
2/21/2024,12:30:24,-13.28183,-102.680289
2/21/2024,12:30:24,-13.28183,-102.680289
2/21/2024,12:30:24,-13.28183,-102.680289
2/21/2024,12:30:25,-13.28183,-102.680289
2/21/2024,12:30:25,-13.29183,-102.680289
2/21/2024,12:30:25,-13.29183,-102.690289
2/21/2024,12:30:25,-13.30183,-102.690289
2/21/2024,12:30:25,-13.30183,-102.690289
2/21/2024,12:30:26,-13.29183,-102.690289
2/21/2024,12:30:26,-13.29183,-102.680289
2/21/2024,12:30:26,-13.30183,-102.690289
2/21/2024,12:30:26,-13.30183,-102.690289
2/21/2024,12:30:26,-13.30183,-102.700289
2/21/2024,12:30:27,-13.30183,-102.710289
2/21/2024,12:30:27,-13.30183,-102.700289
2/21/2024,12:30:27,-13.30183,-102.690289
2/21/2024,12:30:27,-13.29183,-102.680289
2/21/2024,12:30:27,-13.28183,-102.670289
2/21/2024,12:30:28,-13.28183,-102.660289
2/21/2024,12:30:28,-13.29183,-102.670289
2/21/2024,12:30:28,-13.29183,-102.680289
2/21/2024,12:30:28,-13.31183,-102.690289
2/21/2024,12:30:28,-13.31183,-102.700289
2/21/2024,12:30:29,-13.32183,-102.710289
2/21/2024,12:30:29,-13.32183,-102.700289
2/21/2024,12:30:29,-13.32183,-102.680289
2/21/2024,12:30:29,-13.31183,-102.670289
2/21/2024,12:30:29,-13.31183,-102.660289
2/21/2024,12:30:30,-13.31183,-102.660289
2/21/2024,12:30:30,-13.32183,-102.670289
2/21/2024,12:30:30,-13.33183,-102.680289
2/21/2024,12:30:30,-13.33183,-102.680289
2/21/2024,12:30:30,-13.33183,-102.690289
2/21/2024,12:30:31,-13.33183,-102.690289
2/21/2024,12:30:31,-13.34183,-102.680289
2/21/2024,12:30:31,-13.34183,-102.660289
2/21/2024,12:30:31,-13.33183,-102.650289
2/21/2024,12:30:31,-13.32183,-102.650289
2/21/2024,12:30:32,-13.33183,-102.650289
2/21/2024,12:30:32,-13.33183,-102.650289
2/21/2024,12:30:32,-13.34183,-102.660289
2/21/2024,12:30:32,-13.34183,-102.660289
2/21/2024,12:30:32,-13.34183,-102.660289
2/21/2024,12:30:33,-13.35183,-102.660289
2/21/2024,12:30:33,-13.35183,-102.650289
2/21/2024,12:30:33,-13.35183,-102.640289
2/21/2024,12:30:33,-13.35183,-102.630289
2/21/2024,12:30:33,-13.34183,-102.630289
2/21/2024,12:30:34,-13.35183,-102.640289
2/21/2024,12:30:34,-13.35183,-102.640289
2/21/2024,12:30:34,-13.36183,-102.650289
2/21/2024,12:30:34,-13.37183,-102.660289
2/21/2024,12:30:34,-13.37183,-102.660289
2/21/2024,12:30:35,-13.37183,-102.670289
2/21/2024,12:30:35,-13.38183,-102.660289
2/21/2024,12:30:35,-13.37183,-102.650289
2/21/2024,12:30:35,-13.36183,-102.640289
2/21/2024,12:30:35,-13.36183,-102.640289
2/21/2024,12:30:36,-13.36183,-102.650289
2/21/2024,12:30:36,-13.36183,-102.660289
2/21/2024,12:30:36,-13.36183,-102.670289
2/21/2024,12:30:36,-13.35183,-102.680289
2/21/2024,12:30:36,-13.35183,-102.680289
2/21/2024,12:30:37,-13.34183,-102.690289
2/21/2024,12:30:37,-13.34183,-102.690289
2/21/2024,12:30:37,-13.34183,-102.690289
2/21/2024,12:30:37,-13.33183,-102.690289
2/21/2024,12:30:37,-13.33183,-102.690289
2/21/2024,12:30:38,-13.32183,-102.690289
2/21/2024,12:30:38,-13.32183,-102.700289
2/21/2024,12:30:38,-13.32183,-102.700289
2/21/2024,12:30:38,-13.32183,-102.700289
2/21/2024,12:30:38,-13.31183,-102.710289
2/21/2024,12:30:39,-13.31183,-102.720289
2/21/2024,12:30:39,-13.31183,-102.730289
2/21/2024,12:30:39,-13.30183,-102.720289
2/21/2024,12:30:39,-13.30183,-102.720289
2/21/2024,12:30:39,-13.29183,-102.710289
2/21/2024,12:30:40,-13.28183,-102.710289
2/21/2024,12:30:40,-13.28183,-102.710289
2/21/2024,12:30:40,-13.28183,-102.720289
2/21/2024,12:30:40,-13.28183,-102.730289
2/21/2024,12:30:40,-13.28183,-102.740289
2/21/2024,12:30:41,-13.28183,-102.740289
2/21/2024,12:30:41,-13.28183,-102.750289
2/21/2024,12:30:41,-13.28183,-102.750289
2/21/2024,12:30:41,-13.27183,-102.750289
2/21/2024,12:30:41,-13.26183,-102.740289
2/21/2024,12:30:42,-13.26183,-102.740289
2/21/2024,12:30:42,-13.25183,-102.730289
2/21/2024,12:30:42,-13.25183,-102.730289
2/21/2024,12:30:42,-13.25183,-102.730289
2/21/2024,12:30:42,-13.25183,-102.740289
2/21/2024,12:30:43,-13.25183,-102.750289
2/21/2024,12:30:43,-13.25183,-102.750289
2/21/2024,12:30:43,-13.25183,-102.750289
2/21/2024,12:30:43,-13.25183,-102.750289
2/21/2024,12:30:43,-13.25183,-102.740289
2/21/2024,12:30:44,-13.25183,-102.720289
2/21/2024,12:30:44,-13.26183,-102.720289
2/21/2024,12:30:44,-13.26183,-102.720289
2/21/2024,12:30:44,-13.26183,-102.710289
2/21/2024,12:30:44,-13.26183,-102.710289
2/21/2024,12:30:45,-13.27183,-102.710289
2/21/2024,12:30:45,-13.27183,-102.700289
2/21/2024,12:30:45,-13.27183,-102.710289
2/21/2024,12:30:45,-13.28183,-102.710289
2/21/2024,12:30:45,-13.29183,-102.720289
2/21/2024,12:30:46,-13.29183,-102.710289
2/21/2024,12:30:46,-13.30183,-102.700289
2/21/2024,12:30:46,-13.30183,-102.690289
2/21/2024,12:30:46,-13.29183,-102.670289
2/21/2024,12:30:46,-13.29183,-102.660289
2/21/2024,12:30:47,-13.28183,-102.660289
2/21/2024,12:30:47,-13.30183,-102.650289
2/21/2024,12:30:47,-13.30183,-102.650289
2/21/2024,12:30:47,-13.30183,-102.650289
2/21/2024,12:30:47,-13.31183,-102.660289
2/21/2024,12:30:48,-13.31183,-102.660289
2/21/2024,12:30:48,-13.32183,-102.660289
2/21/2024,12:30:48,-13.33183,-102.660289
2/21/2024,12:30:48,-13.33183,-102.640289
2/21/2024,12:30:48,-13.33183,-102.630289
2/21/2024,12:30:49,-13.32183,-102.620289
2/21/2024,12:30:49,-13.33183,-102.620289
2/21/2024,12:30:49,-13.33183,-102.630289
2/21/2024,12:30:49,-13.34183,-102.630289
2/21/2024,12:30:49,-13.34183,-102.630289
2/21/2024,12:30:50,-13.34183,-102.630289
2/21/2024,12:30:50,-13.34183,-102.620289
2/21/2024,12:30:50,-13.34183,-102.620289
2/21/2024,12:30:50,-13.34183,-102.620289
2/21/2024,12:30:50,-13.34183,-102.620289
2/21/2024,12:30:51,-13.34183,-102.610289
2/21/2024,12:30:51,-13.35183,-102.600289
2/21/2024,12:30:51,-13.34183,-102.600289
2/21/2024,12:30:51,-13.34183,-102.600289
2/21/2024,12:30:51,-13.35183,-102.600289
2/21/2024,12:30:52,-13.35183,-102.600289
2/21/2024,12:30:52,-13.35183,-102.600289
2/21/2024,12:30:52,-13.34183,-102.600289
2/21/2024,12:30:52,-13.34183,-102.590289
2/21/2024,12:30:52,-13.35183,-102.590289
2/21/2024,12:30:53,-13.35183,-102.600289
2/21/2024,12:30:53,-13.35183,-102.600289
2/21/2024,12:30:53,-13.34183,-102.600289
2/21/2024,12:30:53,-13.34183,-102.610289
2/21/2024,12:30:53,-13.34183,-102.600289
2/21/2024,12:30:54,-13.34183,-102.590289
2/21/2024,12:30:54,-13.34183,-102.580289
2/21/2024,12:30:54,-13.33183,-102.570289
2/21/2024,12:30:54,-13.33183,-102.570289
2/21/2024,12:30:54,-13.33183,-102.570289
2/21/2024,12:30:55,-13.33183,-102.570289
2/21/2024,12:30:55,-13.33183,-102.570289
2/21/2024,12:30:55,-13.33183,-102.570289
2/21/2024,12:30:55,-13.33183,-102.570289
2/21/2024,12:30:55,-13.34183,-102.570289
2/21/2024,12:30:56,-13.34183,-102.570289
2/21/2024,12:30:56,-13.35183,-102.560289
2/21/2024,12:30:56,-13.35183,-102.560289
2/21/2024,12:30:56,-13.36183,-102.550289
2/21/2024,12:30:56,-13.36183,-102.550289
2/21/2024,12:30:57,-13.36183,-102.550289
2/21/2024,12:30:57,-13.37183,-102.540289
2/21/2024,12:30:57,-13.36183,-102.530289
2/21/2024,12:30:57,-13.36183,-102.520289
2/21/2024,12:30:57,-13.36183,-102.520289
2/21/2024,12:30:58,-13.37183,-102.530289
2/21/2024,12:30:58,-13.37183,-102.540289
2/21/2024,12:30:58,-13.37183,-102.560289
2/21/2024,12:30:58,-13.38183,-102.570289
2/21/2024,12:30:58,-13.38183,-102.560289
2/21/2024,12:30:59,-13.38183,-102.550289
2/21/2024,12:30:59,-13.39183,-102.550289
2/21/2024,12:30:59,-13.38183,-102.540289
2/21/2024,12:30:59,-13.37183,-102.540289
2/21/2024,12:30:59,-13.38183,-102.540289
2/21/2024,12:31:00,-13.38183,-102.540289
2/21/2024,12:31:00,-13.38183,-102.550289
2/21/2024,12:31:00,-13.38183,-102.560289
2/21/2024,12:31:00,-13.38183,-102.570289
2/21/2024,12:31:00,-13.38183,-102.580289
2/21/2024,12:31:01,-13.38183,-102.580289
2/21/2024,12:31:01,-13.38183,-102.580289
2/21/2024,12:31:01,-13.38183,-102.570289
2/21/2024,12:31:01,-13.38183,-102.560289
2/21/2024,12:31:01,-13.38183,-102.560289
2/21/2024,12:31:02,-13.37183,-102.560289
2/21/2024,12:31:02,-13.37183,-102.570289
2/21/2024,12:31:02,-13.37183,-102.570289
2/21/2024,12:31:02,-13.37183,-102.570289
2/21/2024,12:31:02,-13.35183,-102.560289
2/21/2024,12:31:03,-13.35183,-102.560289
2/21/2024,12:31:03,-13.35183,-102.560289
2/21/2024,12:31:03,-13.34183,-102.560289
2/21/2024,12:31:03,-13.34183,-102.570289
2/21/2024,12:31:03,-13.34183,-102.580289
2/21/2024,12:31:04,-13.34183,-102.570289
2/21/2024,12:31:04,-13.33183,-102.550289
2/21/2024,12:31:04,-13.33183,-102.540289
2/21/2024,12:31:04,-13.32183,-102.530289
2/21/2024,12:31:04,-13.31183,-102.530289
2/21/2024,12:31:05,-13.32183,-102.530289
2/21/2024,12:31:05,-13.32183,-102.520289
2/21/2024,12:31:05,-13.33183,-102.530289
2/21/2024,12:31:05,-13.32183,-102.540289
2/21/2024,12:31:05,-13.33183,-102.540289
2/21/2024,12:31:06,-13.34183,-102.550289
2/21/2024,12:31:06,-13.34183,-102.550289
2/21/2024,12:31:06,-13.34183,-102.540289
2/21/2024,12:31:06,-13.34183,-102.520289
2/21/2024,12:31:06,-13.33183,-102.500289
2/21/2024,12:31:07,-13.33183,-102.490289
2/21/2024,12:31:07,-13.33183,-102.490289
2/21/2024,12:31:07,-13.34183,-102.490289
2/21/2024,12:31:07,-13.35183,-102.500289
2/21/2024,12:31:07,-13.35183,-102.510289
2/21/2024,12:31:08,-13.35183,-102.530289
2/21/2024,12:31:08,-13.36183,-102.530289
2/21/2024,12:31:08,-13.36183,-102.530289
2/21/2024,12:31:08,-13.36183,-102.510289
2/21/2024,12:31:08,-13.36183,-102.500289
2/21/2024,12:31:09,-13.35183,-102.490289
2/21/2024,12:31:09,-13.34183,-102.480289
2/21/2024,12:31:09,-13.34183,-102.490289
2/21/2024,12:31:09,-13.34183,-102.490289
2/21/2024,12:31:09,-13.34183,-102.500289
2/21/2024,12:31:10,-13.34183,-102.520289
2/21/2024,12:31:10,-13.34183,-102.530289
2/21/2024,12:31:10,-13.35183,-102.540289
2/21/2024,12:31:10,-13.35183,-102.540289
2/21/2024,12:31:10,-13.34183,-102.540289
2/21/2024,12:31:11,-13.34183,-102.540289
2/21/2024,12:31:11,-13.33183,-102.530289
2/21/2024,12:31:11,-13.32183,-102.530289
2/21/2024,12:31:11,-13.31183,-102.540289
2/21/2024,12:31:11,-13.31183,-102.540289
2/21/2024,12:31:12,-13.31183,-102.540289
2/21/2024,12:31:12,-13.31183,-102.550289
2/21/2024,12:31:12,-13.30183,-102.550289
2/21/2024,12:31:12,-13.30183,-102.570289
2/21/2024,12:31:12,-13.30183,-102.570289
2/21/2024,12:31:13,-13.30183,-102.580289
2/21/2024,12:31:13,-13.30183,-102.590289
2/21/2024,12:31:13,-13.29183,-102.600289
2/21/2024,12:31:13,-13.30183,-102.590289
2/21/2024,12:31:13,-13.29183,-102.590289
2/21/2024,12:31:14,-13.28183,-102.590289
2/21/2024,12:31:14,-13.27183,-102.590289
2/21/2024,12:31:14,-13.27183,-102.590289
2/21/2024,12:31:14,-13.27183,-102.590289
2/21/2024,12:31:14,-13.26183,-102.600289
2/21/2024,12:31:15,-13.25183,-102.600289
2/21/2024,12:31:15,-13.25183,-102.610289
2/21/2024,12:31:15,-13.24183,-102.620289
2/21/2024,12:31:15,-13.24183,-102.630289
2/21/2024,12:31:15,-13.23183,-102.630289
2/21/2024,12:31:16,-13.23183,-102.630289
2/21/2024,12:31:16,-13.24183,-102.630289
2/21/2024,12:31:16,-13.24183,-102.620289
2/21/2024,12:31:16,-13.24183,-102.620289
2/21/2024,12:31:16,-13.25183,-102.630289
2/21/2024,12:31:17,-13.25183,-102.630289
2/21/2024,12:31:17,-13.25183,-102.630289
2/21/2024,12:31:17,-13.25183,-102.630289
2/21/2024,12:31:17,-13.25183,-102.630289
2/21/2024,12:31:17,-13.26183,-102.630289
2/21/2024,12:31:18,-13.26183,-102.640289
2/21/2024,12:31:18,-13.26183,-102.640289
2/21/2024,12:31:18,-13.26183,-102.640289
2/21/2024,12:31:18,-13.26183,-102.640289
2/21/2024,12:31:18,-13.27183,-102.630289
2/21/2024,12:31:19,-13.26183,-102.630289
2/21/2024,12:31:19,-13.26183,-102.630289
2/21/2024,12:31:19,-13.26183,-102.640289
2/21/2024,12:31:19,-13.27183,-102.640289
2/21/2024,12:31:19,-13.28183,-102.640289
2/21/2024,12:31:20,-13.28183,-102.640289
2/21/2024,12:31:20,-13.28183,-102.640289
2/21/2024,12:31:20,-13.29183,-102.640289
2/21/2024,12:31:20,-13.30183,-102.640289
2/21/2024,12:31:20,-13.30183,-102.650289
2/21/2024,12:31:21,-13.31183,-102.650289
2/21/2024,12:31:21,-13.32183,-102.650289
2/21/2024,12:31:21,-13.32183,-102.650289
2/21/2024,12:31:21,-13.33183,-102.640289
2/21/2024,12:31:21,-13.34183,-102.640289
2/21/2024,12:31:22,-13.34183,-102.640289
2/21/2024,12:31:22,-13.34183,-102.640289
2/21/2024,12:31:22,-13.35183,-102.640289
2/21/2024,12:31:22,-13.35183,-102.640289
2/21/2024,12:31:22,-13.35183,-102.640289
2/21/2024,12:31:23,-13.35183,-102.640289
2/21/2024,12:31:23,-13.35183,-102.640289
2/21/2024,12:31:23,-13.36183,-102.650289
2/21/2024,12:31:23,-13.36183,-102.650289
2/21/2024,12:31:23,-13.36183,-102.650289
2/21/2024,12:31:24,-13.36183,-102.650289
2/21/2024,12:31:24,-13.36183,-102.650289
2/21/2024,12:31:24,-13.36183,-102.640289
2/21/2024,12:31:24,-13.36183,-102.640289
2/21/2024,12:31:24,-13.36183,-102.640289
2/21/2024,12:31:25,-13.36183,-102.640289
2/21/2024,12:31:25,-13.36183,-102.650289
2/21/2024,12:31:25,-13.36183,-102.650289
2/21/2024,12:31:25,-13.36183,-102.660289
2/21/2024,12:31:25,-13.36183,-102.670289
2/21/2024,12:31:26,-13.37183,-102.670289
2/21/2024,12:31:26,-13.37183,-102.680289
2/21/2024,12:31:26,-13.37183,-102.670289
2/21/2024,12:31:26,-13.36183,-102.660289
2/21/2024,12:31:26,-13.35183,-102.660289
2/21/2024,12:31:27,-13.35183,-102.650289
2/21/2024,12:31:27,-13.34183,-102.660289
2/21/2024,12:31:27,-13.35183,-102.680289
2/21/2024,12:31:27,-13.35183,-102.690289
2/21/2024,12:31:27,-13.34183,-102.690289
2/21/2024,12:31:28,-13.34183,-102.700289
2/21/2024,12:31:28,-13.34183,-102.700289
2/21/2024,12:31:28,-13.33183,-102.690289
2/21/2024,12:31:28,-13.33183,-102.690289
2/21/2024,12:31:28,-13.32183,-102.680289
2/21/2024,12:31:29,-13.31183,-102.670289
2/21/2024,12:31:29,-13.31183,-102.670289
2/21/2024,12:31:29,-13.32183,-102.680289
2/21/2024,12:31:29,-13.33183,-102.690289
2/21/2024,12:31:29,-13.33183,-102.700289
2/21/2024,12:31:30,-13.33183,-102.700289
2/21/2024,12:31:30,-13.33183,-102.700289
2/21/2024,12:31:30,-13.34183,-102.690289
2/21/2024,12:31:30,-13.33183,-102.680289
2/21/2024,12:31:30,-13.33183,-102.670289
2/21/2024,12:31:31,-13.33183,-102.670289
2/21/2024,12:31:31,-13.33183,-102.670289
2/21/2024,12:31:31,-13.34183,-102.670289
2/21/2024,12:31:31,-13.34183,-102.680289
2/21/2024,12:31:31,-13.34183,-102.690289
2/21/2024,12:31:32,-13.34183,-102.690289
2/21/2024,12:31:32,-13.34183,-102.700289
2/21/2024,12:31:32,-13.34183,-102.700289
2/21/2024,12:31:32,-13.34183,-102.700289
2/21/2024,12:31:32,-13.34183,-102.690289
2/21/2024,12:31:33,-13.34183,-102.680289
2/21/2024,12:31:33,-13.34183,-102.680289
2/21/2024,12:31:33,-13.34183,-102.680289
2/21/2024,12:31:33,-13.34183,-102.680289
2/21/2024,12:31:33,-13.34183,-102.680289
2/21/2024,12:31:34,-13.34183,-102.680289
2/21/2024,12:31:34,-13.34183,-102.690289
2/21/2024,12:31:34,-13.34183,-102.690289
2/21/2024,12:31:34,-13.34183,-102.690289
2/21/2024,12:31:34,-13.34183,-102.700289
2/21/2024,12:31:35,-13.34183,-102.690289
2/21/2024,12:31:35,-13.34183,-102.690289
2/21/2024,12:31:35,-13.34183,-102.690289
2/21/2024,12:31:35,-13.34183,-102.690289
2/21/2024,12:31:35,-13.34183,-102.690289
2/21/2024,12:31:36,-13.34183,-102.680289
2/21/2024,12:31:36,-13.34183,-102.680289
2/21/2024,12:31:36,-13.33183,-102.690289
2/21/2024,12:31:36,-13.33183,-102.690289
2/21/2024,12:31:36,-13.33183,-102.690289
2/21/2024,12:31:37,-13.33183,-102.700289
2/21/2024,12:31:37,-13.33183,-102.700289
2/21/2024,12:31:37,-13.33183,-102.700289
2/21/2024,12:31:37,-13.33183,-102.690289
2/21/2024,12:31:37,-13.32183,-102.680289
2/21/2024,12:31:38,-13.32183,-102.670289
2/21/2024,12:31:38,-13.31183,-102.670289
2/21/2024,12:31:38,-13.30183,-102.650289
2/21/2024,12:31:38,-13.31183,-102.650289
2/21/2024,12:31:38,-13.31183,-102.660289
2/21/2024,12:31:39,-13.31183,-102.670289
2/21/2024,12:31:39,-13.31183,-102.680289
2/21/2024,12:31:39,-13.31183,-102.680289
2/21/2024,12:31:39,-13.31183,-102.690289
2/21/2024,12:31:39,-13.31183,-102.680289
2/21/2024,12:31:40,-13.31183,-102.680289
2/21/2024,12:31:40,-13.31183,-102.670289
2/21/2024,12:31:40,-13.31183,-102.660289
2/21/2024,12:31:40,-13.30183,-102.660289
2/21/2024,12:31:40,-13.31183,-102.660289
2/21/2024,12:31:41,-13.31183,-102.660289
2/21/2024,12:31:41,-13.31183,-102.660289
2/21/2024,12:31:41,-13.31183,-102.670289
2/21/2024,12:31:41,-13.31183,-102.670289
2/21/2024,12:31:41,-13.31183,-102.670289
2/21/2024,12:31:42,-13.31183,-102.670289
2/21/2024,12:31:42,-13.31183,-102.670289
2/21/2024,12:31:42,-13.32183,-102.660289
2/21/2024,12:31:42,-13.32183,-102.650289
2/21/2024,12:31:42,-13.31183,-102.650289
2/21/2024,12:31:43,-13.31183,-102.650289
2/21/2024,12:31:43,-13.32183,-102.650289
2/21/2024,12:31:43,-13.32183,-102.660289
2/21/2024,12:31:43,-13.32183,-102.670289
2/21/2024,12:31:43,-13.32183,-102.670289
2/21/2024,12:31:44,-13.33183,-102.670289
2/21/2024,12:31:44,-13.33183,-102.670289
2/21/2024,12:31:44,-13.34183,-102.660289
2/21/2024,12:31:44,-13.33183,-102.650289
2/21/2024,12:31:44,-13.33183,-102.660289
2/21/2024,12:31:45,-13.33183,-102.660289
2/21/2024,12:31:45,-13.34183,-102.660289
2/21/2024,12:31:45,-13.33183,-102.670289
2/21/2024,12:31:45,-13.33183,-102.680289
2/21/2024,12:31:45,-13.33183,-102.680289
2/21/2024,12:31:46,-13.34183,-102.690289
2/21/2024,12:31:46,-13.34183,-102.690289
2/21/2024,12:31:46,-13.34183,-102.680289
2/21/2024,12:31:46,-13.34183,-102.670289
2/21/2024,12:31:46,-13.33183,-102.650289
2/21/2024,12:31:47,-13.33183,-102.650289
2/21/2024,12:31:47,-13.33183,-102.650289
2/21/2024,12:31:47,-13.33183,-102.650289
2/21/2024,12:31:47,-13.33183,-102.660289
2/21/2024,12:31:47,-13.33183,-102.670289
2/21/2024,12:31:48,-13.33183,-102.670289
2/21/2024,12:31:48,-13.33183,-102.680289
2/21/2024,12:31:48,-13.33183,-102.680289
2/21/2024,12:31:48,-13.33183,-102.680289
2/21/2024,12:31:48,-13.33183,-102.670289
2/21/2024,12:31:49,-13.33183,-102.660289
2/21/2024,12:31:49,-13.32183,-102.650289
2/21/2024,12:31:49,-13.31183,-102.650289
2/21/2024,12:31:49,-13.31183,-102.650289
2/21/2024,12:31:49,-13.31183,-102.650289
2/21/2024,12:31:50,-13.31183,-102.650289
2/21/2024,12:31:50,-13.31183,-102.660289
2/21/2024,12:31:50,-13.31183,-102.670289
2/21/2024,12:31:50,-13.31183,-102.680289
2/21/2024,12:31:50,-13.32183,-102.680289
2/21/2024,12:31:51,-13.32183,-102.670289
2/21/2024,12:31:51,-13.32183,-102.660289
2/21/2024,12:31:51,-13.32183,-102.650289
2/21/2024,12:31:51,-13.32183,-102.650289
2/21/2024,12:31:51,-13.32183,-102.650289
2/21/2024,12:31:52,-13.32183,-102.640289
2/21/2024,12:31:52,-13.32183,-102.640289
2/21/2024,12:31:52,-13.32183,-102.640289
2/21/2024,12:31:52,-13.33183,-102.640289
2/21/2024,12:31:52,-13.33183,-102.640289
2/21/2024,12:31:53,-13.34183,-102.650289
2/21/2024,12:31:53,-13.34183,-102.650289
2/21/2024,12:31:53,-13.34183,-102.650289
2/21/2024,12:31:53,-13.35183,-102.650289
2/21/2024,12:31:53,-13.35183,-102.630289
2/21/2024,12:31:54,-13.35183,-102.630289
2/21/2024,12:31:54,-13.35183,-102.620289
2/21/2024,12:31:54,-13.35183,-102.620289
2/21/2024,12:31:54,-13.36183,-102.620289
2/21/2024,12:31:54,-13.36183,-102.620289
2/21/2024,12:31:55,-13.36183,-102.620289
2/21/2024,12:31:55,-13.37183,-102.630289
2/21/2024,12:31:55,-13.37183,-102.630289
2/21/2024,12:31:55,-13.38183,-102.630289
2/21/2024,12:31:55,-13.38183,-102.630289
2/21/2024,12:31:56,-13.38183,-102.630289
2/21/2024,12:31:56,-13.39183,-102.620289
2/21/2024,12:31:56,-13.39183,-102.620289
2/21/2024,12:31:56,-13.39183,-102.620289
2/21/2024,12:31:56,-13.40183,-102.620289
2/21/2024,12:31:57,-13.40183,-102.620289
2/21/2024,12:31:57,-13.39183,-102.610289
2/21/2024,12:31:57,-13.39183,-102.600289
2/21/2024,12:31:57,-13.38183,-102.590289
2/21/2024,12:31:57,-13.39183,-102.600289
2/21/2024,12:31:58,-13.39183,-102.610289
2/21/2024,12:31:58,-13.40183,-102.620289
2/21/2024,12:31:58,-13.41183,-102.630289
2/21/2024,12:31:58,-13.40183,-102.630289
2/21/2024,12:31:58,-13.40183,-102.630289
2/21/2024,12:31:59,-13.40183,-102.620289
2/21/2024,12:31:59,-13.39183,-102.610289
2/21/2024,12:31:59,-13.38183,-102.610289
2/21/2024,12:31:59,-13.38183,-102.600289
2/21/2024,12:31:59,-13.37183,-102.600289
2/21/2024,12:32:00,-13.38183,-102.600289
2/21/2024,12:32:00,-13.38183,-102.600289
2/21/2024,12:32:00,-13.37183,-102.620289
2/21/2024,12:32:00,-13.38183,-102.630289
2/21/2024,12:32:00,-13.38183,-102.640289
2/21/2024,12:32:01,-13.38183,-102.640289
2/21/2024,12:32:01,-13.37183,-102.640289
2/21/2024,12:32:01,-13.38183,-102.620289
2/21/2024,12:32:01,-13.38183,-102.610289
2/21/2024,12:32:01,-13.37183,-102.610289
2/21/2024,12:32:02,-13.35183,-102.610289
2/21/2024,12:32:02,-13.35183,-102.600289
2/21/2024,12:32:02,-13.35183,-102.600289
2/21/2024,12:32:02,-13.36183,-102.610289
2/21/2024,12:32:02,-13.35183,-102.620289
2/21/2024,12:32:03,-13.35183,-102.630289
2/21/2024,12:32:03,-13.36183,-102.640289
2/21/2024,12:32:03,-13.36183,-102.640289
2/21/2024,12:32:03,-13.35183,-102.640289
2/21/2024,12:32:03,-13.35183,-102.630289
2/21/2024,12:32:04,-13.36183,-102.620289
2/21/2024,12:32:04,-13.35183,-102.610289
2/21/2024,12:32:04,-13.34183,-102.610289
2/21/2024,12:32:04,-13.34183,-102.610289
2/21/2024,12:32:04,-13.34183,-102.610289
2/21/2024,12:32:05,-13.34183,-102.610289
2/21/2024,12:32:05,-13.34183,-102.610289
2/21/2024,12:32:05,-13.33183,-102.620289
2/21/2024,12:32:05,-13.34183,-102.630289
2/21/2024,12:32:05,-13.33183,-102.630289
2/21/2024,12:32:06,-13.33183,-102.630289
2/21/2024,12:32:06,-13.33183,-102.620289
2/21/2024,12:32:06,-13.33183,-102.610289
2/21/2024,12:32:06,-13.32183,-102.600289
2/21/2024,12:32:06,-13.32183,-102.600289
2/21/2024,12:32:07,-13.32183,-102.600289
2/21/2024,12:32:07,-13.33183,-102.610289
2/21/2024,12:32:07,-13.33183,-102.610289
2/21/2024,12:32:07,-13.32183,-102.620289
2/21/2024,12:32:07,-13.32183,-102.630289
2/21/2024,12:32:08,-13.33183,-102.640289
2/21/2024,12:32:08,-13.33183,-102.650289
2/21/2024,12:32:08,-13.34183,-102.650289
2/21/2024,12:32:08,-13.34183,-102.630289
2/21/2024,12:32:08,-13.33183,-102.620289
2/21/2024,12:32:09,-13.32183,-102.620289
2/21/2024,12:32:09,-13.32183,-102.620289
2/21/2024,12:32:09,-13.32183,-102.630289
2/21/2024,12:32:09,-13.32183,-102.640289
2/21/2024,12:32:09,-13.31183,-102.650289
2/21/2024,12:32:10,-13.31183,-102.660289
2/21/2024,12:32:10,-13.30183,-102.660289
2/21/2024,12:32:10,-13.31183,-102.660289
2/21/2024,12:32:10,-13.30183,-102.650289
2/21/2024,12:32:10,-13.30183,-102.650289
2/21/2024,12:32:11,-13.29183,-102.650289
2/21/2024,12:32:11,-13.29183,-102.650289
2/21/2024,12:32:11,-13.29183,-102.660289
2/21/2024,12:32:11,-13.28183,-102.660289
2/21/2024,12:32:11,-13.28183,-102.670289
2/21/2024,12:32:12,-13.28183,-102.680289
2/21/2024,12:32:12,-13.28183,-102.690289
2/21/2024,12:32:12,-13.28183,-102.690289
2/21/2024,12:32:12,-13.28183,-102.690289
2/21/2024,12:32:12,-13.28183,-102.690289
2/21/2024,12:32:13,-13.28183,-102.680289
2/21/2024,12:32:13,-13.27183,-102.680289
2/21/2024,12:32:13,-13.26183,-102.680289
2/21/2024,12:32:13,-13.26183,-102.680289
2/21/2024,12:32:13,-13.26183,-102.690289
2/21/2024,12:32:14,-13.27183,-102.700289
2/21/2024,12:32:14,-13.27183,-102.710289
2/21/2024,12:32:14,-13.27183,-102.720289
2/21/2024,12:32:14,-13.27183,-102.730289
2/21/2024,12:32:14,-13.27183,-102.730289
2/21/2024,12:32:15,-13.27183,-102.720289
2/21/2024,12:32:15,-13.26183,-102.700289
2/21/2024,12:32:15,-13.25183,-102.690289
2/21/2024,12:32:15,-13.24183,-102.690289
2/21/2024,12:32:15,-13.25183,-102.690289
2/21/2024,12:32:16,-13.25183,-102.690289
2/21/2024,12:32:16,-13.26183,-102.700289
2/21/2024,12:32:16,-13.26183,-102.710289
2/21/2024,12:32:16,-13.26183,-102.720289
2/21/2024,12:32:16,-13.27183,-102.730289
2/21/2024,12:32:17,-13.27183,-102.730289
2/21/2024,12:32:17,-13.28183,-102.730289
2/21/2024,12:32:17,-13.28183,-102.720289
2/21/2024,12:32:17,-13.29183,-102.710289
2/21/2024,12:32:17,-13.28183,-102.700289
2/21/2024,12:32:18,-13.28183,-102.700289
2/21/2024,12:32:18,-13.28183,-102.700289
2/21/2024,12:32:18,-13.27183,-102.690289
2/21/2024,12:32:18,-13.28183,-102.700289
2/21/2024,12:32:18,-13.28183,-102.710289
2/21/2024,12:32:19,-13.29183,-102.720289
2/21/2024,12:32:19,-13.30183,-102.730289
2/21/2024,12:32:19,-13.30183,-102.740289
2/21/2024,12:32:19,-13.30183,-102.730289
2/21/2024,12:32:19,-13.30183,-102.710289
2/21/2024,12:32:20,-13.30183,-102.700289
2/21/2024,12:32:20,-13.30183,-102.690289
2/21/2024,12:32:20,-13.30183,-102.690289
2/21/2024,12:32:20,-13.31183,-102.690289
2/21/2024,12:32:20,-13.32183,-102.690289
2/21/2024,12:32:21,-13.32183,-102.690289
2/21/2024,12:32:21,-13.32183,-102.690289
2/21/2024,12:32:21,-13.31183,-102.690289
2/21/2024,12:32:21,-13.32183,-102.680289
2/21/2024,12:32:21,-13.32183,-102.680289
2/21/2024,12:32:22,-13.33183,-102.670289
2/21/2024,12:32:22,-13.33183,-102.660289
2/21/2024,12:32:22,-13.34183,-102.660289
2/21/2024,12:32:22,-13.35183,-102.660289
2/21/2024,12:32:22,-13.35183,-102.660289
2/21/2024,12:32:23,-13.35183,-102.660289
2/21/2024,12:32:23,-13.35183,-102.650289
2/21/2024,12:32:23,-13.36183,-102.660289
2/21/2024,12:32:23,-13.36183,-102.660289
2/21/2024,12:32:23,-13.36183,-102.660289
2/21/2024,12:32:24,-13.37183,-102.660289
2/21/2024,12:32:24,-13.37183,-102.650289
2/21/2024,12:32:24,-13.37183,-102.650289
2/21/2024,12:32:24,-13.37183,-102.650289
2/21/2024,12:32:24,-13.37183,-102.640289
2/21/2024,12:32:25,-13.37183,-102.650289
2/21/2024,12:32:25,-13.37183,-102.650289
2/21/2024,12:32:25,-13.37183,-102.650289
2/21/2024,12:32:25,-13.36183,-102.650289
2/21/2024,12:32:25,-13.36183,-102.650289
2/21/2024,12:32:26,-13.36183,-102.650289
2/21/2024,12:32:26,-13.36183,-102.650289
2/21/2024,12:32:26,-13.36183,-102.660289
2/21/2024,12:32:26,-13.35183,-102.670289
2/21/2024,12:32:26,-13.35183,-102.670289
2/21/2024,12:32:27,-13.35183,-102.670289
2/21/2024,12:32:27,-13.35183,-102.680289
2/21/2024,12:32:27,-13.35183,-102.670289
2/21/2024,12:32:27,-13.34183,-102.670289
2/21/2024,12:32:27,-13.34183,-102.670289
2/21/2024,12:32:28,-13.33183,-102.660289
2/21/2024,12:32:28,-13.33183,-102.660289
2/21/2024,12:32:28,-13.33183,-102.660289
2/21/2024,12:32:28,-13.32183,-102.670289
2/21/2024,12:32:28,-13.32183,-102.670289
2/21/2024,12:32:29,-13.32183,-102.680289
2/21/2024,12:32:29,-13.32183,-102.680289
2/21/2024,12:32:29,-13.31183,-102.680289
2/21/2024,12:32:29,-13.31183,-102.680289
2/21/2024,12:32:29,-13.32183,-102.680289
2/21/2024,12:32:30,-13.32183,-102.670289
2/21/2024,12:32:30,-13.32183,-102.670289
2/21/2024,12:32:30,-13.31183,-102.670289
2/21/2024,12:32:30,-13.32183,-102.670289
2/21/2024,12:32:30,-13.32183,-102.670289
2/21/2024,12:32:31,-13.32183,-102.660289
2/21/2024,12:32:31,-13.32183,-102.670289
2/21/2024,12:32:31,-13.32183,-102.670289
2/21/2024,12:32:31,-13.32183,-102.670289
2/21/2024,12:32:31,-13.32183,-102.670289
2/21/2024,12:32:32,-13.32183,-102.670289
2/21/2024,12:32:32,-13.32183,-102.670289
2/21/2024,12:32:32,-13.32183,-102.670289
2/21/2024,12:32:32,-13.32183,-102.670289
2/21/2024,12:32:32,-13.33183,-102.670289
2/21/2024,12:32:33,-13.33183,-102.670289
2/21/2024,12:32:33,-13.33183,-102.660289
2/21/2024,12:32:33,-13.32183,-102.650289
2/21/2024,12:32:33,-13.31183,-102.640289
2/21/2024,12:32:33,-13.31183,-102.630289
2/21/2024,12:32:34,-13.31183,-102.640289
2/21/2024,12:32:34,-13.32183,-102.640289
2/21/2024,12:32:34,-13.32183,-102.660289
2/21/2024,12:32:34,-13.32183,-102.670289
2/21/2024,12:32:34,-13.33183,-102.680289
2/21/2024,12:32:35,-13.33183,-102.680289
2/21/2024,12:32:35,-13.33183,-102.680289
2/21/2024,12:32:35,-13.33183,-102.670289
2/21/2024,12:32:35,-13.34183,-102.660289
2/21/2024,12:32:35,-13.33183,-102.650289
2/21/2024,12:32:36,-13.32183,-102.650289
2/21/2024,12:32:36,-13.32183,-102.640289
2/21/2024,12:32:36,-13.31183,-102.640289
2/21/2024,12:32:36,-13.31183,-102.650289
2/21/2024,12:32:36,-13.31183,-102.660289
2/21/2024,12:32:37,-13.31183,-102.670289
2/21/2024,12:32:37,-13.32183,-102.690289
2/21/2024,12:32:37,-13.33183,-102.700289
2/21/2024,12:32:37,-13.32183,-102.700289
2/21/2024,12:32:37,-13.32183,-102.680289
2/21/2024,12:32:38,-13.31183,-102.650289
2/21/2024,12:32:38,-13.30183,-102.650289
2/21/2024,12:32:38,-13.30183,-102.650289
2/21/2024,12:32:38,-13.30183,-102.650289
2/21/2024,12:32:38,-13.31183,-102.650289
2/21/2024,12:32:39,-13.31183,-102.650289
2/21/2024,12:32:39,-13.31183,-102.670289
2/21/2024,12:32:39,-13.32183,-102.680289
2/21/2024,12:32:39,-13.33183,-102.680289
2/21/2024,12:32:39,-13.32183,-102.680289
2/21/2024,12:32:40,-13.32183,-102.670289
2/21/2024,12:32:40,-13.32183,-102.660289
2/21/2024,12:32:40,-13.32183,-102.650289
2/21/2024,12:32:40,-13.32183,-102.650289
2/21/2024,12:32:40,-13.32183,-102.660289
2/21/2024,12:32:41,-13.32183,-102.670289
2/21/2024,12:32:41,-13.33183,-102.670289
2/21/2024,12:32:41,-13.32183,-102.670289
2/21/2024,12:32:41,-13.32183,-102.670289
2/21/2024,12:32:41,-13.32183,-102.660289
2/21/2024,12:32:42,-13.33183,-102.660289
2/21/2024,12:32:42,-13.33183,-102.660289
2/21/2024,12:32:42,-13.32183,-102.660289
2/21/2024,12:32:42,-13.33183,-102.660289
2/21/2024,12:32:42,-13.33183,-102.670289
2/21/2024,12:32:43,-13.33183,-102.670289
2/21/2024,12:32:43,-13.33183,-102.670289
2/21/2024,12:32:43,-13.34183,-102.670289
2/21/2024,12:32:43,-13.34183,-102.660289
2/21/2024,12:32:43,-13.34183,-102.660289
2/21/2024,12:32:44,-13.34183,-102.660289
2/21/2024,12:32:44,-13.34183,-102.660289
2/21/2024,12:32:44,-13.34183,-102.660289
2/21/2024,12:32:44,-13.34183,-102.670289
2/21/2024,12:32:44,-13.34183,-102.660289
2/21/2024,12:32:45,-13.34183,-102.660289
2/21/2024,12:32:45,-13.33183,-102.650289
2/21/2024,12:32:45,-13.33183,-102.650289
2/21/2024,12:32:45,-13.33183,-102.660289
2/21/2024,12:32:45,-13.33183,-102.660289
2/21/2024,12:32:46,-13.34183,-102.660289
2/21/2024,12:32:46,-13.34183,-102.660289
2/21/2024,12:32:46,-13.33183,-102.660289
2/21/2024,12:32:46,-13.33183,-102.650289
2/21/2024,12:32:46,-13.33183,-102.650289
2/21/2024,12:32:47,-13.33183,-102.650289
2/21/2024,12:32:47,-13.33183,-102.660289
2/21/2024,12:32:47,-13.33183,-102.660289
2/21/2024,12:32:47,-13.33183,-102.660289
2/21/2024,12:32:47,-13.32183,-102.650289
2/21/2024,12:32:48,-13.32183,-102.650289
2/21/2024,12:32:48,-13.32183,-102.650289
2/21/2024,12:32:48,-13.32183,-102.650289
2/21/2024,12:32:48,-13.32183,-102.650289
2/21/2024,12:32:48,-13.32183,-102.650289
2/21/2024,12:32:49,-13.32183,-102.660289
2/21/2024,12:32:49,-13.32183,-102.660289
2/21/2024,12:32:49,-13.33183,-102.660289
2/21/2024,12:32:49,-13.33183,-102.660289
2/21/2024,12:32:49,-13.33183,-102.650289
2/21/2024,12:32:50,-13.33183,-102.650289
2/21/2024,12:32:50,-13.32183,-102.640289
2/21/2024,12:32:50,-13.31183,-102.640289
2/21/2024,12:32:50,-13.32183,-102.630289
2/21/2024,12:32:50,-13.32183,-102.640289
2/21/2024,12:32:51,-13.32183,-102.650289
2/21/2024,12:32:51,-13.32183,-102.660289
2/21/2024,12:32:51,-13.32183,-102.660289
2/21/2024,12:32:51,-13.32183,-102.670289
2/21/2024,12:32:51,-13.32183,-102.660289
2/21/2024,12:32:52,-13.33183,-102.650289
2/21/2024,12:32:52,-13.33183,-102.650289
2/21/2024,12:32:52,-13.33183,-102.640289
2/21/2024,12:32:52,-13.33183,-102.640289
2/21/2024,12:32:52,-13.34183,-102.640289
2/21/2024,12:32:53,-13.34183,-102.640289
2/21/2024,12:32:53,-13.34183,-102.640289
2/21/2024,12:32:53,-13.34183,-102.650289
2/21/2024,12:32:53,-13.34183,-102.650289
2/21/2024,12:32:53,-13.35183,-102.660289
2/21/2024,12:32:54,-13.36183,-102.670289
2/21/2024,12:32:54,-13.36183,-102.670289
2/21/2024,12:32:54,-13.36183,-102.660289
2/21/2024,12:32:54,-13.37183,-102.650289
2/21/2024,12:32:54,-13.36183,-102.640289
2/21/2024,12:32:55,-13.35183,-102.630289
2/21/2024,12:32:55,-13.36183,-102.640289
2/21/2024,12:32:55,-13.36183,-102.630289
2/21/2024,12:32:55,-13.36183,-102.630289
2/21/2024,12:32:55,-13.35183,-102.640289
2/21/2024,12:32:56,-13.36183,-102.640289
2/21/2024,12:32:56,-13.36183,-102.650289
2/21/2024,12:32:56,-13.36183,-102.650289
2/21/2024,12:32:56,-13.36183,-102.640289
2/21/2024,12:32:56,-13.36183,-102.630289
2/21/2024,12:32:57,-13.36183,-102.630289
2/21/2024,12:32:57,-13.36183,-102.630289
2/21/2024,12:32:57,-13.36183,-102.630289
2/21/2024,12:32:57,-13.36183,-102.640289
2/21/2024,12:32:57,-13.37183,-102.640289
2/21/2024,12:32:58,-13.37183,-102.640289
2/21/2024,12:32:58,-13.36183,-102.630289
2/21/2024,12:32:58,-13.36183,-102.630289
2/21/2024,12:32:58,-13.36183,-102.630289
2/21/2024,12:32:58,-13.36183,-102.640289
2/21/2024,12:32:59,-13.36183,-102.660289
2/21/2024,12:32:59,-13.37183,-102.660289
2/21/2024,12:32:59,-13.37183,-102.660289
2/21/2024,12:32:59,-13.37183,-102.650289
2/21/2024,12:32:59,-13.37183,-102.640289
2/21/2024,12:33:00,-13.36183,-102.640289
2/21/2024,12:33:00,-13.36183,-102.650289
2/21/2024,12:33:00,-13.36183,-102.660289
2/21/2024,12:33:00,-13.36183,-102.660289
2/21/2024,12:33:00,-13.36183,-102.670289
2/21/2024,12:33:01,-13.36183,-102.670289
2/21/2024,12:33:01,-13.36183,-102.670289
2/21/2024,12:33:01,-13.36183,-102.660289
2/21/2024,12:33:01,-13.36183,-102.660289
2/21/2024,12:33:01,-13.35183,-102.650289
2/21/2024,12:33:02,-13.35183,-102.650289
2/21/2024,12:33:02,-13.35183,-102.660289
2/21/2024,12:33:02,-13.35183,-102.680289
2/21/2024,12:33:02,-13.35183,-102.680289
2/21/2024,12:33:02,-13.35183,-102.690289
2/21/2024,12:33:03,-13.35183,-102.690289
2/21/2024,12:33:03,-13.35183,-102.680289
2/21/2024,12:33:03,-13.34183,-102.670289
2/21/2024,12:33:03,-13.34183,-102.670289
2/21/2024,12:33:03,-13.33183,-102.660289
2/21/2024,12:33:04,-13.33183,-102.670289
2/21/2024,12:33:04,-13.33183,-102.670289
2/21/2024,12:33:04,-13.33183,-102.670289
2/21/2024,12:33:04,-13.32183,-102.680289
2/21/2024,12:33:04,-13.32183,-102.690289
2/21/2024,12:33:05,-13.32183,-102.690289
2/21/2024,12:33:05,-13.32183,-102.690289
2/21/2024,12:33:05,-13.32183,-102.690289
2/21/2024,12:33:05,-13.31183,-102.690289
2/21/2024,12:33:05,-13.31183,-102.680289
2/21/2024,12:33:06,-13.31183,-102.680289
2/21/2024,12:33:06,-13.31183,-102.680289
2/21/2024,12:33:06,-13.31183,-102.680289
2/21/2024,12:33:06,-13.31183,-102.680289
2/21/2024,12:33:06,-13.31183,-102.680289
2/21/2024,12:33:07,-13.31183,-102.680289
2/21/2024,12:33:07,-13.31183,-102.680289
2/21/2024,12:33:07,-13.31183,-102.690289
2/21/2024,12:33:07,-13.31183,-102.700289
2/21/2024,12:33:07,-13.31183,-102.700289
2/21/2024,12:33:08,-13.31183,-102.710289
2/21/2024,12:33:08,-13.32183,-102.710289
2/21/2024,12:33:08,-13.32183,-102.700289
2/21/2024,12:33:08,-13.32183,-102.690289
2/21/2024,12:33:08,-13.31183,-102.680289
2/21/2024,12:33:09,-13.30183,-102.680289
2/21/2024,12:33:09,-13.30183,-102.680289
2/21/2024,12:33:09,-13.31183,-102.680289
2/21/2024,12:33:09,-13.31183,-102.700289
2/21/2024,12:33:09,-13.30183,-102.710289
2/21/2024,12:33:10,-13.31183,-102.720289
2/21/2024,12:33:10,-13.31183,-102.730289
2/21/2024,12:33:10,-13.32183,-102.730289
2/21/2024,12:33:10,-13.32183,-102.720289
2/21/2024,12:33:10,-13.32183,-102.700289
2/21/2024,12:33:11,-13.31183,-102.700289
2/21/2024,12:33:11,-13.30183,-102.700289
2/21/2024,12:33:11,-13.31183,-102.700289
2/21/2024,12:33:11,-13.31183,-102.700289
2/21/2024,12:33:11,-13.31183,-102.710289
2/21/2024,12:33:12,-13.31183,-102.720289
2/21/2024,12:33:12,-13.31183,-102.730289
2/21/2024,12:33:12,-13.31183,-102.740289
2/21/2024,12:33:12,-13.31183,-102.740289
2/21/2024,12:33:12,-13.31183,-102.730289
2/21/2024,12:33:13,-13.31183,-102.720289
2/21/2024,12:33:13,-13.31183,-102.700289
2/21/2024,12:33:13,-13.30183,-102.690289
2/21/2024,12:33:13,-13.29183,-102.690289
2/21/2024,12:33:13,-13.29183,-102.690289
2/21/2024,12:33:14,-13.30183,-102.700289
2/21/2024,12:33:14,-13.30183,-102.700289
2/21/2024,12:33:14,-13.30183,-102.730289
2/21/2024,12:33:14,-13.30183,-102.740289
2/21/2024,12:33:14,-13.31183,-102.740289
2/21/2024,12:33:15,-13.31183,-102.730289
2/21/2024,12:33:15,-13.30183,-102.720289
2/21/2024,12:33:15,-13.30183,-102.710289
2/21/2024,12:33:15,-13.30183,-102.700289
2/21/2024,12:33:15,-13.29183,-102.700289
2/21/2024,12:33:16,-13.29183,-102.700289
2/21/2024,12:33:16,-13.30183,-102.700289
2/21/2024,12:33:16,-13.30183,-102.710289
2/21/2024,12:33:16,-13.30183,-102.720289
2/21/2024,12:33:16,-13.31183,-102.730289
2/21/2024,12:33:17,-13.31183,-102.730289
2/21/2024,12:33:17,-13.31183,-102.730289
2/21/2024,12:33:17,-13.31183,-102.710289
2/21/2024,12:33:17,-13.31183,-102.690289
2/21/2024,12:33:17,-13.30183,-102.670289
2/21/2024,12:33:18,-13.29183,-102.670289
2/21/2024,12:33:18,-13.29183,-102.670289
2/21/2024,12:33:18,-13.31183,-102.690289
2/21/2024,12:33:18,-13.32183,-102.690289
2/21/2024,12:33:18,-13.31183,-102.700289
2/21/2024,12:33:19,-13.31183,-102.710289
2/21/2024,12:33:19,-13.32183,-102.710289
2/21/2024,12:33:19,-13.32183,-102.710289
2/21/2024,12:33:19,-13.32183,-102.710289
2/21/2024,12:33:19,-13.32183,-102.700289
2/21/2024,12:33:20,-13.33183,-102.690289
2/21/2024,12:33:20,-13.32183,-102.680289
2/21/2024,12:33:20,-13.32183,-102.680289
2/21/2024,12:33:20,-13.33183,-102.690289
2/21/2024,12:33:20,-13.33183,-102.680289
2/21/2024,12:33:21,-13.33183,-102.690289
2/21/2024,12:33:21,-13.33183,-102.690289
2/21/2024,12:33:21,-13.34183,-102.700289
2/21/2024,12:33:21,-13.34183,-102.700289
2/21/2024,12:33:21,-13.35183,-102.700289
2/21/2024,12:33:22,-13.35183,-102.690289
2/21/2024,12:33:22,-13.34183,-102.680289
2/21/2024,12:33:22,-13.34183,-102.670289
2/21/2024,12:33:22,-13.34183,-102.670289
2/21/2024,12:33:22,-13.34183,-102.680289
2/21/2024,12:33:23,-13.35183,-102.690289
2/21/2024,12:33:23,-13.35183,-102.690289
2/21/2024,12:33:23,-13.35183,-102.690289
2/21/2024,12:33:23,-13.35183,-102.680289
2/21/2024,12:33:23,-13.35183,-102.670289
2/21/2024,12:33:24,-13.35183,-102.670289
2/21/2024,12:33:24,-13.35183,-102.680289
2/21/2024,12:33:24,-13.34183,-102.690289
2/21/2024,12:33:24,-13.35183,-102.700289
2/21/2024,12:33:24,-13.35183,-102.700289
2/21/2024,12:33:25,-13.35183,-102.700289
2/21/2024,12:33:25,-13.34183,-102.680289
2/21/2024,12:33:25,-13.33183,-102.670289
2/21/2024,12:33:25,-13.32183,-102.660289
2/21/2024,12:33:25,-13.32183,-102.660289
2/21/2024,12:33:26,-13.33183,-102.670289
2/21/2024,12:33:26,-13.32183,-102.680289
2/21/2024,12:33:26,-13.33183,-102.690289
2/21/2024,12:33:26,-13.33183,-102.700289
2/21/2024,12:33:26,-13.33183,-102.700289
2/21/2024,12:33:27,-13.33183,-102.690289
2/21/2024,12:33:27,-13.33183,-102.670289
2/21/2024,12:33:27,-13.33183,-102.670289
2/21/2024,12:33:27,-13.33183,-102.670289
2/21/2024,12:33:27,-13.34183,-102.670289
2/21/2024,12:33:28,-13.33183,-102.670289
2/21/2024,12:33:28,-13.33183,-102.680289
2/21/2024,12:33:28,-13.33183,-102.680289
2/21/2024,12:33:28,-13.34183,-102.680289
2/21/2024,12:33:28,-13.34183,-102.680289
2/21/2024,12:33:29,-13.33183,-102.670289
2/21/2024,12:33:29,-13.33183,-102.660289
2/21/2024,12:33:29,-13.33183,-102.660289
2/21/2024,12:33:29,-13.33183,-102.660289
2/21/2024,12:33:29,-13.32183,-102.660289
2/21/2024,12:33:30,-13.33183,-102.660289
2/21/2024,12:33:30,-13.33183,-102.670289
2/21/2024,12:33:30,-13.33183,-102.660289
2/21/2024,12:33:30,-13.33183,-102.660289
2/21/2024,12:33:30,-13.32183,-102.640289
2/21/2024,12:33:31,-13.32183,-102.630289
2/21/2024,12:33:31,-13.32183,-102.630289
2/21/2024,12:33:31,-13.32183,-102.640289
2/21/2024,12:33:31,-13.33183,-102.650289
2/21/2024,12:33:31,-13.33183,-102.650289
2/21/2024,12:33:32,-13.33183,-102.650289
2/21/2024,12:33:32,-13.33183,-102.650289
2/21/2024,12:33:32,-13.33183,-102.640289
2/21/2024,12:33:32,-13.34183,-102.630289
2/21/2024,12:33:32,-13.34183,-102.620289
2/21/2024,12:33:33,-13.33183,-102.610289
2/21/2024,12:33:33,-13.33183,-102.610289
2/21/2024,12:33:33,-13.33183,-102.610289
2/21/2024,12:33:33,-13.33183,-102.610289
2/21/2024,12:33:33,-13.33183,-102.620289
2/21/2024,12:33:34,-13.33183,-102.620289
2/21/2024,12:33:34,-13.33183,-102.630289
2/21/2024,12:33:34,-13.34183,-102.630289
2/21/2024,12:33:34,-13.34183,-102.630289
2/21/2024,12:33:34,-13.34183,-102.620289
2/21/2024,12:33:35,-13.34183,-102.600289
2/21/2024,12:33:35,-13.33183,-102.600289
2/21/2024,12:33:35,-13.33183,-102.600289
2/21/2024,12:33:35,-13.33183,-102.610289
2/21/2024,12:33:35,-13.33183,-102.610289
2/21/2024,12:33:36,-13.33183,-102.610289
2/21/2024,12:33:36,-13.32183,-102.620289
2/21/2024,12:33:36,-13.32183,-102.620289
2/21/2024,12:33:36,-13.32183,-102.620289
2/21/2024,12:33:36,-13.32183,-102.620289
2/21/2024,12:33:37,-13.31183,-102.620289
2/21/2024,12:33:37,-13.31183,-102.610289
2/21/2024,12:33:37,-13.31183,-102.590289
2/21/2024,12:33:37,-13.31183,-102.580289
2/21/2024,12:33:37,-13.30183,-102.580289
2/21/2024,12:33:38,-13.31183,-102.590289
2/21/2024,12:33:38,-13.31183,-102.590289
2/21/2024,12:33:38,-13.31183,-102.610289
2/21/2024,12:33:38,-13.31183,-102.610289
2/21/2024,12:33:38,-13.31183,-102.600289
2/21/2024,12:33:39,-13.31183,-102.600289
2/21/2024,12:33:39,-13.31183,-102.590289
2/21/2024,12:33:39,-13.31183,-102.590289
2/21/2024,12:33:39,-13.31183,-102.590289
2/21/2024,12:33:39,-13.32183,-102.600289
2/21/2024,12:33:40,-13.32183,-102.600289
2/21/2024,12:33:40,-13.32183,-102.590289
2/21/2024,12:33:40,-13.32183,-102.590289
2/21/2024,12:33:40,-13.32183,-102.590289
2/21/2024,12:33:40,-13.32183,-102.580289
2/21/2024,12:33:41,-13.32183,-102.580289
2/21/2024,12:33:41,-13.32183,-102.580289
2/21/2024,12:33:41,-13.32183,-102.570289
2/21/2024,12:33:41,-13.32183,-102.570289
2/21/2024,12:33:41,-13.32183,-102.560289
2/21/2024,12:33:42,-13.32183,-102.560289
2/21/2024,12:33:42,-13.32183,-102.560289
2/21/2024,12:33:42,-13.32183,-102.560289
2/21/2024,12:33:42,-13.32183,-102.560289
2/21/2024,12:33:42,-13.33183,-102.560289
2/21/2024,12:33:43,-13.33183,-102.560289
2/21/2024,12:33:43,-13.33183,-102.550289
2/21/2024,12:33:43,-13.33183,-102.550289
2/21/2024,12:33:43,-13.33183,-102.550289
2/21/2024,12:33:43,-13.33183,-102.550289
2/21/2024,12:33:44,-13.33183,-102.550289
2/21/2024,12:33:44,-13.33183,-102.540289
2/21/2024,12:33:44,-13.33183,-102.540289
2/21/2024,12:33:44,-13.33183,-102.530289
2/21/2024,12:33:44,-13.33183,-102.530289
2/21/2024,12:33:45,-13.33183,-102.530289
2/21/2024,12:33:45,-13.33183,-102.540289
2/21/2024,12:33:45,-13.33183,-102.540289
2/21/2024,12:33:45,-13.33183,-102.540289
2/21/2024,12:33:45,-13.33183,-102.530289
2/21/2024,12:33:46,-13.33183,-102.510289
2/21/2024,12:33:46,-13.32183,-102.500289
2/21/2024,12:33:46,-13.32183,-102.500289
2/21/2024,12:33:46,-13.32183,-102.500289
2/21/2024,12:33:46,-13.32183,-102.500289
2/21/2024,12:33:47,-13.32183,-102.500289
2/21/2024,12:33:47,-13.32183,-102.510289
2/21/2024,12:33:47,-13.32183,-102.510289
2/21/2024,12:33:47,-13.31183,-102.520289
2/21/2024,12:33:47,-13.31183,-102.510289
2/21/2024,12:33:48,-13.31183,-102.510289
2/21/2024,12:33:48,-13.31183,-102.500289
2/21/2024,12:33:48,-13.31183,-102.500289
2/21/2024,12:33:48,-13.31183,-102.500289
2/21/2024,12:33:48,-13.31183,-102.500289
2/21/2024,12:33:49,-13.31183,-102.500289
2/21/2024,12:33:49,-13.31183,-102.490289
2/21/2024,12:33:49,-13.31183,-102.490289
2/21/2024,12:33:49,-13.31183,-102.490289
2/21/2024,12:33:49,-13.31183,-102.490289
2/21/2024,12:33:50,-13.31183,-102.490289
2/21/2024,12:33:50,-13.31183,-102.490289
2/21/2024,12:33:50,-13.31183,-102.500289
2/21/2024,12:33:50,-13.31183,-102.490289
2/21/2024,12:33:50,-13.32183,-102.490289
2/21/2024,12:33:51,-13.32183,-102.480289
2/21/2024,12:33:51,-13.32183,-102.480289
2/21/2024,12:33:51,-13.32183,-102.480289
2/21/2024,12:33:51,-13.32183,-102.480289
2/21/2024,12:33:51,-13.32183,-102.480289
2/21/2024,12:33:52,-13.32183,-102.490289
2/21/2024,12:33:52,-13.32183,-102.480289
2/21/2024,12:33:52,-13.33183,-102.480289
2/21/2024,12:33:52,-13.33183,-102.470289
2/21/2024,12:33:52,-13.32183,-102.460289
2/21/2024,12:33:53,-13.32183,-102.460289
2/21/2024,12:33:53,-13.32183,-102.460289
2/21/2024,12:33:53,-13.32183,-102.460289
2/21/2024,12:33:53,-13.32183,-102.470289
2/21/2024,12:33:53,-13.33183,-102.470289
2/21/2024,12:33:54,-13.33183,-102.470289
2/21/2024,12:33:54,-13.33183,-102.460289
2/21/2024,12:33:54,-13.32183,-102.440289
2/21/2024,12:33:54,-13.32183,-102.430289
2/21/2024,12:33:54,-13.33183,-102.430289
2/21/2024,12:33:55,-13.33183,-102.440289
2/21/2024,12:33:55,-13.34183,-102.450289
2/21/2024,12:33:55,-13.35183,-102.450289
2/21/2024,12:33:55,-13.35183,-102.450289
2/21/2024,12:33:55,-13.35183,-102.440289
2/21/2024,12:33:56,-13.36183,-102.440289
2/21/2024,12:33:56,-13.36183,-102.430289
2/21/2024,12:33:56,-13.36183,-102.430289
2/21/2024,12:33:56,-13.36183,-102.440289
2/21/2024,12:33:56,-13.37183,-102.440289
2/21/2024,12:33:57,-13.37183,-102.440289
2/21/2024,12:33:57,-13.37183,-102.430289
2/21/2024,12:33:57,-13.37183,-102.420289
2/21/2024,12:33:57,-13.36183,-102.410289
2/21/2024,12:33:57,-13.36183,-102.410289
2/21/2024,12:33:58,-13.36183,-102.410289
2/21/2024,12:33:58,-13.36183,-102.420289
2/21/2024,12:33:58,-13.36183,-102.430289
2/21/2024,12:33:58,-13.36183,-102.430289
2/21/2024,12:33:58,-13.36183,-102.440289
2/21/2024,12:33:59,-13.36183,-102.440289
2/21/2024,12:33:59,-13.36183,-102.430289
2/21/2024,12:33:59,-13.35183,-102.420289
2/21/2024,12:33:59,-13.35183,-102.410289
2/21/2024,12:33:59,-13.34183,-102.400289
2/21/2024,12:34:00,-13.34183,-102.410289
2/21/2024,12:34:00,-13.34183,-102.410289
2/21/2024,12:34:00,-13.34183,-102.410289
2/21/2024,12:34:00,-13.34183,-102.410289
2/21/2024,12:34:00,-13.34183,-102.410289
2/21/2024,12:34:01,-13.35183,-102.410289
2/21/2024,12:34:01,-13.35183,-102.410289
2/21/2024,12:34:01,-13.35183,-102.400289
2/21/2024,12:34:01,-13.34183,-102.390289
2/21/2024,12:34:01,-13.34183,-102.380289
2/21/2024,12:34:02,-13.34183,-102.380289
2/21/2024,12:34:02,-13.34183,-102.380289
2/21/2024,12:34:02,-13.34183,-102.390289
2/21/2024,12:34:02,-13.34183,-102.380289
2/21/2024,12:34:02,-13.34183,-102.370289
2/21/2024,12:34:03,-13.34183,-102.360289
2/21/2024,12:34:03,-13.34183,-102.360289
2/21/2024,12:34:03,-13.34183,-102.370289
2/21/2024,12:34:03,-13.34183,-102.380289
2/21/2024,12:34:03,-13.35183,-102.390289
2/21/2024,12:34:04,-13.35183,-102.400289
2/21/2024,12:34:04,-13.34183,-102.400289
2/21/2024,12:34:04,-13.34183,-102.380289
2/21/2024,12:34:04,-13.34183,-102.370289
2/21/2024,12:34:04,-13.33183,-102.360289
2/21/2024,12:34:05,-13.32183,-102.360289
2/21/2024,12:34:05,-13.32183,-102.370289
2/21/2024,12:34:05,-13.33183,-102.370289
2/21/2024,12:34:05,-13.33183,-102.370289
2/21/2024,12:34:05,-13.33183,-102.380289
2/21/2024,12:34:06,-13.33183,-102.390289
2/21/2024,12:34:06,-13.34183,-102.400289
2/21/2024,12:34:06,-13.34183,-102.410289
2/21/2024,12:34:06,-13.33183,-102.400289
2/21/2024,12:34:06,-13.33183,-102.390289
2/21/2024,12:34:07,-13.33183,-102.380289
2/21/2024,12:34:07,-13.32183,-102.370289
2/21/2024,12:34:07,-13.31183,-102.370289
2/21/2024,12:34:07,-13.31183,-102.380289
2/21/2024,12:34:07,-13.31183,-102.390289
2/21/2024,12:34:08,-13.31183,-102.390289
2/21/2024,12:34:08,-13.31183,-102.400289
2/21/2024,12:34:08,-13.31183,-102.410289
2/21/2024,12:34:08,-13.31183,-102.410289
2/21/2024,12:34:08,-13.31183,-102.410289
2/21/2024,12:34:09,-13.30183,-102.400289
2/21/2024,12:34:09,-13.30183,-102.390289
2/21/2024,12:34:09,-13.29183,-102.380289
2/21/2024,12:34:09,-13.29183,-102.380289
2/21/2024,12:34:09,-13.29183,-102.390289
2/21/2024,12:34:10,-13.29183,-102.390289
2/21/2024,12:34:10,-13.30183,-102.400289
2/21/2024,12:34:10,-13.30183,-102.410289
2/21/2024,12:34:10,-13.30183,-102.410289
2/21/2024,12:34:10,-13.30183,-102.410289
2/21/2024,12:34:11,-13.30183,-102.410289
2/21/2024,12:34:11,-13.30183,-102.410289
2/21/2024,12:34:11,-13.30183,-102.410289
2/21/2024,12:34:11,-13.30183,-102.410289
2/21/2024,12:34:11,-13.30183,-102.410289
2/21/2024,12:34:12,-13.30183,-102.410289
2/21/2024,12:34:12,-13.30183,-102.400289
2/21/2024,12:34:12,-13.30183,-102.410289
2/21/2024,12:34:12,-13.30183,-102.410289
2/21/2024,12:34:12,-13.30183,-102.410289
2/21/2024,12:34:13,-13.30183,-102.420289
2/21/2024,12:34:13,-13.30183,-102.420289
2/21/2024,12:34:13,-13.30183,-102.410289
2/21/2024,12:34:13,-13.30183,-102.410289
2/21/2024,12:34:13,-13.30183,-102.400289
2/21/2024,12:34:14,-13.30183,-102.400289
2/21/2024,12:34:14,-13.30183,-102.400289
2/21/2024,12:34:14,-13.31183,-102.400289
2/21/2024,12:34:14,-13.31183,-102.410289
2/21/2024,12:34:14,-13.31183,-102.410289
2/21/2024,12:34:15,-13.31183,-102.410289
2/21/2024,12:34:15,-13.31183,-102.410289
2/21/2024,12:34:15,-13.32183,-102.410289
2/21/2024,12:34:15,-13.32183,-102.400289
2/21/2024,12:34:15,-13.32183,-102.400289
2/21/2024,12:34:16,-13.32183,-102.390289
2/21/2024,12:34:16,-13.32183,-102.390289
2/21/2024,12:34:16,-13.32183,-102.400289
2/21/2024,12:34:16,-13.32183,-102.400289
2/21/2024,12:34:16,-13.32183,-102.410289
2/21/2024,12:34:17,-13.32183,-102.410289
2/21/2024,12:34:17,-13.32183,-102.410289
2/21/2024,12:34:17,-13.32183,-102.410289
2/21/2024,12:34:17,-13.32183,-102.410289
2/21/2024,12:34:17,-13.33183,-102.410289
2/21/2024,12:34:18,-13.33183,-102.420289
2/21/2024,12:34:18,-13.33183,-102.430289
2/21/2024,12:34:18,-13.34183,-102.440289
2/21/2024,12:34:18,-13.34183,-102.440289
2/21/2024,12:34:18,-13.34183,-102.440289
2/21/2024,12:34:19,-13.34183,-102.440289
2/21/2024,12:34:19,-13.34183,-102.450289
2/21/2024,12:34:19,-13.34183,-102.460289
2/21/2024,12:34:19,-13.34183,-102.460289
2/21/2024,12:34:19,-13.34183,-102.470289
2/21/2024,12:34:20,-13.34183,-102.480289
2/21/2024,12:34:20,-13.34183,-102.490289
2/21/2024,12:34:20,-13.34183,-102.490289
2/21/2024,12:34:20,-13.34183,-102.500289
2/21/2024,12:34:20,-13.33183,-102.500289
2/21/2024,12:34:21,-13.33183,-102.500289
2/21/2024,12:34:21,-13.33183,-102.500289
2/21/2024,12:34:21,-13.32183,-102.500289
2/21/2024,12:34:21,-13.31183,-102.490289
2/21/2024,12:34:21,-13.30183,-102.480289
2/21/2024,12:34:22,-13.29183,-102.480289
2/21/2024,12:34:22,-13.29183,-102.480289
2/21/2024,12:34:22,-13.29183,-102.480289
2/21/2024,12:34:22,-13.29183,-102.490289
2/21/2024,12:34:22,-13.30183,-102.500289
2/21/2024,12:34:23,-13.31183,-102.510289
2/21/2024,12:34:23,-13.32183,-102.520289
2/21/2024,12:34:23,-13.32183,-102.510289
2/21/2024,12:34:23,-13.32183,-102.500289
2/21/2024,12:34:23,-13.32183,-102.480289
2/21/2024,12:34:24,-13.32183,-102.480289
2/21/2024,12:34:24,-13.32183,-102.480289
2/21/2024,12:34:24,-13.33183,-102.490289
2/21/2024,12:34:24,-13.34183,-102.490289
2/21/2024,12:34:24,-13.35183,-102.500289
2/21/2024,12:34:25,-13.36183,-102.520289
2/21/2024,12:34:25,-13.38183,-102.540289
2/21/2024,12:34:25,-13.40183,-102.550289
2/21/2024,12:34:25,-13.40183,-102.550289
2/21/2024,12:34:25,-13.40183,-102.530289
2/21/2024,12:34:26,-13.40183,-102.510289
2/21/2024,12:34:26,-13.40183,-102.510289
2/21/2024,12:34:26,-13.39183,-102.510289
2/21/2024,12:34:26,-13.38183,-102.510289
2/21/2024,12:34:26,-13.39183,-102.500289
2/21/2024,12:34:27,-13.38183,-102.500289
2/21/2024,12:34:27,-13.37183,-102.500289
2/21/2024,12:34:27,-13.36183,-102.500289
2/21/2024,12:34:27,-13.36183,-102.500289
2/21/2024,12:34:27,-13.35183,-102.500289
2/21/2024,12:34:28,-13.34183,-102.490289
2/21/2024,12:34:28,-13.34183,-102.480289
2/21/2024,12:34:28,-13.34183,-102.470289
2/21/2024,12:34:28,-13.34183,-102.460289
2/21/2024,12:34:28,-13.34183,-102.480289
2/21/2024,12:34:29,-13.35183,-102.490289
2/21/2024,12:34:29,-13.36183,-102.510289
2/21/2024,12:34:29,-13.37183,-102.540289
2/21/2024,12:34:29,-13.37183,-102.560289
2/21/2024,12:34:29,-13.38183,-102.580289
2/21/2024,12:34:30,-13.39183,-102.600289
2/21/2024,12:34:30,-13.40183,-102.610289
2/21/2024,12:34:30,-13.40183,-102.610289
2/21/2024,12:34:30,-13.39183,-102.620289
2/21/2024,12:34:30,-13.39183,-102.620289
2/21/2024,12:34:31,-13.38183,-102.630289
2/21/2024,12:34:31,-13.37183,-102.640289
2/21/2024,12:34:31,-13.36183,-102.640289
2/21/2024,12:34:31,-13.34183,-102.630289
2/21/2024,12:34:31,-13.32183,-102.620289
2/21/2024,12:34:32,-13.30183,-102.610289
2/21/2024,12:34:32,-13.28183,-102.590289
2/21/2024,12:34:32,-13.26183,-102.580289
2/21/2024,12:34:32,-13.25183,-102.560289
2/21/2024,12:34:32,-13.25183,-102.560289
2/21/2024,12:34:33,-13.26183,-102.570289
2/21/2024,12:34:33,-13.27183,-102.570289
2/21/2024,12:34:33,-13.30183,-102.580289
2/21/2024,12:34:33,-13.33183,-102.580289
2/21/2024,12:34:33,-13.35183,-102.580289
2/21/2024,12:34:34,-13.38183,-102.580289
2/21/2024,12:34:34,-13.40183,-102.600289
2/21/2024,12:34:34,-13.42183,-102.630289
2/21/2024,12:34:34,-13.45183,-102.650289
2/21/2024,12:34:34,-13.47183,-102.670289
2/21/2024,12:34:35,-13.49183,-102.680289
2/21/2024,12:34:35,-13.50183,-102.670289
2/21/2024,12:34:35,-13.48183,-102.650289
2/21/2024,12:34:35,-13.47183,-102.630289
2/21/2024,12:34:35,-13.45183,-102.610289
2/21/2024,12:34:36,-13.45183,-102.590289
2/21/2024,12:34:36,-13.43183,-102.570289
2/21/2024,12:34:36,-13.39183,-102.540289
2/21/2024,12:34:36,-13.36183,-102.530289
2/21/2024,12:34:36,-13.32183,-102.520289
2/21/2024,12:34:37,-13.31183,-102.530289
2/21/2024,12:34:37,-13.31183,-102.540289
2/21/2024,12:34:37,-13.31183,-102.550289
2/21/2024,12:34:37,-13.32183,-102.560289
2/21/2024,12:34:37,-13.33183,-102.570289
2/21/2024,12:34:38,-13.35183,-102.580289
2/21/2024,12:34:38,-13.36183,-102.600289
2/21/2024,12:34:38,-13.37183,-102.620289
2/21/2024,12:34:38,-13.38183,-102.630289
2/21/2024,12:34:38,-13.39183,-102.630289
2/21/2024,12:34:39,-13.38183,-102.620289
2/21/2024,12:34:39,-13.37183,-102.610289
2/21/2024,12:34:39,-13.36183,-102.600289
2/21/2024,12:34:39,-13.36183,-102.590289
2/21/2024,12:34:39,-13.35183,-102.580289
2/21/2024,12:34:40,-13.34183,-102.570289
2/21/2024,12:34:40,-13.32183,-102.560289
2/21/2024,12:34:40,-13.30183,-102.540289
2/21/2024,12:34:40,-13.30183,-102.530289
2/21/2024,12:34:40,-13.29183,-102.530289
2/21/2024,12:34:41,-13.29183,-102.540289
2/21/2024,12:34:41,-13.30183,-102.540289
2/21/2024,12:34:41,-13.32183,-102.550289
2/21/2024,12:34:41,-13.33183,-102.560289
2/21/2024,12:34:41,-13.33183,-102.560289
2/21/2024,12:34:42,-13.34183,-102.560289
2/21/2024,12:34:42,-13.33183,-102.540289
2/21/2024,12:34:42,-13.32183,-102.520289
2/21/2024,12:34:42,-13.31183,-102.500289
2/21/2024,12:34:42,-13.30183,-102.470289
2/21/2024,12:34:43,-13.30183,-102.450289
2/21/2024,12:34:43,-13.30183,-102.430289
2/21/2024,12:34:43,-13.30183,-102.440289
2/21/2024,12:34:43,-13.32183,-102.460289
2/21/2024,12:34:43,-13.36183,-102.480289
2/21/2024,12:34:44,-13.38183,-102.510289
2/21/2024,12:34:44,-13.39183,-102.540289
2/21/2024,12:34:44,-13.42183,-102.550289
2/21/2024,12:34:44,-13.45183,-102.560289
2/21/2024,12:34:44,-13.46183,-102.560289
2/21/2024,12:34:45,-13.46183,-102.550289
2/21/2024,12:34:45,-13.45183,-102.530289
2/21/2024,12:34:45,-13.44183,-102.500289
2/21/2024,12:34:45,-13.42183,-102.460289
2/21/2024,12:34:45,-13.41183,-102.440289
2/21/2024,12:34:46,-13.41183,-102.440289
2/21/2024,12:34:46,-13.42183,-102.440289
2/21/2024,12:34:46,-13.41183,-102.460289
2/21/2024,12:34:46,-13.41183,-102.480289
2/21/2024,12:34:46,-13.41183,-102.500289
2/21/2024,12:34:47,-13.40183,-102.520289
2/21/2024,12:34:47,-13.40183,-102.530289
2/21/2024,12:34:47,-13.39183,-102.530289
2/21/2024,12:34:47,-13.39183,-102.520289
2/21/2024,12:34:47,-13.38183,-102.500289
2/21/2024,12:34:48,-13.37183,-102.470289
2/21/2024,12:34:48,-13.35183,-102.430289
2/21/2024,12:34:48,-13.33183,-102.410289
2/21/2024,12:34:48,-13.34183,-102.420289
2/21/2024,12:34:48,-13.35183,-102.440289
2/21/2024,12:34:49,-13.35183,-102.460289
2/21/2024,12:34:49,-13.38183,-102.510289
2/21/2024,12:34:49,-13.40183,-102.570289
2/21/2024,12:34:49,-13.42183,-102.610289
2/21/2024,12:34:49,-13.43183,-102.650289
2/21/2024,12:34:50,-13.44183,-102.660289
2/21/2024,12:34:50,-13.44183,-102.640289
2/21/2024,12:34:50,-13.42183,-102.630289
2/21/2024,12:34:50,-13.38183,-102.570289
2/21/2024,12:34:50,-13.34183,-102.510289
2/21/2024,12:34:51,-13.31183,-102.470289
2/21/2024,12:34:51,-13.32183,-102.490289
2/21/2024,12:34:51,-13.31183,-102.510289
2/21/2024,12:34:51,-13.32183,-102.560289
2/21/2024,12:34:51,-13.34183,-102.620289
2/21/2024,12:34:52,-13.35183,-102.680289
2/21/2024,12:34:52,-13.34183,-102.710289
2/21/2024,12:34:52,-13.34183,-102.720289
2/21/2024,12:34:52,-13.36183,-102.690289
2/21/2024,12:34:52,-13.36183,-102.650289
2/21/2024,12:34:53,-13.34183,-102.600289
2/21/2024,12:34:53,-13.33183,-102.540289
2/21/2024,12:34:53,-13.32183,-102.490289
2/21/2024,12:34:53,-13.36183,-102.520289
2/21/2024,12:34:53,-13.41183,-102.570289
2/21/2024,12:34:54,-13.45183,-102.640289
2/21/2024,12:34:54,-13.49183,-102.720289
2/21/2024,12:34:54,-13.54183,-102.780289
2/21/2024,12:34:54,-13.57183,-102.800289
2/21/2024,12:34:54,-13.59183,-102.780289
2/21/2024,12:34:55,-13.60183,-102.740289
2/21/2024,12:34:55,-13.56183,-102.690289
2/21/2024,12:34:55,-13.53183,-102.620289
2/21/2024,12:34:55,-13.48183,-102.570289
2/21/2024,12:34:55,-13.44183,-102.550289
2/21/2024,12:34:56,-13.45183,-102.600289
2/21/2024,12:34:56,-13.46183,-102.670289
2/21/2024,12:34:56,-13.45183,-102.720289
2/21/2024,12:34:56,-13.44183,-102.780289
2/21/2024,12:34:56,-13.44183,-102.800289
2/21/2024,12:34:57,-13.42183,-102.800289
2/21/2024,12:34:57,-13.41183,-102.770289
2/21/2024,12:34:57,-13.39183,-102.720289
2/21/2024,12:34:57,-13.36183,-102.690289
2/21/2024,12:34:57,-13.34183,-102.650289
2/21/2024,12:34:58,-13.34183,-102.660289
2/21/2024,12:34:58,-13.36183,-102.710289
2/21/2024,12:34:58,-13.39183,-102.770289
2/21/2024,12:34:58,-13.41183,-102.820289
2/21/2024,12:34:58,-13.42183,-102.860289
2/21/2024,12:34:59,-13.43183,-102.860289
2/21/2024,12:34:59,-13.43183,-102.840289
2/21/2024,12:34:59,-13.41183,-102.810289
2/21/2024,12:34:59,-13.38183,-102.780289
2/21/2024,12:34:59,-13.38183,-102.750289
2/21/2024,12:35:00,-13.37183,-102.750289
2/21/2024,12:35:00,-13.37183,-102.780289
2/21/2024,12:35:00,-13.38183,-102.810289
2/21/2024,12:35:00,-13.38183,-102.840289
2/21/2024,12:35:00,-13.37183,-102.860289
2/21/2024,12:35:01,-13.36183,-102.840289
2/21/2024,12:35:01,-13.34183,-102.790289
2/21/2024,12:35:01,-13.31183,-102.750289
2/21/2024,12:35:01,-13.30183,-102.690289
2/21/2024,12:35:01,-13.31183,-102.660289
2/21/2024,12:35:02,-13.32183,-102.680289
2/21/2024,12:35:02,-13.35183,-102.690289
2/21/2024,12:35:02,-13.38183,-102.710289
2/21/2024,12:35:02,-13.39183,-102.720289
2/21/2024,12:35:02,-13.40183,-102.720289
2/21/2024,12:35:03,-13.42183,-102.700289
2/21/2024,12:35:03,-13.43183,-102.670289
2/21/2024,12:35:03,-13.43183,-102.650289
2/21/2024,12:35:03,-13.43183,-102.630289
2/21/2024,12:35:03,-13.44183,-102.630289
2/21/2024,12:35:04,-13.45183,-102.630289
2/21/2024,12:35:04,-13.47183,-102.640289
2/21/2024,12:35:04,-13.48183,-102.660289
2/21/2024,12:35:04,-13.49183,-102.670289
2/21/2024,12:35:04,-13.51183,-102.680289
2/21/2024,12:35:05,-13.50183,-102.670289
2/21/2024,12:35:05,-13.49183,-102.640289
2/21/2024,12:35:05,-13.49183,-102.620289
2/21/2024,12:35:05,-13.47183,-102.600289
2/21/2024,12:35:05,-13.46183,-102.590289
2/21/2024,12:35:06,-13.45183,-102.590289
2/21/2024,12:35:06,-13.45183,-102.580289
2/21/2024,12:35:06,-13.44183,-102.590289
2/21/2024,12:35:06,-13.42183,-102.580289
2/21/2024,12:35:06,-13.41183,-102.570289
2/21/2024,12:35:07,-13.40183,-102.550289
2/21/2024,12:35:07,-13.38183,-102.540289
2/21/2024,12:35:07,-13.37183,-102.540289
2/21/2024,12:35:07,-13.37183,-102.540289
2/21/2024,12:35:07,-13.35183,-102.540289
2/21/2024,12:35:08,-13.34183,-102.530289
2/21/2024,12:35:08,-13.33183,-102.520289
2/21/2024,12:35:08,-13.33183,-102.520289
2/21/2024,12:35:08,-13.32183,-102.520289
2/21/2024,12:35:08,-13.31183,-102.530289
2/21/2024,12:35:09,-13.31183,-102.540289
2/21/2024,12:35:09,-13.31183,-102.550289
2/21/2024,12:35:09,-13.31183,-102.550289
2/21/2024,12:35:09,-13.30183,-102.560289
2/21/2024,12:35:09,-13.30183,-102.560289
2/21/2024,12:35:10,-13.30183,-102.570289
2/21/2024,12:35:10,-13.29183,-102.570289
2/21/2024,12:35:10,-13.28183,-102.570289
2/21/2024,12:35:10,-13.27183,-102.560289
2/21/2024,12:35:10,-13.26183,-102.550289
2/21/2024,12:35:11,-13.25183,-102.540289
2/21/2024,12:35:11,-13.25183,-102.540289
2/21/2024,12:35:11,-13.26183,-102.560289
2/21/2024,12:35:11,-13.27183,-102.570289
2/21/2024,12:35:11,-13.27183,-102.580289
2/21/2024,12:35:12,-13.26183,-102.580289
2/21/2024,12:35:12,-13.26183,-102.570289
2/21/2024,12:35:12,-13.26183,-102.550289
2/21/2024,12:35:12,-13.26183,-102.540289
2/21/2024,12:35:12,-13.25183,-102.530289
2/21/2024,12:35:13,-13.24183,-102.530289
2/21/2024,12:35:13,-13.26183,-102.550289
2/21/2024,12:35:13,-13.27183,-102.560289
2/21/2024,12:35:13,-13.28183,-102.580289
2/21/2024,12:35:13,-13.28183,-102.590289
2/21/2024,12:35:14,-13.28183,-102.580289
2/21/2024,12:35:14,-13.29183,-102.560289
2/21/2024,12:35:14,-13.29183,-102.560289
2/21/2024,12:35:14,-13.28183,-102.560289
2/21/2024,12:35:14,-13.28183,-102.570289
2/21/2024,12:35:15,-13.29183,-102.570289
2/21/2024,12:35:15,-13.29183,-102.570289
2/21/2024,12:35:15,-13.28183,-102.570289
2/21/2024,12:35:15,-13.27183,-102.550289
2/21/2024,12:35:15,-13.27183,-102.530289
2/21/2024,12:35:16,-13.26183,-102.520289
2/21/2024,12:35:16,-13.26183,-102.520289
2/21/2024,12:35:16,-13.27183,-102.530289
2/21/2024,12:35:16,-13.28183,-102.530289
2/21/2024,12:35:16,-13.29183,-102.530289
2/21/2024,12:35:17,-13.29183,-102.520289
2/21/2024,12:35:17,-13.29183,-102.510289
2/21/2024,12:35:17,-13.29183,-102.490289
2/21/2024,12:35:17,-13.29183,-102.480289
2/21/2024,12:35:17,-13.29183,-102.480289
2/21/2024,12:35:18,-13.30183,-102.480289
2/21/2024,12:35:18,-13.31183,-102.480289
2/21/2024,12:35:18,-13.32183,-102.480289
2/21/2024,12:35:18,-13.32183,-102.480289
2/21/2024,12:35:18,-13.32183,-102.490289
2/21/2024,12:35:19,-13.33183,-102.510289
2/21/2024,12:35:19,-13.34183,-102.530289
2/21/2024,12:35:19,-13.33183,-102.530289
2/21/2024,12:35:19,-13.33183,-102.520289
2/21/2024,12:35:19,-13.33183,-102.500289
2/21/2024,12:35:20,-13.32183,-102.490289
2/21/2024,12:35:20,-13.31183,-102.490289
2/21/2024,12:35:20,-13.31183,-102.490289
2/21/2024,12:35:20,-13.32183,-102.500289
2/21/2024,12:35:20,-13.32183,-102.510289
2/21/2024,12:35:21,-13.32183,-102.520289
2/21/2024,12:35:21,-13.32183,-102.520289
2/21/2024,12:35:21,-13.32183,-102.520289
2/21/2024,12:35:21,-13.32183,-102.510289
2/21/2024,12:35:21,-13.32183,-102.500289
2/21/2024,12:35:22,-13.32183,-102.490289
2/21/2024,12:35:22,-13.32183,-102.490289
2/21/2024,12:35:22,-13.32183,-102.490289
2/21/2024,12:35:22,-13.33183,-102.490289
2/21/2024,12:35:22,-13.33183,-102.490289
2/21/2024,12:35:23,-13.34183,-102.500289
2/21/2024,12:35:23,-13.35183,-102.500289
2/21/2024,12:35:23,-13.36183,-102.510289
2/21/2024,12:35:23,-13.37183,-102.530289
2/21/2024,12:35:23,-13.37183,-102.540289
2/21/2024,12:35:24,-13.38183,-102.550289
2/21/2024,12:35:24,-13.38183,-102.550289
2/21/2024,12:35:24,-13.39183,-102.550289
2/21/2024,12:35:24,-13.39183,-102.550289
2/21/2024,12:35:24,-13.39183,-102.550289
2/21/2024,12:35:25,-13.39183,-102.560289
2/21/2024,12:35:25,-13.39183,-102.560289
2/21/2024,12:35:25,-13.39183,-102.560289
2/21/2024,12:35:25,-13.39183,-102.560289
2/21/2024,12:35:25,-13.38183,-102.550289
2/21/2024,12:35:26,-13.38183,-102.560289
2/21/2024,12:35:26,-13.38183,-102.570289
2/21/2024,12:35:26,-13.38183,-102.580289
2/21/2024,12:35:26,-13.38183,-102.590289
2/21/2024,12:35:26,-13.37183,-102.590289
2/21/2024,12:35:27,-13.37183,-102.580289
2/21/2024,12:35:27,-13.37183,-102.570289
2/21/2024,12:35:27,-13.36183,-102.570289
2/21/2024,12:35:27,-13.36183,-102.580289
2/21/2024,12:35:27,-13.36183,-102.580289
2/21/2024,12:35:28,-13.36183,-102.590289
2/21/2024,12:35:28,-13.36183,-102.590289
2/21/2024,12:35:28,-13.36183,-102.600289
2/21/2024,12:35:28,-13.37183,-102.600289
2/21/2024,12:35:28,-13.37183,-102.610289
2/21/2024,12:35:29,-13.37183,-102.610289
2/21/2024,12:35:29,-13.36183,-102.610289
2/21/2024,12:35:29,-13.36183,-102.610289
2/21/2024,12:35:29,-13.36183,-102.600289
2/21/2024,12:35:29,-13.36183,-102.600289
2/21/2024,12:35:30,-13.36183,-102.600289
2/21/2024,12:35:30,-13.36183,-102.600289
2/21/2024,12:35:30,-13.36183,-102.610289
2/21/2024,12:35:30,-13.35183,-102.610289
2/21/2024,12:35:30,-13.35183,-102.600289
2/21/2024,12:35:31,-13.35183,-102.600289
2/21/2024,12:35:31,-13.35183,-102.600289
2/21/2024,12:35:31,-13.35183,-102.600289
2/21/2024,12:35:31,-13.34183,-102.600289
2/21/2024,12:35:31,-13.35183,-102.600289
2/21/2024,12:35:32,-13.35183,-102.600289
2/21/2024,12:35:32,-13.35183,-102.600289
2/21/2024,12:35:32,-13.35183,-102.600289
2/21/2024,12:35:32,-13.35183,-102.600289
2/21/2024,12:35:32,-13.35183,-102.590289
2/21/2024,12:35:33,-13.35183,-102.580289
2/21/2024,12:35:33,-13.34183,-102.580289
2/21/2024,12:35:33,-13.34183,-102.580289
2/21/2024,12:35:33,-13.35183,-102.580289
2/21/2024,12:35:33,-13.35183,-102.590289
2/21/2024,12:35:34,-13.35183,-102.590289
2/21/2024,12:35:34,-13.35183,-102.600289
2/21/2024,12:35:34,-13.35183,-102.600289
2/21/2024,12:35:34,-13.36183,-102.600289
2/21/2024,12:35:34,-13.36183,-102.610289
2/21/2024,12:35:35,-13.36183,-102.610289
2/21/2024,12:35:35,-13.36183,-102.600289
2/21/2024,12:35:35,-13.36183,-102.590289
2/21/2024,12:35:35,-13.35183,-102.580289
2/21/2024,12:35:35,-13.34183,-102.570289
2/21/2024,12:35:36,-13.34183,-102.570289
2/21/2024,12:35:36,-13.34183,-102.580289
2/21/2024,12:35:36,-13.34183,-102.600289
2/21/2024,12:35:36,-13.34183,-102.610289
2/21/2024,12:35:36,-13.34183,-102.610289
2/21/2024,12:35:37,-13.33183,-102.610289
2/21/2024,12:35:37,-13.33183,-102.610289
2/21/2024,12:35:37,-13.33183,-102.600289
2/21/2024,12:35:37,-13.33183,-102.610289
2/21/2024,12:35:37,-13.32183,-102.610289
2/21/2024,12:35:38,-13.32183,-102.610289
2/21/2024,12:35:38,-13.32183,-102.620289
2/21/2024,12:35:38,-13.32183,-102.620289
2/21/2024,12:35:38,-13.32183,-102.630289
2/21/2024,12:35:38,-13.32183,-102.640289
2/21/2024,12:35:39,-13.32183,-102.630289
2/21/2024,12:35:39,-13.31183,-102.630289
2/21/2024,12:35:39,-13.31183,-102.620289
2/21/2024,12:35:39,-13.31183,-102.610289
2/21/2024,12:35:39,-13.30183,-102.610289
2/21/2024,12:35:40,-13.30183,-102.610289
2/21/2024,12:35:40,-13.30183,-102.610289
2/21/2024,12:35:40,-13.30183,-102.610289
2/21/2024,12:35:40,-13.30183,-102.610289
2/21/2024,12:35:40,-13.30183,-102.610289
2/21/2024,12:35:41,-13.30183,-102.610289
2/21/2024,12:35:41,-13.30183,-102.610289
2/21/2024,12:35:41,-13.30183,-102.610289
2/21/2024,12:35:41,-13.29183,-102.610289
2/21/2024,12:35:41,-13.29183,-102.600289
2/21/2024,12:35:42,-13.29183,-102.590289
2/21/2024,12:35:42,-13.29183,-102.580289
2/21/2024,12:35:42,-13.29183,-102.580289
2/21/2024,12:35:42,-13.29183,-102.580289
2/21/2024,12:35:42,-13.30183,-102.590289
2/21/2024,12:35:43,-13.30183,-102.590289
2/21/2024,12:35:43,-13.31183,-102.600289
2/21/2024,12:35:43,-13.31183,-102.590289
2/21/2024,12:35:43,-13.31183,-102.580289
2/21/2024,12:35:43,-13.31183,-102.570289
2/21/2024,12:35:44,-13.31183,-102.570289
2/21/2024,12:35:44,-13.31183,-102.560289
2/21/2024,12:35:44,-13.31183,-102.560289
2/21/2024,12:35:44,-13.31183,-102.550289
2/21/2024,12:35:44,-13.31183,-102.550289
2/21/2024,12:35:45,-13.31183,-102.550289
2/21/2024,12:35:45,-13.32183,-102.550289
2/21/2024,12:35:45,-13.33183,-102.550289
2/21/2024,12:35:45,-13.33183,-102.560289
2/21/2024,12:35:45,-13.33183,-102.560289
2/21/2024,12:35:46,-13.33183,-102.550289
2/21/2024,12:35:46,-13.33183,-102.540289
2/21/2024,12:35:46,-13.33183,-102.520289
2/21/2024,12:35:46,-13.33183,-102.510289
2/21/2024,12:35:46,-13.33183,-102.510289
2/21/2024,12:35:47,-13.33183,-102.510289
2/21/2024,12:35:47,-13.33183,-102.510289
2/21/2024,12:35:47,-13.33183,-102.510289
2/21/2024,12:35:47,-13.33183,-102.510289
2/21/2024,12:35:47,-13.34183,-102.510289
2/21/2024,12:35:48,-13.34183,-102.520289
2/21/2024,12:35:48,-13.35183,-102.530289
2/21/2024,12:35:48,-13.34183,-102.530289
2/21/2024,12:35:48,-13.34183,-102.510289
2/21/2024,12:35:48,-13.34183,-102.490289
2/21/2024,12:35:49,-13.33183,-102.470289
2/21/2024,12:35:49,-13.32183,-102.470289
2/21/2024,12:35:49,-13.32183,-102.470289
2/21/2024,12:35:49,-13.33183,-102.470289
2/21/2024,12:35:49,-13.33183,-102.480289
2/21/2024,12:35:50,-13.33183,-102.480289
2/21/2024,12:35:50,-13.33183,-102.480289
2/21/2024,12:35:50,-13.33183,-102.470289
2/21/2024,12:35:50,-13.33183,-102.460289
2/21/2024,12:35:50,-13.33183,-102.440289
2/21/2024,12:35:51,-13.32183,-102.440289
2/21/2024,12:35:51,-13.33183,-102.440289
2/21/2024,12:35:51,-13.33183,-102.440289
2/21/2024,12:35:51,-13.34183,-102.450289
2/21/2024,12:35:51,-13.35183,-102.460289
2/21/2024,12:35:52,-13.36183,-102.460289
2/21/2024,12:35:52,-13.36183,-102.460289
2/21/2024,12:35:52,-13.36183,-102.450289
2/21/2024,12:35:52,-13.36183,-102.440289
2/21/2024,12:35:52,-13.35183,-102.420289
2/21/2024,12:35:53,-13.35183,-102.410289
2/21/2024,12:35:53,-13.35183,-102.410289
2/21/2024,12:35:53,-13.36183,-102.420289
2/21/2024,12:35:53,-13.36183,-102.430289
2/21/2024,12:35:53,-13.37183,-102.450289
2/21/2024,12:35:54,-13.38183,-102.450289
2/21/2024,12:35:54,-13.38183,-102.450289
2/21/2024,12:35:54,-13.38183,-102.450289
2/21/2024,12:35:54,-13.38183,-102.440289
2/21/2024,12:35:54,-13.37183,-102.430289
2/21/2024,12:35:55,-13.37183,-102.430289
2/21/2024,12:35:55,-13.36183,-102.430289
2/21/2024,12:35:55,-13.37183,-102.430289
2/21/2024,12:35:55,-13.37183,-102.430289
2/21/2024,12:35:55,-13.37183,-102.430289
2/21/2024,12:35:56,-13.38183,-102.440289
2/21/2024,12:35:56,-13.38183,-102.450289
2/21/2024,12:35:56,-13.39183,-102.460289
2/21/2024,12:35:56,-13.39183,-102.460289
2/21/2024,12:35:56,-13.38183,-102.450289
2/21/2024,12:35:57,-13.38183,-102.440289
2/21/2024,12:35:57,-13.37183,-102.430289
2/21/2024,12:35:57,-13.36183,-102.430289
2/21/2024,12:35:57,-13.35183,-102.430289
2/21/2024,12:35:57,-13.36183,-102.430289
2/21/2024,12:35:58,-13.35183,-102.420289
2/21/2024,12:35:58,-13.35183,-102.420289
2/21/2024,12:35:58,-13.35183,-102.430289
2/21/2024,12:35:58,-13.35183,-102.430289
2/21/2024,12:35:58,-13.35183,-102.440289
2/21/2024,12:35:59,-13.35183,-102.450289
2/21/2024,12:35:59,-13.35183,-102.450289
2/21/2024,12:35:59,-13.34183,-102.450289
2/21/2024,12:35:59,-13.34183,-102.430289
2/21/2024,12:35:59,-13.33183,-102.410289
2/21/2024,12:36:00,-13.32183,-102.400289
2/21/2024,12:36:00,-13.32183,-102.400289
2/21/2024,12:36:00,-13.32183,-102.400289
2/21/2024,12:36:00,-13.32183,-102.400289
2/21/2024,12:36:00,-13.32183,-102.400289
2/21/2024,12:36:01,-13.32183,-102.410289
2/21/2024,12:36:01,-13.33183,-102.420289
2/21/2024,12:36:01,-13.33183,-102.410289
2/21/2024,12:36:01,-13.32183,-102.410289
2/21/2024,12:36:01,-13.32183,-102.400289
2/21/2024,12:36:02,-13.32183,-102.390289
2/21/2024,12:36:02,-13.31183,-102.380289
2/21/2024,12:36:02,-13.31183,-102.380289
2/21/2024,12:36:02,-13.31183,-102.390289
2/21/2024,12:36:02,-13.31183,-102.390289
2/21/2024,12:36:03,-13.32183,-102.390289
2/21/2024,12:36:03,-13.32183,-102.390289
2/21/2024,12:36:03,-13.32183,-102.390289
2/21/2024,12:36:03,-13.32183,-102.400289
2/21/2024,12:36:03,-13.31183,-102.390289
2/21/2024,12:36:04,-13.31183,-102.390289
2/21/2024,12:36:04,-13.30183,-102.380289
2/21/2024,12:36:04,-13.31183,-102.380289
2/21/2024,12:36:04,-13.31183,-102.380289
2/21/2024,12:36:04,-13.32183,-102.380289
2/21/2024,12:36:05,-13.32183,-102.380289
2/21/2024,12:36:05,-13.33183,-102.380289
2/21/2024,12:36:05,-13.33183,-102.380289
2/21/2024,12:36:05,-13.34183,-102.370289
2/21/2024,12:36:05,-13.34183,-102.370289
2/21/2024,12:36:06,-13.34183,-102.370289
2/21/2024,12:36:06,-13.35183,-102.370289
2/21/2024,12:36:06,-13.35183,-102.370289
2/21/2024,12:36:06,-13.36183,-102.380289
2/21/2024,12:36:06,-13.36183,-102.390289
2/21/2024,12:36:07,-13.37183,-102.390289
2/21/2024,12:36:07,-13.37183,-102.400289
2/21/2024,12:36:07,-13.38183,-102.400289
2/21/2024,12:36:07,-13.37183,-102.400289
2/21/2024,12:36:07,-13.37183,-102.390289
2/21/2024,12:36:08,-13.37183,-102.370289
2/21/2024,12:36:08,-13.36183,-102.360289
2/21/2024,12:36:08,-13.36183,-102.370289
2/21/2024,12:36:08,-13.37183,-102.380289
2/21/2024,12:36:08,-13.37183,-102.390289
2/21/2024,12:36:09,-13.39183,-102.420289
2/21/2024,12:36:09,-13.39183,-102.430289
2/21/2024,12:36:09,-13.40183,-102.440289
2/21/2024,12:36:09,-13.39183,-102.430289
2/21/2024,12:36:09,-13.39183,-102.420289
2/21/2024,12:36:10,-13.38183,-102.410289
2/21/2024,12:36:10,-13.37183,-102.400289
2/21/2024,12:36:10,-13.37183,-102.400289
2/21/2024,12:36:10,-13.37183,-102.390289
2/21/2024,12:36:10,-13.36183,-102.390289
2/21/2024,12:36:11,-13.36183,-102.390289
2/21/2024,12:36:11,-13.36183,-102.410289
2/21/2024,12:36:11,-13.37183,-102.420289
2/21/2024,12:36:11,-13.38183,-102.440289
2/21/2024,12:36:11,-13.37183,-102.440289
2/21/2024,12:36:12,-13.36183,-102.430289
2/21/2024,12:36:12,-13.36183,-102.410289
2/21/2024,12:36:12,-13.35183,-102.400289
2/21/2024,12:36:12,-13.34183,-102.390289
2/21/2024,12:36:12,-13.33183,-102.400289
2/21/2024,12:36:13,-13.33183,-102.400289
2/21/2024,12:36:13,-13.34183,-102.390289
2/21/2024,12:36:13,-13.34183,-102.390289
2/21/2024,12:36:13,-13.34183,-102.400289
2/21/2024,12:36:13,-13.34183,-102.410289
2/21/2024,12:36:14,-13.34183,-102.410289
2/21/2024,12:36:14,-13.33183,-102.400289
2/21/2024,12:36:14,-13.32183,-102.400289
2/21/2024,12:36:14,-13.32183,-102.380289
2/21/2024,12:36:14,-13.31183,-102.370289
2/21/2024,12:36:15,-13.30183,-102.360289
2/21/2024,12:36:15,-13.31183,-102.370289
2/21/2024,12:36:15,-13.32183,-102.370289
2/21/2024,12:36:15,-13.32183,-102.380289
2/21/2024,12:36:15,-13.33183,-102.390289
2/21/2024,12:36:16,-13.35183,-102.410289
2/21/2024,12:36:16,-13.35183,-102.420289
2/21/2024,12:36:16,-13.36183,-102.420289
2/21/2024,12:36:16,-13.35183,-102.420289
2/21/2024,12:36:16,-13.35183,-102.400289
2/21/2024,12:36:17,-13.35183,-102.390289
2/21/2024,12:36:17,-13.34183,-102.390289
2/21/2024,12:36:17,-13.33183,-102.390289
2/21/2024,12:36:17,-13.33183,-102.390289
2/21/2024,12:36:17,-13.34183,-102.390289
2/21/2024,12:36:18,-13.35183,-102.410289
2/21/2024,12:36:18,-13.36183,-102.420289
2/21/2024,12:36:18,-13.36183,-102.430289
2/21/2024,12:36:18,-13.37183,-102.430289
2/21/2024,12:36:18,-13.36183,-102.420289
2/21/2024,12:36:19,-13.36183,-102.410289
2/21/2024,12:36:19,-13.35183,-102.410289
2/21/2024,12:36:19,-13.35183,-102.410289
2/21/2024,12:36:19,-13.35183,-102.410289
2/21/2024,12:36:19,-13.35183,-102.420289
2/21/2024,12:36:20,-13.35183,-102.430289
2/21/2024,12:36:20,-13.36183,-102.440289
2/21/2024,12:36:20,-13.36183,-102.450289
2/21/2024,12:36:20,-13.36183,-102.450289
2/21/2024,12:36:20,-13.36183,-102.450289
2/21/2024,12:36:21,-13.35183,-102.450289
2/21/2024,12:36:21,-13.35183,-102.440289
2/21/2024,12:36:21,-13.34183,-102.440289
2/21/2024,12:36:21,-13.34183,-102.440289
2/21/2024,12:36:21,-13.33183,-102.440289
2/21/2024,12:36:22,-13.34183,-102.450289
2/21/2024,12:36:22,-13.34183,-102.450289
2/21/2024,12:36:22,-13.34183,-102.460289
2/21/2024,12:36:22,-13.34183,-102.460289
2/21/2024,12:36:22,-13.33183,-102.470289
2/21/2024,12:36:23,-13.33183,-102.470289
2/21/2024,12:36:23,-13.33183,-102.470289
2/21/2024,12:36:23,-13.32183,-102.470289
2/21/2024,12:36:23,-13.32183,-102.470289
2/21/2024,12:36:23,-13.32183,-102.470289
2/21/2024,12:36:24,-13.31183,-102.470289
2/21/2024,12:36:24,-13.31183,-102.470289
2/21/2024,12:36:24,-13.31183,-102.470289
2/21/2024,12:36:24,-13.31183,-102.470289
2/21/2024,12:36:24,-13.31183,-102.470289
2/21/2024,12:36:25,-13.30183,-102.470289
2/21/2024,12:36:25,-13.30183,-102.470289
2/21/2024,12:36:25,-13.30183,-102.460289
2/21/2024,12:36:25,-13.29183,-102.460289
2/21/2024,12:36:25,-13.29183,-102.450289
2/21/2024,12:36:26,-13.30183,-102.450289
2/21/2024,12:36:26,-13.30183,-102.450289
2/21/2024,12:36:26,-13.30183,-102.450289
2/21/2024,12:36:26,-13.31183,-102.460289
2/21/2024,12:36:26,-13.31183,-102.460289
2/21/2024,12:36:27,-13.32183,-102.450289
2/21/2024,12:36:27,-13.32183,-102.450289
2/21/2024,12:36:27,-13.33183,-102.450289
2/21/2024,12:36:27,-13.33183,-102.460289
2/21/2024,12:36:27,-13.33183,-102.460289
2/21/2024,12:36:28,-13.33183,-102.450289
2/21/2024,12:36:28,-13.33183,-102.450289
2/21/2024,12:36:28,-13.32183,-102.440289
2/21/2024,12:36:28,-13.32183,-102.440289
2/21/2024,12:36:28,-13.32183,-102.440289
2/21/2024,12:36:29,-13.33183,-102.450289
2/21/2024,12:36:29,-13.33183,-102.460289
2/21/2024,12:36:29,-13.33183,-102.460289
2/21/2024,12:36:29,-13.33183,-102.470289
2/21/2024,12:36:29,-13.33183,-102.470289
2/21/2024,12:36:30,-13.33183,-102.470289
2/21/2024,12:36:30,-13.33183,-102.480289
2/21/2024,12:36:30,-13.33183,-102.480289
2/21/2024,12:36:30,-13.33183,-102.490289
2/21/2024,12:36:30,-13.33183,-102.490289
2/21/2024,12:36:31,-13.32183,-102.480289
2/21/2024,12:36:31,-13.32183,-102.480289
2/21/2024,12:36:31,-13.32183,-102.480289
2/21/2024,12:36:31,-13.32183,-102.480289
2/21/2024,12:36:31,-13.32183,-102.490289
2/21/2024,12:36:32,-13.32183,-102.490289
2/21/2024,12:36:32,-13.32183,-102.490289
2/21/2024,12:36:32,-13.32183,-102.490289
2/21/2024,12:36:32,-13.32183,-102.490289
2/21/2024,12:36:32,-13.32183,-102.490289
2/21/2024,12:36:33,-13.32183,-102.500289
2/21/2024,12:36:33,-13.32183,-102.500289
2/21/2024,12:36:33,-13.32183,-102.510289
2/21/2024,12:36:33,-13.31183,-102.510289
2/21/2024,12:36:33,-13.31183,-102.500289
2/21/2024,12:36:34,-13.30183,-102.490289
2/21/2024,12:36:34,-13.30183,-102.480289
2/21/2024,12:36:34,-13.30183,-102.480289
2/21/2024,12:36:34,-13.31183,-102.490289
2/21/2024,12:36:34,-13.31183,-102.500289
2/21/2024,12:36:35,-13.32183,-102.510289
2/21/2024,12:36:35,-13.32183,-102.510289
2/21/2024,12:36:35,-13.32183,-102.510289
2/21/2024,12:36:35,-13.32183,-102.490289
2/21/2024,12:36:35,-13.31183,-102.480289
2/21/2024,12:36:36,-13.31183,-102.470289
2/21/2024,12:36:36,-13.30183,-102.480289
2/21/2024,12:36:36,-13.31183,-102.480289
2/21/2024,12:36:36,-13.32183,-102.480289
2/21/2024,12:36:36,-13.32183,-102.490289
2/21/2024,12:36:37,-13.32183,-102.490289
2/21/2024,12:36:37,-13.33183,-102.490289
2/21/2024,12:36:37,-13.33183,-102.490289
2/21/2024,12:36:37,-13.33183,-102.490289
2/21/2024,12:36:37,-13.33183,-102.480289
2/21/2024,12:36:38,-13.33183,-102.470289
2/21/2024,12:36:38,-13.33183,-102.470289
2/21/2024,12:36:38,-13.32183,-102.460289
2/21/2024,12:36:38,-13.32183,-102.460289
2/21/2024,12:36:38,-13.33183,-102.470289
2/21/2024,12:36:39,-13.33183,-102.480289
2/21/2024,12:36:39,-13.33183,-102.490289
2/21/2024,12:36:39,-13.34183,-102.500289
2/21/2024,12:36:39,-13.33183,-102.500289
2/21/2024,12:36:39,-13.33183,-102.490289
2/21/2024,12:36:40,-13.33183,-102.490289
2/21/2024,12:36:40,-13.32183,-102.480289
2/21/2024,12:36:40,-13.32183,-102.480289
2/21/2024,12:36:40,-13.32183,-102.490289
2/21/2024,12:36:40,-13.33183,-102.490289
2/21/2024,12:36:41,-13.34183,-102.490289
2/21/2024,12:36:41,-13.34183,-102.500289
2/21/2024,12:36:41,-13.34183,-102.510289
2/21/2024,12:36:41,-13.35183,-102.510289
2/21/2024,12:36:41,-13.35183,-102.500289
2/21/2024,12:36:42,-13.35183,-102.500289
2/21/2024,12:36:42,-13.35183,-102.500289
2/21/2024,12:36:42,-13.35183,-102.500289
2/21/2024,12:36:42,-13.35183,-102.490289
2/21/2024,12:36:42,-13.35183,-102.490289
2/21/2024,12:36:43,-13.35183,-102.490289
2/21/2024,12:36:43,-13.35183,-102.490289
2/21/2024,12:36:43,-13.35183,-102.490289
2/21/2024,12:36:43,-13.35183,-102.490289
2/21/2024,12:36:43,-13.36183,-102.500289
2/21/2024,12:36:44,-13.36183,-102.500289
2/21/2024,12:36:44,-13.36183,-102.500289
2/21/2024,12:36:44,-13.36183,-102.500289
2/21/2024,12:36:44,-13.36183,-102.490289
2/21/2024,12:36:44,-13.36183,-102.490289
2/21/2024,12:36:45,-13.35183,-102.490289
2/21/2024,12:36:45,-13.35183,-102.490289
2/21/2024,12:36:45,-13.35183,-102.490289
2/21/2024,12:36:45,-13.35183,-102.490289
2/21/2024,12:36:45,-13.35183,-102.490289
2/21/2024,12:36:46,-13.35183,-102.490289
2/21/2024,12:36:46,-13.35183,-102.490289
2/21/2024,12:36:46,-13.35183,-102.500289
2/21/2024,12:36:46,-13.35183,-102.500289
2/21/2024,12:36:46,-13.35183,-102.490289
2/21/2024,12:36:47,-13.34183,-102.470289
2/21/2024,12:36:47,-13.33183,-102.460289
2/21/2024,12:36:47,-13.33183,-102.460289
2/21/2024,12:36:47,-13.33183,-102.460289
2/21/2024,12:36:47,-13.34183,-102.480289
2/21/2024,12:36:48,-13.34183,-102.490289
2/21/2024,12:36:48,-13.35183,-102.500289
2/21/2024,12:36:48,-13.35183,-102.490289
2/21/2024,12:36:48,-13.34183,-102.480289
2/21/2024,12:36:48,-13.34183,-102.460289
2/21/2024,12:36:49,-13.33183,-102.440289
2/21/2024,12:36:49,-13.32183,-102.440289
2/21/2024,12:36:49,-13.32183,-102.440289
2/21/2024,12:36:49,-13.32183,-102.430289
2/21/2024,12:36:49,-13.33183,-102.440289
2/21/2024,12:36:50,-13.33183,-102.440289
2/21/2024,12:36:50,-13.33183,-102.450289
2/21/2024,12:36:50,-13.34183,-102.440289
2/21/2024,12:36:50,-13.34183,-102.440289
2/21/2024,12:36:50,-13.34183,-102.440289
2/21/2024,12:36:51,-13.34183,-102.430289
2/21/2024,12:36:51,-13.34183,-102.420289
2/21/2024,12:36:51,-13.34183,-102.410289
2/21/2024,12:36:51,-13.33183,-102.410289
2/21/2024,12:36:51,-13.34183,-102.410289
2/21/2024,12:36:52,-13.34183,-102.420289
2/21/2024,12:36:52,-13.34183,-102.420289
2/21/2024,12:36:52,-13.35183,-102.430289
2/21/2024,12:36:52,-13.35183,-102.440289
2/21/2024,12:36:52,-13.35183,-102.440289
2/21/2024,12:36:53,-13.35183,-102.440289
2/21/2024,12:36:53,-13.34183,-102.440289
2/21/2024,12:36:53,-13.34183,-102.430289
2/21/2024,12:36:53,-13.34183,-102.430289
2/21/2024,12:36:53,-13.33183,-102.440289
2/21/2024,12:36:54,-13.33183,-102.450289
2/21/2024,12:36:54,-13.34183,-102.460289
2/21/2024,12:36:54,-13.34183,-102.470289
2/21/2024,12:36:54,-13.34183,-102.470289
2/21/2024,12:36:54,-13.33183,-102.460289
2/21/2024,12:36:55,-13.33183,-102.450289
2/21/2024,12:36:55,-13.32183,-102.450289
2/21/2024,12:36:55,-13.32183,-102.450289
2/21/2024,12:36:55,-13.32183,-102.460289
2/21/2024,12:36:55,-13.32183,-102.460289
2/21/2024,12:36:56,-13.31183,-102.470289
2/21/2024,12:36:56,-13.31183,-102.480289
2/21/2024,12:36:56,-13.31183,-102.480289
2/21/2024,12:36:56,-13.31183,-102.480289
2/21/2024,12:36:56,-13.30183,-102.480289
2/21/2024,12:36:57,-13.29183,-102.480289
2/21/2024,12:36:57,-13.29183,-102.470289
2/21/2024,12:36:57,-13.28183,-102.470289
2/21/2024,12:36:57,-13.28183,-102.470289
2/21/2024,12:36:57,-13.28183,-102.470289
2/21/2024,12:36:58,-13.27183,-102.470289
2/21/2024,12:36:58,-13.27183,-102.470289
2/21/2024,12:36:58,-13.28183,-102.470289
2/21/2024,12:36:58,-13.28183,-102.470289
2/21/2024,12:36:58,-13.28183,-102.470289
2/21/2024,12:36:59,-13.28183,-102.470289
2/21/2024,12:36:59,-13.28183,-102.470289
2/21/2024,12:36:59,-13.28183,-102.460289
2/21/2024,12:36:59,-13.28183,-102.460289
2/21/2024,12:36:59,-13.27183,-102.460289
2/21/2024,12:37:00,-13.28183,-102.460289
2/21/2024,12:37:00,-13.28183,-102.460289
2/21/2024,12:37:00,-13.29183,-102.450289
2/21/2024,12:37:00,-13.29183,-102.450289
2/21/2024,12:37:00,-13.30183,-102.450289
2/21/2024,12:37:01,-13.31183,-102.450289
2/21/2024,12:37:01,-13.31183,-102.450289
2/21/2024,12:37:01,-13.32183,-102.450289
2/21/2024,12:37:01,-13.32183,-102.440289
2/21/2024,12:37:01,-13.33183,-102.430289
2/21/2024,12:37:02,-13.33183,-102.430289
2/21/2024,12:37:02,-13.33183,-102.430289
2/21/2024,12:37:02,-13.34183,-102.430289
2/21/2024,12:37:02,-13.34183,-102.430289
2/21/2024,12:37:02,-13.35183,-102.430289
2/21/2024,12:37:03,-13.35183,-102.420289
2/21/2024,12:37:03,-13.35183,-102.410289
2/21/2024,12:37:03,-13.35183,-102.410289
2/21/2024,12:37:03,-13.36183,-102.410289
2/21/2024,12:37:03,-13.37183,-102.410289
2/21/2024,12:37:04,-13.38183,-102.410289
2/21/2024,12:37:04,-13.38183,-102.410289
2/21/2024,12:37:04,-13.39183,-102.390289
2/21/2024,12:37:04,-13.39183,-102.390289
2/21/2024,12:37:04,-13.39183,-102.380289
2/21/2024,12:37:05,-13.39183,-102.380289
2/21/2024,12:37:05,-13.39183,-102.380289
2/21/2024,12:37:05,-13.39183,-102.400289
2/21/2024,12:37:05,-13.39183,-102.400289
2/21/2024,12:37:05,-13.39183,-102.400289
2/21/2024,12:37:06,-13.39183,-102.400289
2/21/2024,12:37:06,-13.39183,-102.410289
2/21/2024,12:37:06,-13.39183,-102.430289
2/21/2024,12:37:06,-13.40183,-102.450289
2/21/2024,12:37:06,-13.40183,-102.450289
2/21/2024,12:37:07,-13.40183,-102.460289
2/21/2024,12:37:07,-13.39183,-102.450289
2/21/2024,12:37:07,-13.39183,-102.450289
2/21/2024,12:37:07,-13.38183,-102.450289
2/21/2024,12:37:07,-13.36183,-102.450289
2/21/2024,12:37:08,-13.36183,-102.460289
2/21/2024,12:37:08,-13.36183,-102.460289
2/21/2024,12:37:08,-13.35183,-102.460289
2/21/2024,12:37:08,-13.34183,-102.460289
2/21/2024,12:37:08,-13.34183,-102.470289
2/21/2024,12:37:09,-13.34183,-102.480289
2/21/2024,12:37:09,-13.33183,-102.490289
2/21/2024,12:37:09,-13.33183,-102.490289
2/21/2024,12:37:09,-13.32183,-102.500289
2/21/2024,12:37:09,-13.31183,-102.490289
2/21/2024,12:37:10,-13.31183,-102.490289
2/21/2024,12:37:10,-13.30183,-102.490289
2/21/2024,12:37:10,-13.29183,-102.490289
2/21/2024,12:37:10,-13.29183,-102.490289
2/21/2024,12:37:10,-13.28183,-102.490289
2/21/2024,12:37:11,-13.28183,-102.490289
2/21/2024,12:37:11,-13.28183,-102.490289
2/21/2024,12:37:11,-13.28183,-102.500289
2/21/2024,12:37:11,-13.29183,-102.510289
2/21/2024,12:37:11,-13.29183,-102.520289
2/21/2024,12:37:12,-13.29183,-102.530289
2/21/2024,12:37:12,-13.29183,-102.530289
2/21/2024,12:37:12,-13.28183,-102.520289
2/21/2024,12:37:12,-13.28183,-102.510289
2/21/2024,12:37:12,-13.28183,-102.500289
2/21/2024,12:37:13,-13.27183,-102.500289
2/21/2024,12:37:13,-13.28183,-102.510289
2/21/2024,12:37:13,-13.29183,-102.500289
2/21/2024,12:37:13,-13.29183,-102.500289
2/21/2024,12:37:13,-13.30183,-102.510289
2/21/2024,12:37:14,-13.31183,-102.520289
2/21/2024,12:37:14,-13.32183,-102.530289
2/21/2024,12:37:14,-13.32183,-102.530289
2/21/2024,12:37:14,-13.32183,-102.530289
2/21/2024,12:37:14,-13.33183,-102.510289
2/21/2024,12:37:15,-13.33183,-102.510289
2/21/2024,12:37:15,-13.32183,-102.510289
2/21/2024,12:37:15,-13.33183,-102.510289
2/21/2024,12:37:15,-13.34183,-102.520289
2/21/2024,12:37:15,-13.34183,-102.520289
2/21/2024,12:37:16,-13.35183,-102.520289
2/21/2024,12:37:16,-13.35183,-102.520289
2/21/2024,12:37:16,-13.36183,-102.520289
2/21/2024,12:37:16,-13.36183,-102.520289
2/21/2024,12:37:16,-13.36183,-102.510289
2/21/2024,12:37:17,-13.36183,-102.510289
2/21/2024,12:37:17,-13.36183,-102.500289
2/21/2024,12:37:17,-13.36183,-102.490289
2/21/2024,12:37:17,-13.36183,-102.490289
2/21/2024,12:37:17,-13.37183,-102.500289
2/21/2024,12:37:18,-13.37183,-102.510289
2/21/2024,12:37:18,-13.38183,-102.510289
2/21/2024,12:37:18,-13.38183,-102.500289
2/21/2024,12:37:18,-13.37183,-102.490289
2/21/2024,12:37:18,-13.37183,-102.480289
2/21/2024,12:37:19,-13.37183,-102.470289
2/21/2024,12:37:19,-13.37183,-102.470289
2/21/2024,12:37:19,-13.37183,-102.480289
2/21/2024,12:37:19,-13.38183,-102.480289
2/21/2024,12:37:19,-13.37183,-102.480289
2/21/2024,12:37:20,-13.37183,-102.480289
2/21/2024,12:37:20,-13.37183,-102.490289
2/21/2024,12:37:20,-13.38183,-102.490289
2/21/2024,12:37:20,-13.37183,-102.500289
2/21/2024,12:37:20,-13.37183,-102.500289
2/21/2024,12:37:21,-13.37183,-102.490289
2/21/2024,12:37:21,-13.36183,-102.490289
2/21/2024,12:37:21,-13.35183,-102.480289
2/21/2024,12:37:21,-13.34183,-102.480289
2/21/2024,12:37:21,-13.33183,-102.470289
2/21/2024,12:37:22,-13.33183,-102.470289
2/21/2024,12:37:22,-13.34183,-102.480289
2/21/2024,12:37:22,-13.34183,-102.500289
2/21/2024,12:37:22,-13.35183,-102.520289
2/21/2024,12:37:22,-13.35183,-102.530289
2/21/2024,12:37:23,-13.35183,-102.530289
2/21/2024,12:37:23,-13.34183,-102.530289
2/21/2024,12:37:23,-13.34183,-102.510289
2/21/2024,12:37:23,-13.33183,-102.500289
2/21/2024,12:37:23,-13.32183,-102.500289
2/21/2024,12:37:24,-13.32183,-102.500289
2/21/2024,12:37:24,-13.33183,-102.510289
2/21/2024,12:37:24,-13.34183,-102.510289
2/21/2024,12:37:24,-13.34183,-102.520289
2/21/2024,12:37:24,-13.34183,-102.530289
2/21/2024,12:37:25,-13.35183,-102.530289
2/21/2024,12:37:25,-13.35183,-102.530289
2/21/2024,12:37:25,-13.35183,-102.530289
2/21/2024,12:37:25,-13.34183,-102.520289
2/21/2024,12:37:25,-13.34183,-102.520289
2/21/2024,12:37:26,-13.34183,-102.520289
2/21/2024,12:37:26,-13.35183,-102.530289
2/21/2024,12:37:26,-13.35183,-102.530289
2/21/2024,12:37:26,-13.36183,-102.540289
2/21/2024,12:37:26,-13.36183,-102.540289
2/21/2024,12:37:27,-13.35183,-102.530289
2/21/2024,12:37:27,-13.35183,-102.520289
2/21/2024,12:37:27,-13.35183,-102.520289
2/21/2024,12:37:27,-13.34183,-102.510289
2/21/2024,12:37:27,-13.33183,-102.510289
2/21/2024,12:37:28,-13.33183,-102.510289
2/21/2024,12:37:28,-13.34183,-102.510289
2/21/2024,12:37:28,-13.34183,-102.520289
2/21/2024,12:37:28,-13.34183,-102.530289
2/21/2024,12:37:28,-13.34183,-102.530289
2/21/2024,12:37:29,-13.34183,-102.530289
2/21/2024,12:37:29,-13.34183,-102.530289
2/21/2024,12:37:29,-13.34183,-102.520289
2/21/2024,12:37:29,-13.34183,-102.510289
2/21/2024,12:37:29,-13.33183,-102.500289
2/21/2024,12:37:30,-13.32183,-102.500289
2/21/2024,12:37:30,-13.32183,-102.500289
2/21/2024,12:37:30,-13.33183,-102.500289
2/21/2024,12:37:30,-13.33183,-102.510289
2/21/2024,12:37:30,-13.34183,-102.520289
2/21/2024,12:37:31,-13.34183,-102.530289
2/21/2024,12:37:31,-13.34183,-102.530289
2/21/2024,12:37:31,-13.34183,-102.520289
2/21/2024,12:37:31,-13.34183,-102.500289
2/21/2024,12:37:31,-13.34183,-102.480289
2/21/2024,12:37:32,-13.33183,-102.480289
2/21/2024,12:37:32,-13.33183,-102.480289
2/21/2024,12:37:32,-13.33183,-102.480289
2/21/2024,12:37:32,-13.34183,-102.480289
2/21/2024,12:37:32,-13.34183,-102.490289
2/21/2024,12:37:33,-13.34183,-102.490289
2/21/2024,12:37:33,-13.35183,-102.490289
2/21/2024,12:37:33,-13.35183,-102.480289
2/21/2024,12:37:33,-13.35183,-102.470289
2/21/2024,12:37:33,-13.35183,-102.470289
2/21/2024,12:37:34,-13.35183,-102.470289
2/21/2024,12:37:34,-13.35183,-102.470289
2/21/2024,12:37:34,-13.35183,-102.470289
2/21/2024,12:37:34,-13.35183,-102.470289
2/21/2024,12:37:34,-13.36183,-102.480289
2/21/2024,12:37:35,-13.37183,-102.480289
2/21/2024,12:37:35,-13.37183,-102.490289
2/21/2024,12:37:35,-13.37183,-102.490289
2/21/2024,12:37:35,-13.38183,-102.480289
2/21/2024,12:37:35,-13.37183,-102.470289
2/21/2024,12:37:36,-13.37183,-102.460289
2/21/2024,12:37:36,-13.36183,-102.460289
2/21/2024,12:37:36,-13.36183,-102.460289
2/21/2024,12:37:36,-13.36183,-102.470289
2/21/2024,12:37:36,-13.37183,-102.470289
2/21/2024,12:37:37,-13.37183,-102.480289
2/21/2024,12:37:37,-13.37183,-102.480289
2/21/2024,12:37:37,-13.37183,-102.490289
2/21/2024,12:37:37,-13.37183,-102.500289
2/21/2024,12:37:37,-13.36183,-102.490289
2/21/2024,12:37:38,-13.35183,-102.480289
2/21/2024,12:37:38,-13.34183,-102.470289
2/21/2024,12:37:38,-13.34183,-102.460289
2/21/2024,12:37:38,-13.33183,-102.460289
2/21/2024,12:37:38,-13.34183,-102.470289
2/21/2024,12:37:39,-13.35183,-102.480289
2/21/2024,12:37:39,-13.36183,-102.500289
2/21/2024,12:37:39,-13.36183,-102.520289
2/21/2024,12:37:39,-13.36183,-102.530289
2/21/2024,12:37:39,-13.35183,-102.520289
2/21/2024,12:37:40,-13.34183,-102.490289
2/21/2024,12:37:40,-13.33183,-102.470289
2/21/2024,12:37:40,-13.32183,-102.460289
2/21/2024,12:37:40,-13.32183,-102.460289
2/21/2024,12:37:40,-13.33183,-102.470289
2/21/2024,12:37:41,-13.34183,-102.480289
2/21/2024,12:37:41,-13.36183,-102.500289
2/21/2024,12:37:41,-13.37183,-102.510289
2/21/2024,12:37:41,-13.37183,-102.520289
2/21/2024,12:37:41,-13.38183,-102.510289
2/21/2024,12:37:42,-13.37183,-102.480289
2/21/2024,12:37:42,-13.35183,-102.460289
2/21/2024,12:37:42,-13.34183,-102.450289
2/21/2024,12:37:42,-13.34183,-102.440289
2/21/2024,12:37:42,-13.34183,-102.440289
2/21/2024,12:37:43,-13.35183,-102.450289
2/21/2024,12:37:43,-13.36183,-102.460289
2/21/2024,12:37:43,-13.36183,-102.480289
2/21/2024,12:37:43,-13.37183,-102.500289
2/21/2024,12:37:43,-13.38183,-102.500289
2/21/2024,12:37:44,-13.37183,-102.490289
2/21/2024,12:37:44,-13.36183,-102.470289
2/21/2024,12:37:44,-13.35183,-102.440289
2/21/2024,12:37:44,-13.34183,-102.430289
2/21/2024,12:37:44,-13.33183,-102.420289
2/21/2024,12:37:45,-13.33183,-102.430289
2/21/2024,12:37:45,-13.34183,-102.430289
2/21/2024,12:37:45,-13.35183,-102.460289
2/21/2024,12:37:45,-13.36183,-102.480289
2/21/2024,12:37:45,-13.36183,-102.490289
2/21/2024,12:37:46,-13.36183,-102.480289
2/21/2024,12:37:46,-13.34183,-102.460289
2/21/2024,12:37:46,-13.34183,-102.450289
2/21/2024,12:37:46,-13.32183,-102.440289
2/21/2024,12:37:46,-13.31183,-102.430289
2/21/2024,12:37:47,-13.32183,-102.440289
2/21/2024,12:37:47,-13.33183,-102.440289
2/21/2024,12:37:47,-13.34183,-102.460289
2/21/2024,12:37:47,-13.34183,-102.480289
2/21/2024,12:37:47,-13.35183,-102.480289
2/21/2024,12:37:48,-13.35183,-102.480289
2/21/2024,12:37:48,-13.35183,-102.460289
2/21/2024,12:37:48,-13.34183,-102.450289
2/21/2024,12:37:48,-13.34183,-102.440289
2/21/2024,12:37:48,-13.33183,-102.440289
2/21/2024,12:37:49,-13.33183,-102.440289
2/21/2024,12:37:49,-13.34183,-102.450289
2/21/2024,12:37:49,-13.35183,-102.460289
2/21/2024,12:37:49,-13.35183,-102.480289
2/21/2024,12:37:49,-13.35183,-102.490289
2/21/2024,12:37:50,-13.36183,-102.490289
2/21/2024,12:37:50,-13.36183,-102.490289
2/21/2024,12:37:50,-13.35183,-102.470289
2/21/2024,12:37:50,-13.34183,-102.460289
2/21/2024,12:37:50,-13.33183,-102.440289
2/21/2024,12:37:51,-13.32183,-102.440289
2/21/2024,12:37:51,-13.32183,-102.440289
2/21/2024,12:37:51,-13.33183,-102.440289
2/21/2024,12:37:51,-13.33183,-102.450289
2/21/2024,12:37:51,-13.34183,-102.470289
2/21/2024,12:37:52,-13.34183,-102.490289
2/21/2024,12:37:52,-13.34183,-102.500289
2/21/2024,12:37:52,-13.33183,-102.500289
2/21/2024,12:37:52,-13.33183,-102.470289
2/21/2024,12:37:52,-13.32183,-102.460289
2/21/2024,12:37:53,-13.30183,-102.460289
2/21/2024,12:37:53,-13.30183,-102.450289
2/21/2024,12:37:53,-13.30183,-102.460289
2/21/2024,12:37:53,-13.31183,-102.470289
2/21/2024,12:37:53,-13.31183,-102.480289
2/21/2024,12:37:54,-13.31183,-102.480289
2/21/2024,12:37:54,-13.31183,-102.480289
2/21/2024,12:37:54,-13.31183,-102.470289
2/21/2024,12:37:54,-13.31183,-102.460289
2/21/2024,12:37:54,-13.30183,-102.460289
2/21/2024,12:37:55,-13.29183,-102.450289
2/21/2024,12:37:55,-13.29183,-102.450289
2/21/2024,12:37:55,-13.30183,-102.450289
2/21/2024,12:37:55,-13.30183,-102.460289
2/21/2024,12:37:55,-13.30183,-102.460289
2/21/2024,12:37:56,-13.31183,-102.460289
2/21/2024,12:37:56,-13.31183,-102.460289
2/21/2024,12:37:56,-13.31183,-102.450289
2/21/2024,12:37:56,-13.32183,-102.440289
2/21/2024,12:37:56,-13.32183,-102.440289
2/21/2024,12:37:57,-13.32183,-102.440289
2/21/2024,12:37:57,-13.32183,-102.440289
2/21/2024,12:37:57,-13.33183,-102.450289
2/21/2024,12:37:57,-13.33183,-102.450289
2/21/2024,12:37:57,-13.33183,-102.450289
2/21/2024,12:37:58,-13.33183,-102.440289
2/21/2024,12:37:58,-13.33183,-102.440289
2/21/2024,12:37:58,-13.33183,-102.450289
2/21/2024,12:37:58,-13.34183,-102.460289
2/21/2024,12:37:58,-13.35183,-102.470289
2/21/2024,12:37:59,-13.35183,-102.480289
2/21/2024,12:37:59,-13.36183,-102.480289
2/21/2024,12:37:59,-13.36183,-102.470289
2/21/2024,12:37:59,-13.35183,-102.450289
2/21/2024,12:37:59,-13.35183,-102.440289
2/21/2024,12:38:00,-13.34183,-102.440289
2/21/2024,12:38:00,-13.34183,-102.440289
2/21/2024,12:38:00,-13.34183,-102.440289
2/21/2024,12:38:00,-13.34183,-102.450289
2/21/2024,12:38:00,-13.35183,-102.450289
2/21/2024,12:38:01,-13.35183,-102.470289
2/21/2024,12:38:01,-13.36183,-102.480289
2/21/2024,12:38:01,-13.37183,-102.490289
2/21/2024,12:38:01,-13.37183,-102.480289
2/21/2024,12:38:01,-13.36183,-102.470289
2/21/2024,12:38:02,-13.35183,-102.460289
2/21/2024,12:38:02,-13.34183,-102.450289
2/21/2024,12:38:02,-13.33183,-102.450289
2/21/2024,12:38:02,-13.34183,-102.460289
2/21/2024,12:38:02,-13.34183,-102.460289
2/21/2024,12:38:03,-13.34183,-102.460289
2/21/2024,12:38:03,-13.34183,-102.470289
2/21/2024,12:38:03,-13.35183,-102.470289
2/21/2024,12:38:03,-13.35183,-102.480289
2/21/2024,12:38:03,-13.34183,-102.470289
2/21/2024,12:38:04,-13.34183,-102.460289
2/21/2024,12:38:04,-13.33183,-102.450289
2/21/2024,12:38:04,-13.33183,-102.450289
2/21/2024,12:38:04,-13.32183,-102.450289
2/21/2024,12:38:04,-13.32183,-102.450289
2/21/2024,12:38:05,-13.32183,-102.450289
2/21/2024,12:38:05,-13.31183,-102.440289
2/21/2024,12:38:05,-13.31183,-102.440289
2/21/2024,12:38:05,-13.31183,-102.430289
2/21/2024,12:38:05,-13.32183,-102.430289
2/21/2024,12:38:06,-13.33183,-102.430289
2/21/2024,12:38:06,-13.34183,-102.440289
2/21/2024,12:38:06,-13.34183,-102.440289
2/21/2024,12:38:06,-13.34183,-102.440289
2/21/2024,12:38:06,-13.34183,-102.430289
2/21/2024,12:38:07,-13.34183,-102.420289
2/21/2024,12:38:07,-13.33183,-102.410289
2/21/2024,12:38:07,-13.32183,-102.410289
2/21/2024,12:38:07,-13.32183,-102.410289
2/21/2024,12:38:07,-13.33183,-102.410289
2/21/2024,12:38:08,-13.34183,-102.410289
2/21/2024,12:38:08,-13.34183,-102.420289
2/21/2024,12:38:08,-13.35183,-102.430289
2/21/2024,12:38:08,-13.36183,-102.440289
2/21/2024,12:38:08,-13.37183,-102.440289
2/21/2024,12:38:09,-13.37183,-102.440289
2/21/2024,12:38:09,-13.37183,-102.430289
2/21/2024,12:38:09,-13.36183,-102.410289
2/21/2024,12:38:09,-13.36183,-102.410289
2/21/2024,12:38:09,-13.35183,-102.410289
2/21/2024,12:38:10,-13.35183,-102.410289
2/21/2024,12:38:10,-13.36183,-102.410289
2/21/2024,12:38:10,-13.37183,-102.410289
2/21/2024,12:38:10,-13.37183,-102.420289
2/21/2024,12:38:10,-13.38183,-102.430289
2/21/2024,12:38:11,-13.39183,-102.440289
2/21/2024,12:38:11,-13.39183,-102.440289
2/21/2024,12:38:11,-13.39183,-102.430289
2/21/2024,12:38:11,-13.38183,-102.420289
2/21/2024,12:38:11,-13.38183,-102.410289
2/21/2024,12:38:12,-13.38183,-102.410289
2/21/2024,12:38:12,-13.37183,-102.410289
2/21/2024,12:38:12,-13.38183,-102.410289
2/21/2024,12:38:12,-13.38183,-102.410289
2/21/2024,12:38:12,-13.37183,-102.410289
2/21/2024,12:38:13,-13.37183,-102.420289
2/21/2024,12:38:13,-13.37183,-102.430289
2/21/2024,12:38:13,-13.37183,-102.430289
2/21/2024,12:38:13,-13.37183,-102.430289
2/21/2024,12:38:13,-13.37183,-102.420289
2/21/2024,12:38:14,-13.36183,-102.420289
2/21/2024,12:38:14,-13.36183,-102.410289
2/21/2024,12:38:14,-13.35183,-102.410289
2/21/2024,12:38:14,-13.34183,-102.410289
2/21/2024,12:38:14,-13.34183,-102.420289
2/21/2024,12:38:15,-13.34183,-102.410289
2/21/2024,12:38:15,-13.34183,-102.410289
2/21/2024,12:38:15,-13.34183,-102.410289
2/21/2024,12:38:15,-13.34183,-102.410289
2/21/2024,12:38:15,-13.34183,-102.410289
2/21/2024,12:38:16,-13.33183,-102.420289
2/21/2024,12:38:16,-13.33183,-102.410289
2/21/2024,12:38:16,-13.33183,-102.410289
2/21/2024,12:38:16,-13.33183,-102.400289
2/21/2024,12:38:16,-13.32183,-102.390289
2/21/2024,12:38:17,-13.32183,-102.390289
2/21/2024,12:38:17,-13.32183,-102.400289
2/21/2024,12:38:17,-13.33183,-102.400289
2/21/2024,12:38:17,-13.33183,-102.400289
2/21/2024,12:38:17,-13.33183,-102.400289
2/21/2024,12:38:18,-13.33183,-102.400289
2/21/2024,12:38:18,-13.33183,-102.390289
2/21/2024,12:38:18,-13.32183,-102.390289
2/21/2024,12:38:18,-13.32183,-102.390289
2/21/2024,12:38:18,-13.32183,-102.380289
2/21/2024,12:38:19,-13.32183,-102.380289
2/21/2024,12:38:19,-13.33183,-102.390289
2/21/2024,12:38:19,-13.33183,-102.390289
2/21/2024,12:38:19,-13.33183,-102.390289
2/21/2024,12:38:19,-13.33183,-102.380289
2/21/2024,12:38:20,-13.33183,-102.380289
2/21/2024,12:38:20,-13.33183,-102.380289
2/21/2024,12:38:20,-13.33183,-102.390289
2/21/2024,12:38:20,-13.33183,-102.390289
2/21/2024,12:38:20,-13.34183,-102.400289
2/21/2024,12:38:21,-13.34183,-102.400289
2/21/2024,12:38:21,-13.34183,-102.390289
2/21/2024,12:38:21,-13.34183,-102.390289
2/21/2024,12:38:21,-13.33183,-102.380289
2/21/2024,12:38:21,-13.33183,-102.380289
2/21/2024,12:38:22,-13.34183,-102.390289
2/21/2024,12:38:22,-13.34183,-102.390289
2/21/2024,12:38:22,-13.35183,-102.400289
2/21/2024,12:38:22,-13.35183,-102.400289
2/21/2024,12:38:22,-13.35183,-102.400289
2/21/2024,12:38:23,-13.35183,-102.390289
2/21/2024,12:38:23,-13.35183,-102.390289
2/21/2024,12:38:23,-13.35183,-102.390289
2/21/2024,12:38:23,-13.35183,-102.390289
2/21/2024,12:38:23,-13.35183,-102.390289
2/21/2024,12:38:24,-13.35183,-102.390289
2/21/2024,12:38:24,-13.35183,-102.390289
2/21/2024,12:38:24,-13.35183,-102.380289
2/21/2024,12:38:24,-13.36183,-102.380289
2/21/2024,12:38:24,-13.36183,-102.380289
2/21/2024,12:38:25,-13.36183,-102.380289
2/21/2024,12:38:25,-13.36183,-102.370289
2/21/2024,12:38:25,-13.35183,-102.380289
2/21/2024,12:38:25,-13.35183,-102.370289
2/21/2024,12:38:25,-13.35183,-102.380289
2/21/2024,12:38:26,-13.35183,-102.380289
2/21/2024,12:38:26,-13.34183,-102.380289
2/21/2024,12:38:26,-13.34183,-102.380289
2/21/2024,12:38:26,-13.33183,-102.370289
2/21/2024,12:38:26,-13.33183,-102.360289
2/21/2024,12:38:27,-13.33183,-102.360289
2/21/2024,12:38:27,-13.33183,-102.360289
2/21/2024,12:38:27,-13.33183,-102.370289
2/21/2024,12:38:27,-13.33183,-102.370289
2/21/2024,12:38:27,-13.33183,-102.370289
2/21/2024,12:38:28,-13.32183,-102.370289
2/21/2024,12:38:28,-13.32183,-102.360289
2/21/2024,12:38:28,-13.32183,-102.350289
2/21/2024,12:38:28,-13.33183,-102.340289
2/21/2024,12:38:28,-13.32183,-102.340289
2/21/2024,12:38:29,-13.32183,-102.340289
2/21/2024,12:38:29,-13.32183,-102.340289
2/21/2024,12:38:29,-13.33183,-102.350289
2/21/2024,12:38:29,-13.33183,-102.350289
2/21/2024,12:38:29,-13.33183,-102.350289
2/21/2024,12:38:30,-13.33183,-102.350289
2/21/2024,12:38:30,-13.33183,-102.350289
2/21/2024,12:38:30,-13.33183,-102.350289
2/21/2024,12:38:30,-13.33183,-102.340289
2/21/2024,12:38:30,-13.33183,-102.350289
2/21/2024,12:38:31,-13.34183,-102.350289
2/21/2024,12:38:31,-13.34183,-102.350289
2/21/2024,12:38:31,-13.35183,-102.360289
2/21/2024,12:38:31,-13.35183,-102.360289
2/21/2024,12:38:31,-13.36183,-102.370289
2/21/2024,12:38:32,-13.36183,-102.370289
2/21/2024,12:38:32,-13.35183,-102.360289
2/21/2024,12:38:32,-13.35183,-102.350289
2/21/2024,12:38:32,-13.35183,-102.340289
2/21/2024,12:38:32,-13.34183,-102.340289
2/21/2024,12:38:33,-13.35183,-102.350289
2/21/2024,12:38:33,-13.35183,-102.350289
2/21/2024,12:38:33,-13.36183,-102.360289
2/21/2024,12:38:33,-13.36183,-102.370289
2/21/2024,12:38:33,-13.36183,-102.380289
2/21/2024,12:38:34,-13.36183,-102.380289
2/21/2024,12:38:34,-13.36183,-102.370289
2/21/2024,12:38:34,-13.36183,-102.360289
2/21/2024,12:38:34,-13.35183,-102.350289
2/21/2024,12:38:34,-13.35183,-102.340289
2/21/2024,12:38:35,-13.34183,-102.330289
2/21/2024,12:38:35,-13.34183,-102.340289
2/21/2024,12:38:35,-13.34183,-102.350289
2/21/2024,12:38:35,-13.35183,-102.360289
2/21/2024,12:38:35,-13.35183,-102.370289
2/21/2024,12:38:36,-13.36183,-102.380289
2/21/2024,12:38:36,-13.36183,-102.380289
2/21/2024,12:38:36,-13.35183,-102.370289
2/21/2024,12:38:36,-13.34183,-102.360289
2/21/2024,12:38:36,-13.33183,-102.350289
2/21/2024,12:38:37,-13.32183,-102.340289
2/21/2024,12:38:37,-13.32183,-102.350289
2/21/2024,12:38:37,-13.33183,-102.350289
2/21/2024,12:38:37,-13.33183,-102.360289
2/21/2024,12:38:37,-13.33183,-102.360289
2/21/2024,12:38:38,-13.33183,-102.360289
2/21/2024,12:38:38,-13.33183,-102.360289
2/21/2024,12:38:38,-13.33183,-102.350289
2/21/2024,12:38:38,-13.32183,-102.350289
2/21/2024,12:38:38,-13.32183,-102.340289
2/21/2024,12:38:39,-13.31183,-102.340289
2/21/2024,12:38:39,-13.32183,-102.340289
2/21/2024,12:38:39,-13.32183,-102.350289
2/21/2024,12:38:39,-13.33183,-102.360289
2/21/2024,12:38:39,-13.34183,-102.360289
2/21/2024,12:38:40,-13.34183,-102.360289
2/21/2024,12:38:40,-13.34183,-102.360289
2/21/2024,12:38:40,-13.34183,-102.350289
2/21/2024,12:38:40,-13.34183,-102.340289
2/21/2024,12:38:40,-13.33183,-102.340289
2/21/2024,12:38:41,-13.33183,-102.340289
2/21/2024,12:38:41,-13.33183,-102.350289
2/21/2024,12:38:41,-13.33183,-102.360289
2/21/2024,12:38:41,-13.34183,-102.370289
2/21/2024,12:38:41,-13.34183,-102.380289
2/21/2024,12:38:42,-13.34183,-102.390289
2/21/2024,12:38:42,-13.34183,-102.380289
2/21/2024,12:38:42,-13.34183,-102.380289
2/21/2024,12:38:42,-13.33183,-102.380289
2/21/2024,12:38:42,-13.32183,-102.370289
2/21/2024,12:38:43,-13.32183,-102.370289
2/21/2024,12:38:43,-13.32183,-102.370289
2/21/2024,12:38:43,-13.32183,-102.370289
2/21/2024,12:38:43,-13.33183,-102.380289
2/21/2024,12:38:43,-13.33183,-102.390289
2/21/2024,12:38:44,-13.33183,-102.400289
2/21/2024,12:38:44,-13.33183,-102.410289
2/21/2024,12:38:44,-13.33183,-102.400289
2/21/2024,12:38:44,-13.33183,-102.400289
2/21/2024,12:38:44,-13.32183,-102.390289
2/21/2024,12:38:45,-13.32183,-102.390289
2/21/2024,12:38:45,-13.32183,-102.400289
2/21/2024,12:38:45,-13.33183,-102.400289
2/21/2024,12:38:45,-13.33183,-102.410289
2/21/2024,12:38:45,-13.34183,-102.410289
2/21/2024,12:38:46,-13.34183,-102.420289
2/21/2024,12:38:46,-13.34183,-102.420289
2/21/2024,12:38:46,-13.34183,-102.420289
2/21/2024,12:38:46,-13.33183,-102.410289
2/21/2024,12:38:46,-13.33183,-102.410289
2/21/2024,12:38:47,-13.32183,-102.400289
2/21/2024,12:38:47,-13.31183,-102.390289
2/21/2024,12:38:47,-13.31183,-102.390289
2/21/2024,12:38:47,-13.32183,-102.400289
2/21/2024,12:38:47,-13.33183,-102.410289
2/21/2024,12:38:48,-13.33183,-102.420289
2/21/2024,12:38:48,-13.34183,-102.430289
2/21/2024,12:38:48,-13.33183,-102.430289
2/21/2024,12:38:48,-13.33183,-102.420289
2/21/2024,12:38:48,-13.33183,-102.400289
2/21/2024,12:38:49,-13.32183,-102.390289
2/21/2024,12:38:49,-13.31183,-102.390289
2/21/2024,12:38:49,-13.32183,-102.390289
2/21/2024,12:38:49,-13.33183,-102.390289
2/21/2024,12:38:49,-13.34183,-102.390289
2/21/2024,12:38:50,-13.34183,-102.390289
2/21/2024,12:38:50,-13.35183,-102.390289
2/21/2024,12:38:50,-13.35183,-102.380289
2/21/2024,12:38:50,-13.35183,-102.380289
2/21/2024,12:38:50,-13.35183,-102.380289
2/21/2024,12:38:51,-13.35183,-102.380289
2/21/2024,12:38:51,-13.36183,-102.380289
2/21/2024,12:38:51,-13.36183,-102.390289
2/21/2024,12:38:51,-13.36183,-102.390289
2/21/2024,12:38:51,-13.36183,-102.390289
2/21/2024,12:38:52,-13.35183,-102.380289
2/21/2024,12:38:52,-13.34183,-102.370289
2/21/2024,12:38:52,-13.34183,-102.370289
2/21/2024,12:38:52,-13.34183,-102.380289
2/21/2024,12:38:52,-13.35183,-102.380289
2/21/2024,12:38:53,-13.36183,-102.390289
2/21/2024,12:38:53,-13.37183,-102.400289
2/21/2024,12:38:53,-13.37183,-102.410289
2/21/2024,12:38:53,-13.38183,-102.410289
2/21/2024,12:38:53,-13.38183,-102.400289
2/21/2024,12:38:54,-13.38183,-102.400289
2/21/2024,12:38:54,-13.38183,-102.400289
2/21/2024,12:38:54,-13.38183,-102.400289
2/21/2024,12:38:54,-13.37183,-102.390289
2/21/2024,12:38:54,-13.37183,-102.390289
2/21/2024,12:38:55,-13.37183,-102.390289
2/21/2024,12:38:55,-13.37183,-102.390289
2/21/2024,12:38:55,-13.38183,-102.390289
2/21/2024,12:38:55,-13.39183,-102.400289
2/21/2024,12:38:55,-13.39183,-102.420289
2/21/2024,12:38:56,-13.40183,-102.430289
2/21/2024,12:38:56,-13.40183,-102.430289
2/21/2024,12:38:56,-13.39183,-102.410289
2/21/2024,12:38:56,-13.39183,-102.400289
2/21/2024,12:38:56,-13.38183,-102.400289
2/21/2024,12:38:57,-13.37183,-102.400289
2/21/2024,12:38:57,-13.37183,-102.400289
2/21/2024,12:38:57,-13.37183,-102.410289
2/21/2024,12:38:57,-13.38183,-102.410289
2/21/2024,12:38:57,-13.37183,-102.420289
2/21/2024,12:38:58,-13.37183,-102.430289
2/21/2024,12:38:58,-13.38183,-102.440289
2/21/2024,12:38:58,-13.37183,-102.450289
2/21/2024,12:38:58,-13.36183,-102.440289
2/21/2024,12:38:58,-13.35183,-102.430289
2/21/2024,12:38:59,-13.34183,-102.420289
2/21/2024,12:38:59,-13.33183,-102.420289
2/21/2024,12:38:59,-13.32183,-102.420289
2/21/2024,12:38:59,-13.32183,-102.430289
2/21/2024,12:38:59,-13.32183,-102.440289
2/21/2024,12:39:00,-13.33183,-102.450289
2/21/2024,12:39:00,-13.33183,-102.460289
2/21/2024,12:39:00,-13.33183,-102.470289
2/21/2024,12:39:00,-13.33183,-102.470289
2/21/2024,12:39:00,-13.33183,-102.470289
2/21/2024,12:39:01,-13.32183,-102.460289
2/21/2024,12:39:01,-13.32183,-102.440289
2/21/2024,12:39:01,-13.31183,-102.440289
2/21/2024,12:39:01,-13.31183,-102.440289
2/21/2024,12:39:01,-13.31183,-102.440289
2/21/2024,12:39:02,-13.32183,-102.450289
2/21/2024,12:39:02,-13.32183,-102.450289
2/21/2024,12:39:02,-13.33183,-102.460289
2/21/2024,12:39:02,-13.33183,-102.470289
2/21/2024,12:39:02,-13.33183,-102.470289
2/21/2024,12:39:03,-13.34183,-102.460289
2/21/2024,12:39:03,-13.33183,-102.450289
2/21/2024,12:39:03,-13.33183,-102.450289
2/21/2024,12:39:03,-13.33183,-102.440289
2/21/2024,12:39:03,-13.33183,-102.450289
2/21/2024,12:39:04,-13.33183,-102.450289
2/21/2024,12:39:04,-13.33183,-102.450289
2/21/2024,12:39:04,-13.34183,-102.440289
2/21/2024,12:39:04,-13.35183,-102.450289
2/21/2024,12:39:04,-13.35183,-102.460289
2/21/2024,12:39:05,-13.37183,-102.470289
2/21/2024,12:39:05,-13.37183,-102.480289
2/21/2024,12:39:05,-13.38183,-102.480289
2/21/2024,12:39:05,-13.38183,-102.470289
2/21/2024,12:39:05,-13.38183,-102.460289
2/21/2024,12:39:06,-13.37183,-102.460289
2/21/2024,12:39:06,-13.36183,-102.460289
2/21/2024,12:39:06,-13.35183,-102.470289
2/21/2024,12:39:06,-13.35183,-102.470289
2/21/2024,12:39:06,-13.35183,-102.470289
2/21/2024,12:39:07,-13.35183,-102.480289
2/21/2024,12:39:07,-13.35183,-102.490289
2/21/2024,12:39:07,-13.36183,-102.510289
2/21/2024,12:39:07,-13.35183,-102.510289
2/21/2024,12:39:07,-13.35183,-102.510289
2/21/2024,12:39:08,-13.34183,-102.510289
2/21/2024,12:39:08,-13.33183,-102.500289
2/21/2024,12:39:08,-13.32183,-102.490289
2/21/2024,12:39:08,-13.32183,-102.510289
2/21/2024,12:39:08,-13.31183,-102.520289
2/21/2024,12:39:09,-13.32183,-102.530289
2/21/2024,12:39:09,-13.32183,-102.540289
2/21/2024,12:39:09,-13.31183,-102.540289
2/21/2024,12:39:09,-13.30183,-102.540289
2/21/2024,12:39:09,-13.30183,-102.530289
2/21/2024,12:39:10,-13.29183,-102.530289
2/21/2024,12:39:10,-13.29183,-102.530289
2/21/2024,12:39:10,-13.29183,-102.540289
2/21/2024,12:39:10,-13.29183,-102.540289
2/21/2024,12:39:10,-13.29183,-102.550289
2/21/2024,12:39:11,-13.29183,-102.550289
2/21/2024,12:39:11,-13.29183,-102.550289
2/21/2024,12:39:11,-13.29183,-102.540289
2/21/2024,12:39:11,-13.29183,-102.540289
2/21/2024,12:39:11,-13.28183,-102.540289
2/21/2024,12:39:12,-13.28183,-102.540289
2/21/2024,12:39:12,-13.28183,-102.540289
2/21/2024,12:39:12,-13.28183,-102.540289
2/21/2024,12:39:12,-13.28183,-102.540289
2/21/2024,12:39:12,-13.29183,-102.550289
2/21/2024,12:39:13,-13.30183,-102.570289
2/21/2024,12:39:13,-13.32183,-102.580289
2/21/2024,12:39:13,-13.32183,-102.580289
2/21/2024,12:39:13,-13.33183,-102.580289
2/21/2024,12:39:13,-13.32183,-102.550289
2/21/2024,12:39:14,-13.31183,-102.540289
2/21/2024,12:39:14,-13.30183,-102.540289
2/21/2024,12:39:14,-13.30183,-102.540289
2/21/2024,12:39:14,-13.31183,-102.530289
2/21/2024,12:39:14,-13.31183,-102.530289
2/21/2024,12:39:15,-13.32183,-102.540289
2/21/2024,12:39:15,-13.33183,-102.560289
2/21/2024,12:39:15,-13.34183,-102.570289
2/21/2024,12:39:15,-13.34183,-102.580289
2/21/2024,12:39:15,-13.35183,-102.580289
2/21/2024,12:39:16,-13.34183,-102.560289
2/21/2024,12:39:16,-13.34183,-102.550289
2/21/2024,12:39:16,-13.33183,-102.540289
2/21/2024,12:39:16,-13.32183,-102.540289
2/21/2024,12:39:16,-13.32183,-102.540289
2/21/2024,12:39:17,-13.32183,-102.530289
2/21/2024,12:39:17,-13.33183,-102.530289
2/21/2024,12:39:17,-13.33183,-102.540289
2/21/2024,12:39:17,-13.34183,-102.560289
2/21/2024,12:39:17,-13.35183,-102.580289
2/21/2024,12:39:18,-13.35183,-102.590289
2/21/2024,12:39:18,-13.35183,-102.590289
2/21/2024,12:39:18,-13.34183,-102.570289
2/21/2024,12:39:18,-13.33183,-102.550289
2/21/2024,12:39:18,-13.32183,-102.540289
2/21/2024,12:39:19,-13.31183,-102.540289
2/21/2024,12:39:19,-13.31183,-102.540289
2/21/2024,12:39:19,-13.32183,-102.540289
2/21/2024,12:39:19,-13.34183,-102.550289
2/21/2024,12:39:19,-13.34183,-102.560289
2/21/2024,12:39:20,-13.34183,-102.580289
2/21/2024,12:39:20,-13.35183,-102.580289
2/21/2024,12:39:20,-13.36183,-102.570289
2/21/2024,12:39:20,-13.35183,-102.560289
2/21/2024,12:39:20,-13.34183,-102.550289
2/21/2024,12:39:21,-13.34183,-102.550289
2/21/2024,12:39:21,-13.33183,-102.550289
2/21/2024,12:39:21,-13.33183,-102.540289
2/21/2024,12:39:21,-13.34183,-102.540289
2/21/2024,12:39:21,-13.34183,-102.540289
2/21/2024,12:39:22,-13.34183,-102.540289
2/21/2024,12:39:22,-13.35183,-102.550289
2/21/2024,12:39:22,-13.36183,-102.560289
2/21/2024,12:39:22,-13.35183,-102.550289
2/21/2024,12:39:22,-13.35183,-102.540289
2/21/2024,12:39:23,-13.34183,-102.530289
2/21/2024,12:39:23,-13.34183,-102.520289
2/21/2024,12:39:23,-13.33183,-102.520289
2/21/2024,12:39:23,-13.33183,-102.530289
2/21/2024,12:39:23,-13.34183,-102.540289
2/21/2024,12:39:24,-13.35183,-102.540289
2/21/2024,12:39:24,-13.34183,-102.550289
2/21/2024,12:39:24,-13.34183,-102.550289
2/21/2024,12:39:24,-13.34183,-102.540289
2/21/2024,12:39:24,-13.34183,-102.540289
2/21/2024,12:39:25,-13.33183,-102.530289
2/21/2024,12:39:25,-13.33183,-102.530289
2/21/2024,12:39:25,-13.33183,-102.530289
2/21/2024,12:39:25,-13.33183,-102.530289
2/21/2024,12:39:25,-13.34183,-102.530289
2/21/2024,12:39:26,-13.34183,-102.520289
2/21/2024,12:39:26,-13.34183,-102.520289
2/21/2024,12:39:26,-13.34183,-102.530289
2/21/2024,12:39:26,-13.35183,-102.540289
2/21/2024,12:39:26,-13.35183,-102.540289
2/21/2024,12:39:27,-13.35183,-102.550289
2/21/2024,12:39:27,-13.35183,-102.540289
2/21/2024,12:39:27,-13.34183,-102.530289
2/21/2024,12:39:27,-13.33183,-102.520289
2/21/2024,12:39:27,-13.33183,-102.510289
2/21/2024,12:39:28,-13.33183,-102.510289
2/21/2024,12:39:28,-13.33183,-102.520289
2/21/2024,12:39:28,-13.34183,-102.520289
2/21/2024,12:39:28,-13.35183,-102.530289
2/21/2024,12:39:28,-13.35183,-102.530289
2/21/2024,12:39:29,-13.35183,-102.540289
2/21/2024,12:39:29,-13.35183,-102.540289
2/21/2024,12:39:29,-13.35183,-102.540289
2/21/2024,12:39:29,-13.35183,-102.540289
2/21/2024,12:39:29,-13.35183,-102.530289
2/21/2024,12:39:30,-13.35183,-102.530289
2/21/2024,12:39:30,-13.34183,-102.520289
2/21/2024,12:39:30,-13.34183,-102.520289
2/21/2024,12:39:30,-13.34183,-102.520289
2/21/2024,12:39:30,-13.35183,-102.520289
2/21/2024,12:39:31,-13.35183,-102.520289
2/21/2024,12:39:31,-13.35183,-102.530289
2/21/2024,12:39:31,-13.35183,-102.540289
2/21/2024,12:39:31,-13.35183,-102.540289
2/21/2024,12:39:31,-13.35183,-102.540289
2/21/2024,12:39:32,-13.34183,-102.530289
2/21/2024,12:39:32,-13.34183,-102.520289
2/21/2024,12:39:32,-13.33183,-102.520289
2/21/2024,12:39:32,-13.33183,-102.520289
2/21/2024,12:39:32,-13.33183,-102.530289
2/21/2024,12:39:33,-13.33183,-102.530289
2/21/2024,12:39:33,-13.33183,-102.530289
2/21/2024,12:39:33,-13.33183,-102.530289
2/21/2024,12:39:33,-13.33183,-102.520289
2/21/2024,12:39:33,-13.33183,-102.520289
2/21/2024,12:39:34,-13.33183,-102.520289
2/21/2024,12:39:34,-13.33183,-102.510289
2/21/2024,12:39:34,-13.33183,-102.510289
2/21/2024,12:39:34,-13.33183,-102.520289
2/21/2024,12:39:34,-13.33183,-102.520289
2/21/2024,12:39:35,-13.33183,-102.520289
2/21/2024,12:39:35,-13.33183,-102.520289
2/21/2024,12:39:35,-13.33183,-102.520289
2/21/2024,12:39:35,-13.32183,-102.510289
2/21/2024,12:39:35,-13.32183,-102.500289
2/21/2024,12:39:36,-13.32183,-102.490289
2/21/2024,12:39:36,-13.32183,-102.490289
2/21/2024,12:39:36,-13.33183,-102.490289
2/21/2024,12:39:36,-13.34183,-102.490289
2/21/2024,12:39:36,-13.34183,-102.490289
2/21/2024,12:39:37,-13.34183,-102.480289
2/21/2024,12:39:37,-13.34183,-102.480289
2/21/2024,12:39:37,-13.34183,-102.470289
2/21/2024,12:39:37,-13.34183,-102.470289
2/21/2024,12:39:37,-13.35183,-102.470289
2/21/2024,12:39:38,-13.36183,-102.480289
2/21/2024,12:39:38,-13.36183,-102.480289
2/21/2024,12:39:38,-13.37183,-102.480289
2/21/2024,12:39:38,-13.36183,-102.470289
2/21/2024,12:39:38,-13.36183,-102.470289
2/21/2024,12:39:39,-13.36183,-102.470289
2/21/2024,12:39:39,-13.35183,-102.480289
2/21/2024,12:39:39,-13.35183,-102.480289
2/21/2024,12:39:39,-13.34183,-102.480289
2/21/2024,12:39:39,-13.33183,-102.470289
2/21/2024,12:39:40,-13.33183,-102.470289
2/21/2024,12:39:40,-13.32183,-102.470289
2/21/2024,12:39:40,-13.33183,-102.480289
2/21/2024,12:39:40,-13.33183,-102.490289
2/21/2024,12:39:40,-13.34183,-102.510289
2/21/2024,12:39:41,-13.34183,-102.520289
2/21/2024,12:39:41,-13.34183,-102.520289
2/21/2024,12:39:41,-13.34183,-102.510289
2/21/2024,12:39:41,-13.33183,-102.510289
2/21/2024,12:39:41,-13.33183,-102.510289
2/21/2024,12:39:42,-13.32183,-102.510289
2/21/2024,12:39:42,-13.31183,-102.510289
2/21/2024,12:39:42,-13.31183,-102.500289
2/21/2024,12:39:42,-13.31183,-102.500289
2/21/2024,12:39:42,-13.31183,-102.500289
2/21/2024,12:39:43,-13.32183,-102.520289
2/21/2024,12:39:43,-13.33183,-102.540289
2/21/2024,12:39:43,-13.33183,-102.560289
2/21/2024,12:39:43,-13.33183,-102.570289
2/21/2024,12:39:43,-13.33183,-102.560289
2/21/2024,12:39:44,-13.33183,-102.540289
2/21/2024,12:39:44,-13.32183,-102.530289
2/21/2024,12:39:44,-13.29183,-102.530289
2/21/2024,12:39:44,-13.28183,-102.530289
2/21/2024,12:39:44,-13.29183,-102.520289
2/21/2024,12:39:45,-13.29183,-102.520289
2/21/2024,12:39:45,-13.30183,-102.520289
2/21/2024,12:39:45,-13.31183,-102.530289
2/21/2024,12:39:45,-13.33183,-102.540289
2/21/2024,12:39:45,-13.34183,-102.550289
2/21/2024,12:39:46,-13.35183,-102.550289
2/21/2024,12:39:46,-13.35183,-102.530289
2/21/2024,12:39:46,-13.35183,-102.520289
2/21/2024,12:39:46,-13.35183,-102.510289
2/21/2024,12:39:46,-13.35183,-102.510289
2/21/2024,12:39:47,-13.35183,-102.510289
2/21/2024,12:39:47,-13.36183,-102.500289
2/21/2024,12:39:47,-13.37183,-102.500289
2/21/2024,12:39:47,-13.37183,-102.500289
2/21/2024,12:39:47,-13.38183,-102.510289
2/21/2024,12:39:48,-13.39183,-102.510289
2/21/2024,12:39:48,-13.39183,-102.510289
2/21/2024,12:39:48,-13.39183,-102.500289
2/21/2024,12:39:48,-13.38183,-102.490289
2/21/2024,12:39:48,-13.38183,-102.480289
2/21/2024,12:39:49,-13.37183,-102.480289
2/21/2024,12:39:49,-13.37183,-102.480289
2/21/2024,12:39:49,-13.37183,-102.490289
2/21/2024,12:39:49,-13.38183,-102.500289
2/21/2024,12:39:49,-13.38183,-102.500289
2/21/2024,12:39:50,-13.37183,-102.500289
2/21/2024,12:39:50,-13.37183,-102.490289
2/21/2024,12:39:50,-13.36183,-102.480289
2/21/2024,12:39:50,-13.36183,-102.480289
2/21/2024,12:39:50,-13.36183,-102.480289
2/21/2024,12:39:51,-13.37183,-102.490289
2/21/2024,12:39:51,-13.38183,-102.490289
2/21/2024,12:39:51,-13.38183,-102.500289
2/21/2024,12:39:51,-13.38183,-102.500289
2/21/2024,12:39:51,-13.39183,-102.500289
2/21/2024,12:39:52,-13.40183,-102.500289
2/21/2024,12:39:52,-13.40183,-102.500289
2/21/2024,12:39:52,-13.39183,-102.500289
2/21/2024,12:39:52,-13.39183,-102.490289
2/21/2024,12:39:52,-13.38183,-102.490289
2/21/2024,12:39:53,-13.38183,-102.480289
2/21/2024,12:39:53,-13.38183,-102.490289
2/21/2024,12:39:53,-13.39183,-102.500289
2/21/2024,12:39:53,-13.40183,-102.510289
2/21/2024,12:39:53,-13.40183,-102.520289
2/21/2024,12:39:54,-13.40183,-102.530289
2/21/2024,12:39:54,-13.40183,-102.530289
2/21/2024,12:39:54,-13.40183,-102.520289
2/21/2024,12:39:54,-13.39183,-102.510289
2/21/2024,12:39:54,-13.38183,-102.510289
2/21/2024,12:39:55,-13.37183,-102.510289
2/21/2024,12:39:55,-13.36183,-102.510289
2/21/2024,12:39:55,-13.37183,-102.510289
2/21/2024,12:39:55,-13.37183,-102.520289
2/21/2024,12:39:55,-13.37183,-102.530289
2/21/2024,12:39:56,-13.37183,-102.540289
2/21/2024,12:39:56,-13.37183,-102.550289
2/21/2024,12:39:56,-13.36183,-102.550289
2/21/2024,12:39:56,-13.35183,-102.540289
2/21/2024,12:39:56,-13.34183,-102.530289
2/21/2024,12:39:57,-13.33183,-102.520289
2/21/2024,12:39:57,-13.32183,-102.520289
2/21/2024,12:39:57,-13.32183,-102.530289
2/21/2024,12:39:57,-13.32183,-102.540289
2/21/2024,12:39:57,-13.32183,-102.550289
2/21/2024,12:39:58,-13.32183,-102.560289
2/21/2024,12:39:58,-13.32183,-102.570289
2/21/2024,12:39:58,-13.31183,-102.570289
2/21/2024,12:39:58,-13.31183,-102.560289
2/21/2024,12:39:58,-13.30183,-102.550289
2/21/2024,12:39:59,-13.29183,-102.540289
2/21/2024,12:39:59,-13.28183,-102.530289
2/21/2024,12:39:59,-13.28183,-102.540289
2/21/2024,12:39:59,-13.29183,-102.540289
2/21/2024,12:39:59,-13.30183,-102.550289
2/21/2024,12:40:00,-13.30183,-102.570289
2/21/2024,12:40:00,-13.31183,-102.580289
2/21/2024,12:40:00,-13.32183,-102.580289
2/21/2024,12:40:00,-13.32183,-102.580289
2/21/2024,12:40:00,-13.31183,-102.570289
2/21/2024,12:40:01,-13.31183,-102.560289
2/21/2024,12:40:01,-13.30183,-102.550289
2/21/2024,12:40:01,-13.30183,-102.550289
2/21/2024,12:40:01,-13.30183,-102.550289
2/21/2024,12:40:01,-13.31183,-102.550289
2/21/2024,12:40:02,-13.32183,-102.560289
2/21/2024,12:40:02,-13.33183,-102.570289
2/21/2024,12:40:02,-13.34183,-102.580289
2/21/2024,12:40:02,-13.34183,-102.590289
2/21/2024,12:40:02,-13.34183,-102.580289
2/21/2024,12:40:03,-13.34183,-102.570289
2/21/2024,12:40:03,-13.33183,-102.550289
2/21/2024,12:40:03,-13.34183,-102.550289
2/21/2024,12:40:03,-13.33183,-102.560289
2/21/2024,12:40:03,-13.33183,-102.560289
2/21/2024,12:40:04,-13.34183,-102.560289
2/21/2024,12:40:04,-13.34183,-102.560289
2/21/2024,12:40:04,-13.34183,-102.550289
2/21/2024,12:40:04,-13.34183,-102.550289
2/21/2024,12:40:04,-13.36183,-102.560289
2/21/2024,12:40:05,-13.37183,-102.570289
2/21/2024,12:40:05,-13.38183,-102.580289
2/21/2024,12:40:05,-13.38183,-102.590289
2/21/2024,12:40:05,-13.39183,-102.580289
2/21/2024,12:40:05,-13.38183,-102.570289
2/21/2024,12:40:06,-13.37183,-102.560289
2/21/2024,12:40:06,-13.37183,-102.560289
2/21/2024,12:40:06,-13.36183,-102.560289
2/21/2024,12:40:06,-13.37183,-102.560289
2/21/2024,12:40:06,-13.38183,-102.570289
2/21/2024,12:40:07,-13.38183,-102.580289
2/21/2024,12:40:07,-13.39183,-102.600289
2/21/2024,12:40:07,-13.39183,-102.610289
2/21/2024,12:40:07,-13.39183,-102.600289
2/21/2024,12:40:07,-13.39183,-102.590289
2/21/2024,12:40:08,-13.38183,-102.580289
2/21/2024,12:40:08,-13.37183,-102.560289
2/21/2024,12:40:08,-13.36183,-102.570289
2/21/2024,12:40:08,-13.36183,-102.580289
2/21/2024,12:40:08,-13.37183,-102.590289
2/21/2024,12:40:09,-13.37183,-102.600289
2/21/2024,12:40:09,-13.38183,-102.620289
2/21/2024,12:40:09,-13.38183,-102.630289
2/21/2024,12:40:09,-13.37183,-102.630289
2/21/2024,12:40:09,-13.37183,-102.620289
2/21/2024,12:40:10,-13.36183,-102.610289
2/21/2024,12:40:10,-13.34183,-102.600289
2/21/2024,12:40:10,-13.34183,-102.600289
2/21/2024,12:40:10,-13.35183,-102.610289
2/21/2024,12:40:10,-13.36183,-102.620289
2/21/2024,12:40:11,-13.36183,-102.630289
2/21/2024,12:40:11,-13.36183,-102.650289
2/21/2024,12:40:11,-13.37183,-102.650289
2/21/2024,12:40:11,-13.36183,-102.650289
2/21/2024,12:40:11,-13.35183,-102.640289
2/21/2024,12:40:12,-13.34183,-102.620289
2/21/2024,12:40:12,-13.33183,-102.610289
2/21/2024,12:40:12,-13.33183,-102.620289
2/21/2024,12:40:12,-13.33183,-102.630289
2/21/2024,12:40:12,-13.34183,-102.650289
2/21/2024,12:40:13,-13.35183,-102.660289
2/21/2024,12:40:13,-13.35183,-102.680289
2/21/2024,12:40:13,-13.35183,-102.690289
2/21/2024,12:40:13,-13.35183,-102.680289
2/21/2024,12:40:13,-13.34183,-102.660289
2/21/2024,12:40:14,-13.33183,-102.650289
2/21/2024,12:40:14,-13.32183,-102.640289
2/21/2024,12:40:14,-13.31183,-102.650289
2/21/2024,12:40:14,-13.31183,-102.650289
2/21/2024,12:40:14,-13.32183,-102.670289
2/21/2024,12:40:15,-13.32183,-102.690289
2/21/2024,12:40:15,-13.32183,-102.710289
2/21/2024,12:40:15,-13.33183,-102.720289
2/21/2024,12:40:15,-13.33183,-102.720289
2/21/2024,12:40:15,-13.32183,-102.710289
2/21/2024,12:40:16,-13.31183,-102.690289
2/21/2024,12:40:16,-13.30183,-102.690289
2/21/2024,12:40:16,-13.29183,-102.690289
2/21/2024,12:40:16,-13.29183,-102.690289
2/21/2024,12:40:16,-13.29183,-102.690289
2/21/2024,12:40:17,-13.29183,-102.700289
2/21/2024,12:40:17,-13.30183,-102.710289
2/21/2024,12:40:17,-13.30183,-102.720289
2/21/2024,12:40:17,-13.31183,-102.730289
2/21/2024,12:40:17,-13.32183,-102.740289
2/21/2024,12:40:18,-13.32183,-102.740289
2/21/2024,12:40:18,-13.32183,-102.740289
2/21/2024,12:40:18,-13.31183,-102.730289
2/21/2024,12:40:18,-13.31183,-102.730289
2/21/2024,12:40:18,-13.30183,-102.730289
2/21/2024,12:40:19,-13.30183,-102.720289
2/21/2024,12:40:19,-13.29183,-102.710289
2/21/2024,12:40:19,-13.29183,-102.710289
2/21/2024,12:40:19,-13.29183,-102.710289
2/21/2024,12:40:19,-13.30183,-102.720289
2/21/2024,12:40:20,-13.31183,-102.740289
2/21/2024,12:40:20,-13.32183,-102.750289
2/21/2024,12:40:20,-13.32183,-102.760289
2/21/2024,12:40:20,-13.33183,-102.750289
2/21/2024,12:40:20,-13.33183,-102.740289
2/21/2024,12:40:21,-13.32183,-102.730289
2/21/2024,12:40:21,-13.31183,-102.720289
2/21/2024,12:40:21,-13.30183,-102.720289
2/21/2024,12:40:21,-13.30183,-102.710289
2/21/2024,12:40:21,-13.31183,-102.700289
2/21/2024,12:40:22,-13.31183,-102.700289
2/21/2024,12:40:22,-13.31183,-102.710289
2/21/2024,12:40:22,-13.32183,-102.730289
2/21/2024,12:40:22,-13.33183,-102.740289
2/21/2024,12:40:22,-13.34183,-102.750289
2/21/2024,12:40:23,-13.33183,-102.750289
2/21/2024,12:40:23,-13.33183,-102.730289
2/21/2024,12:40:23,-13.33183,-102.710289
2/21/2024,12:40:23,-13.32183,-102.710289
2/21/2024,12:40:23,-13.31183,-102.710289
2/21/2024,12:40:24,-13.33183,-102.710289
2/21/2024,12:40:24,-13.33183,-102.710289
2/21/2024,12:40:24,-13.33183,-102.700289
2/21/2024,12:40:24,-13.32183,-102.700289
2/21/2024,12:40:24,-13.32183,-102.700289
2/21/2024,12:40:25,-13.33183,-102.700289
2/21/2024,12:40:25,-13.32183,-102.710289
2/21/2024,12:40:25,-13.33183,-102.710289
2/21/2024,12:40:25,-13.33183,-102.710289
2/21/2024,12:40:25,-13.33183,-102.710289
2/21/2024,12:40:26,-13.33183,-102.710289
2/21/2024,12:40:26,-13.33183,-102.710289
2/21/2024,12:40:26,-13.34183,-102.700289
2/21/2024,12:40:26,-13.34183,-102.690289
2/21/2024,12:40:26,-13.33183,-102.690289
2/21/2024,12:40:27,-13.32183,-102.680289
2/21/2024,12:40:27,-13.32183,-102.680289
2/21/2024,12:40:27,-13.33183,-102.680289
2/21/2024,12:40:27,-13.33183,-102.690289
2/21/2024,12:40:27,-13.33183,-102.700289
2/21/2024,12:40:28,-13.34183,-102.710289
2/21/2024,12:40:28,-13.35183,-102.720289
2/21/2024,12:40:28,-13.36183,-102.720289
2/21/2024,12:40:28,-13.36183,-102.710289
2/21/2024,12:40:28,-13.35183,-102.690289
2/21/2024,12:40:29,-13.34183,-102.680289
2/21/2024,12:40:29,-13.34183,-102.680289
2/21/2024,12:40:29,-13.33183,-102.670289
2/21/2024,12:40:29,-13.33183,-102.670289
2/21/2024,12:40:29,-13.33183,-102.660289
2/21/2024,12:40:30,-13.34183,-102.670289
2/21/2024,12:40:30,-13.34183,-102.680289
2/21/2024,12:40:30,-13.35183,-102.690289
2/21/2024,12:40:30,-13.35183,-102.700289
2/21/2024,12:40:30,-13.35183,-102.690289
2/21/2024,12:40:31,-13.35183,-102.680289
2/21/2024,12:40:31,-13.35183,-102.660289
2/21/2024,12:40:31,-13.34183,-102.650289
2/21/2024,12:40:31,-13.34183,-102.660289
2/21/2024,12:40:31,-13.34183,-102.660289
2/21/2024,12:40:32,-13.35183,-102.660289
2/21/2024,12:40:32,-13.35183,-102.650289
2/21/2024,12:40:32,-13.35183,-102.650289
2/21/2024,12:40:32,-13.35183,-102.650289
2/21/2024,12:40:32,-13.36183,-102.650289
2/21/2024,12:40:33,-13.36183,-102.660289
2/21/2024,12:40:33,-13.37183,-102.670289
2/21/2024,12:40:33,-13.37183,-102.670289
2/21/2024,12:40:33,-13.37183,-102.660289
2/21/2024,12:40:33,-13.37183,-102.650289
2/21/2024,12:40:34,-13.35183,-102.640289
2/21/2024,12:40:34,-13.35183,-102.620289
2/21/2024,12:40:34,-13.35183,-102.620289
2/21/2024,12:40:34,-13.35183,-102.620289
2/21/2024,12:40:34,-13.36183,-102.630289
2/21/2024,12:40:35,-13.37183,-102.640289
2/21/2024,12:40:35,-13.37183,-102.660289
2/21/2024,12:40:35,-13.38183,-102.680289
2/21/2024,12:40:35,-13.38183,-102.680289
2/21/2024,12:40:35,-13.38183,-102.660289
2/21/2024,12:40:36,-13.37183,-102.630289
2/21/2024,12:40:36,-13.36183,-102.610289
2/21/2024,12:40:36,-13.34183,-102.610289
2/21/2024,12:40:36,-13.33183,-102.620289
2/21/2024,12:40:36,-13.34183,-102.620289
2/21/2024,12:40:37,-13.35183,-102.640289
2/21/2024,12:40:37,-13.35183,-102.660289
2/21/2024,12:40:37,-13.35183,-102.690289
2/21/2024,12:40:37,-13.35183,-102.700289
2/21/2024,12:40:37,-13.35183,-102.690289
2/21/2024,12:40:38,-13.34183,-102.670289
2/21/2024,12:40:38,-13.32183,-102.650289
2/21/2024,12:40:38,-13.31183,-102.640289
2/21/2024,12:40:38,-13.29183,-102.640289
2/21/2024,12:40:38,-13.29183,-102.640289
2/21/2024,12:40:39,-13.30183,-102.650289
2/21/2024,12:40:39,-13.31183,-102.670289
2/21/2024,12:40:39,-13.31183,-102.690289
2/21/2024,12:40:39,-13.31183,-102.710289
2/21/2024,12:40:39,-13.31183,-102.710289
2/21/2024,12:40:40,-13.31183,-102.700289
2/21/2024,12:40:40,-13.30183,-102.690289
2/21/2024,12:40:40,-13.28183,-102.670289
2/21/2024,12:40:40,-13.27183,-102.670289
2/21/2024,12:40:40,-13.26183,-102.670289
2/21/2024,12:40:41,-13.27183,-102.670289
2/21/2024,12:40:41,-13.27183,-102.670289
2/21/2024,12:40:41,-13.28183,-102.680289
2/21/2024,12:40:41,-13.28183,-102.700289
2/21/2024,12:40:41,-13.29183,-102.710289
2/21/2024,12:40:42,-13.29183,-102.710289
2/21/2024,12:40:42,-13.29183,-102.710289
2/21/2024,12:40:42,-13.28183,-102.710289
2/21/2024,12:40:42,-13.28183,-102.700289
2/21/2024,12:40:42,-13.27183,-102.690289
2/21/2024,12:40:43,-13.27183,-102.690289
2/21/2024,12:40:43,-13.26183,-102.690289
2/21/2024,12:40:43,-13.26183,-102.700289
2/21/2024,12:40:43,-13.26183,-102.700289
2/21/2024,12:40:43,-13.26183,-102.700289
2/21/2024,12:40:44,-13.26183,-102.700289
2/21/2024,12:40:44,-13.27183,-102.710289
2/21/2024,12:40:44,-13.27183,-102.720289
2/21/2024,12:40:44,-13.27183,-102.730289
2/21/2024,12:40:44,-13.27183,-102.730289
2/21/2024,12:40:45,-13.27183,-102.720289
2/21/2024,12:40:45,-13.27183,-102.720289
2/21/2024,12:40:45,-13.27183,-102.710289
2/21/2024,12:40:45,-13.27183,-102.710289
2/21/2024,12:40:45,-13.27183,-102.710289
2/21/2024,12:40:46,-13.28183,-102.720289
2/21/2024,12:40:46,-13.28183,-102.720289
2/21/2024,12:40:46,-13.29183,-102.720289
2/21/2024,12:40:46,-13.29183,-102.730289
2/21/2024,12:40:46,-13.30183,-102.740289
2/21/2024,12:40:47,-13.30183,-102.730289
2/21/2024,12:40:47,-13.30183,-102.730289
2/21/2024,12:40:47,-13.29183,-102.720289
2/21/2024,12:40:47,-13.29183,-102.710289
2/21/2024,12:40:47,-13.29183,-102.710289
2/21/2024,12:40:48,-13.29183,-102.720289
2/21/2024,12:40:48,-13.29183,-102.730289
2/21/2024,12:40:48,-13.30183,-102.730289
2/21/2024,12:40:48,-13.31183,-102.740289
2/21/2024,12:40:48,-13.30183,-102.740289
2/21/2024,12:40:49,-13.30183,-102.730289
2/21/2024,12:40:49,-13.29183,-102.720289
2/21/2024,12:40:49,-13.28183,-102.720289
2/21/2024,12:40:49,-13.28183,-102.720289
2/21/2024,12:40:49,-13.28183,-102.720289
2/21/2024,12:40:50,-13.29183,-102.720289
2/21/2024,12:40:50,-13.29183,-102.730289
2/21/2024,12:40:50,-13.30183,-102.740289
2/21/2024,12:40:50,-13.31183,-102.750289
2/21/2024,12:40:50,-13.31183,-102.750289
2/21/2024,12:40:51,-13.31183,-102.740289
2/21/2024,12:40:51,-13.31183,-102.730289
2/21/2024,12:40:51,-13.30183,-102.720289
2/21/2024,12:40:51,-13.30183,-102.710289
2/21/2024,12:40:51,-13.29183,-102.700289
2/21/2024,12:40:52,-13.30183,-102.700289
2/21/2024,12:40:52,-13.31183,-102.710289
2/21/2024,12:40:52,-13.32183,-102.720289
2/21/2024,12:40:52,-13.33183,-102.730289
2/21/2024,12:40:52,-13.33183,-102.740289
2/21/2024,12:40:53,-13.34183,-102.730289
2/21/2024,12:40:53,-13.34183,-102.710289
2/21/2024,12:40:53,-13.34183,-102.700289
2/21/2024,12:40:53,-13.32183,-102.690289
2/21/2024,12:40:53,-13.32183,-102.680289
2/21/2024,12:40:54,-13.32183,-102.670289
2/21/2024,12:40:54,-13.32183,-102.670289
2/21/2024,12:40:54,-13.33183,-102.670289
2/21/2024,12:40:54,-13.34183,-102.690289
2/21/2024,12:40:54,-13.36183,-102.710289
2/21/2024,12:40:55,-13.37183,-102.720289
2/21/2024,12:40:55,-13.37183,-102.720289
2/21/2024,12:40:55,-13.37183,-102.700289
2/21/2024,12:40:55,-13.37183,-102.670289
2/21/2024,12:40:55,-13.36183,-102.660289
2/21/2024,12:40:56,-13.34183,-102.650289
2/21/2024,12:40:56,-13.34183,-102.650289
2/21/2024,12:40:56,-13.35183,-102.660289
2/21/2024,12:40:56,-13.36183,-102.660289
2/21/2024,12:40:56,-13.36183,-102.670289
2/21/2024,12:40:57,-13.36183,-102.700289
2/21/2024,12:40:57,-13.36183,-102.710289
2/21/2024,12:40:57,-13.36183,-102.710289
2/21/2024,12:40:57,-13.35183,-102.690289
2/21/2024,12:40:57,-13.34183,-102.680289
2/21/2024,12:40:58,-13.33183,-102.670289
2/21/2024,12:40:58,-13.31183,-102.670289
2/21/2024,12:40:58,-13.31183,-102.670289
2/21/2024,12:40:58,-13.32183,-102.670289
2/21/2024,12:40:58,-13.32183,-102.680289
2/21/2024,12:40:59,-13.32183,-102.700289
2/21/2024,12:40:59,-13.33183,-102.710289
2/21/2024,12:40:59,-13.33183,-102.720289
2/21/2024,12:40:59,-13.33183,-102.720289
2/21/2024,12:40:59,-13.32183,-102.710289
2/21/2024,12:41:00,-13.31183,-102.690289
2/21/2024,12:41:00,-13.30183,-102.690289
2/21/2024,12:41:00,-13.29183,-102.690289
2/21/2024,12:41:00,-13.29183,-102.690289
2/21/2024,12:41:00,-13.29183,-102.690289
2/21/2024,12:41:01,-13.29183,-102.700289
2/21/2024,12:41:01,-13.28183,-102.700289
2/21/2024,12:41:01,-13.28183,-102.710289
2/21/2024,12:41:01,-13.28183,-102.710289
2/21/2024,12:41:01,-13.28183,-102.710289
2/21/2024,12:41:02,-13.27183,-102.710289
2/21/2024,12:41:02,-13.26183,-102.710289
2/21/2024,12:41:02,-13.26183,-102.700289
2/21/2024,12:41:02,-13.25183,-102.700289
2/21/2024,12:41:02,-13.25183,-102.700289
2/21/2024,12:41:03,-13.24183,-102.710289
2/21/2024,12:41:03,-13.24183,-102.710289
2/21/2024,12:41:03,-13.24183,-102.710289
2/21/2024,12:41:03,-13.25183,-102.710289
2/21/2024,12:41:03,-13.25183,-102.720289
2/21/2024,12:41:04,-13.25183,-102.720289
2/21/2024,12:41:04,-13.26183,-102.720289
2/21/2024,12:41:04,-13.25183,-102.720289
2/21/2024,12:41:04,-13.26183,-102.720289
2/21/2024,12:41:04,-13.26183,-102.710289
2/21/2024,12:41:05,-13.26183,-102.710289
2/21/2024,12:41:05,-13.26183,-102.710289
2/21/2024,12:41:05,-13.26183,-102.720289
2/21/2024,12:41:05,-13.27183,-102.720289
2/21/2024,12:41:05,-13.27183,-102.710289
2/21/2024,12:41:06,-13.27183,-102.710289
2/21/2024,12:41:06,-13.26183,-102.700289
2/21/2024,12:41:06,-13.27183,-102.700289
2/21/2024,12:41:06,-13.27183,-102.710289
2/21/2024,12:41:06,-13.27183,-102.710289
2/21/2024,12:41:07,-13.28183,-102.720289
2/21/2024,12:41:07,-13.28183,-102.730289
2/21/2024,12:41:07,-13.28183,-102.730289
2/21/2024,12:41:07,-13.29183,-102.730289
2/21/2024,12:41:07,-13.28183,-102.720289
2/21/2024,12:41:08,-13.28183,-102.720289
2/21/2024,12:41:08,-13.28183,-102.720289
2/21/2024,12:41:08,-13.27183,-102.720289
2/21/2024,12:41:08,-13.28183,-102.710289
2/21/2024,12:41:08,-13.28183,-102.710289
2/21/2024,12:41:09,-13.27183,-102.710289
2/21/2024,12:41:09,-13.28183,-102.710289
2/21/2024,12:41:09,-13.29183,-102.720289
2/21/2024,12:41:09,-13.29183,-102.730289
2/21/2024,12:41:09,-13.29183,-102.740289
2/21/2024,12:41:10,-13.29183,-102.730289
2/21/2024,12:41:10,-13.29183,-102.720289
2/21/2024,12:41:10,-13.29183,-102.720289
2/21/2024,12:41:10,-13.28183,-102.710289
2/21/2024,12:41:10,-13.28183,-102.720289
2/21/2024,12:41:11,-13.29183,-102.720289
2/21/2024,12:41:11,-13.30183,-102.720289
2/21/2024,12:41:11,-13.30183,-102.720289
2/21/2024,12:41:11,-13.30183,-102.710289
2/21/2024,12:41:11,-13.30183,-102.700289
2/21/2024,12:41:12,-13.30183,-102.700289
2/21/2024,12:41:12,-13.30183,-102.700289
2/21/2024,12:41:12,-13.30183,-102.710289
2/21/2024,12:41:12,-13.31183,-102.720289
2/21/2024,12:41:12,-13.31183,-102.730289
2/21/2024,12:41:13,-13.32183,-102.730289
2/21/2024,12:41:13,-13.32183,-102.730289
2/21/2024,12:41:13,-13.32183,-102.720289
2/21/2024,12:41:13,-13.32183,-102.720289
2/21/2024,12:41:13,-13.31183,-102.720289
2/21/2024,12:41:14,-13.32183,-102.710289
2/21/2024,12:41:14,-13.32183,-102.700289
2/21/2024,12:41:14,-13.32183,-102.690289
2/21/2024,12:41:14,-13.32183,-102.690289
2/21/2024,12:41:14,-13.32183,-102.710289
2/21/2024,12:41:15,-13.34183,-102.720289
2/21/2024,12:41:15,-13.35183,-102.740289
2/21/2024,12:41:15,-13.35183,-102.740289
2/21/2024,12:41:15,-13.36183,-102.740289
2/21/2024,12:41:15,-13.35183,-102.710289
2/21/2024,12:41:16,-13.35183,-102.700289
2/21/2024,12:41:16,-13.34183,-102.690289
2/21/2024,12:41:16,-13.34183,-102.690289
2/21/2024,12:41:16,-13.35183,-102.680289
2/21/2024,12:41:16,-13.36183,-102.680289
2/21/2024,12:41:17,-13.36183,-102.680289
2/21/2024,12:41:17,-13.36183,-102.690289
2/21/2024,12:41:17,-13.38183,-102.720289
2/21/2024,12:41:17,-13.40183,-102.740289
2/21/2024,12:41:17,-13.41183,-102.740289
2/21/2024,12:41:18,-13.42183,-102.730289
2/21/2024,12:41:18,-13.42183,-102.700289
2/21/2024,12:41:18,-13.41183,-102.690289
2/21/2024,12:41:18,-13.39183,-102.680289
2/21/2024,12:41:18,-13.39183,-102.680289
2/21/2024,12:41:19,-13.38183,-102.660289
2/21/2024,12:41:19,-13.38183,-102.660289
2/21/2024,12:41:19,-13.38183,-102.670289
2/21/2024,12:41:19,-13.39183,-102.690289
2/21/2024,12:41:19,-13.39183,-102.710289
2/21/2024,12:41:20,-13.40183,-102.730289
2/21/2024,12:41:20,-13.40183,-102.730289
2/21/2024,12:41:20,-13.40183,-102.710289
2/21/2024,12:41:20,-13.39183,-102.690289
2/21/2024,12:41:20,-13.37183,-102.680289
2/21/2024,12:41:21,-13.35183,-102.670289
2/21/2024,12:41:21,-13.34183,-102.670289
2/21/2024,12:41:21,-13.35183,-102.660289
2/21/2024,12:41:21,-13.34183,-102.650289
2/21/2024,12:41:21,-13.35183,-102.660289
2/21/2024,12:41:22,-13.35183,-102.670289
2/21/2024,12:41:22,-13.36183,-102.690289
2/21/2024,12:41:22,-13.36183,-102.700289
2/21/2024,12:41:22,-13.36183,-102.690289
2/21/2024,12:41:22,-13.36183,-102.680289
2/21/2024,12:41:23,-13.35183,-102.660289
2/21/2024,12:41:23,-13.34183,-102.650289
2/21/2024,12:41:23,-13.33183,-102.650289
2/21/2024,12:41:23,-13.33183,-102.650289
2/21/2024,12:41:23,-13.33183,-102.640289
2/21/2024,12:41:24,-13.33183,-102.630289
2/21/2024,12:41:24,-13.32183,-102.630289
2/21/2024,12:41:24,-13.33183,-102.630289
2/21/2024,12:41:24,-13.33183,-102.630289
2/21/2024,12:41:24,-13.34183,-102.640289
2/21/2024,12:41:25,-13.34183,-102.650289
2/21/2024,12:41:25,-13.33183,-102.640289
2/21/2024,12:41:25,-13.33183,-102.630289
2/21/2024,12:41:25,-13.33183,-102.610289
2/21/2024,12:41:25,-13.32183,-102.600289
2/21/2024,12:41:26,-13.31183,-102.600289
2/21/2024,12:41:26,-13.31183,-102.600289
2/21/2024,12:41:26,-13.31183,-102.590289
2/21/2024,12:41:26,-13.31183,-102.580289
2/21/2024,12:41:26,-13.30183,-102.570289
2/21/2024,12:41:27,-13.31183,-102.570289
2/21/2024,12:41:27,-13.32183,-102.580289
2/21/2024,12:41:27,-13.33183,-102.600289
2/21/2024,12:41:27,-13.33183,-102.600289
2/21/2024,12:41:27,-13.33183,-102.600289
2/21/2024,12:41:28,-13.33183,-102.590289
2/21/2024,12:41:28,-13.33183,-102.570289
2/21/2024,12:41:28,-13.34183,-102.560289
2/21/2024,12:41:28,-13.32183,-102.560289
2/21/2024,12:41:28,-13.32183,-102.560289
2/21/2024,12:41:29,-13.31183,-102.540289
2/21/2024,12:41:29,-13.31183,-102.530289
2/21/2024,12:41:29,-13.31183,-102.530289
2/21/2024,12:41:29,-13.32183,-102.530289
2/21/2024,12:41:29,-13.33183,-102.540289
2/21/2024,12:41:30,-13.34183,-102.560289
2/21/2024,12:41:30,-13.34183,-102.570289
2/21/2024,12:41:30,-13.34183,-102.550289
2/21/2024,12:41:30,-13.34183,-102.530289
2/21/2024,12:41:30,-13.34183,-102.510289
2/21/2024,12:41:31,-13.32183,-102.500289
2/21/2024,12:41:31,-13.31183,-102.500289
2/21/2024,12:41:31,-13.31183,-102.500289
2/21/2024,12:41:31,-13.32183,-102.490289
2/21/2024,12:41:31,-13.32183,-102.490289
2/21/2024,12:41:32,-13.32183,-102.490289
2/21/2024,12:41:32,-13.33183,-102.510289
2/21/2024,12:41:32,-13.34183,-102.520289
2/21/2024,12:41:32,-13.35183,-102.520289
2/21/2024,12:41:32,-13.34183,-102.520289
2/21/2024,12:41:33,-13.34183,-102.500289
2/21/2024,12:41:33,-13.34183,-102.480289
2/21/2024,12:41:33,-13.33183,-102.470289
2/21/2024,12:41:33,-13.32183,-102.470289
2/21/2024,12:41:33,-13.31183,-102.460289
2/21/2024,12:41:34,-13.31183,-102.460289
2/21/2024,12:41:34,-13.31183,-102.450289
2/21/2024,12:41:34,-13.31183,-102.450289
2/21/2024,12:41:34,-13.32183,-102.460289
2/21/2024,12:41:34,-13.34183,-102.470289
2/21/2024,12:41:35,-13.34183,-102.490289
2/21/2024,12:41:35,-13.34183,-102.490289
2/21/2024,12:41:35,-13.34183,-102.480289
2/21/2024,12:41:35,-13.33183,-102.450289
2/21/2024,12:41:35,-13.33183,-102.440289
2/21/2024,12:41:36,-13.31183,-102.430289
2/21/2024,12:41:36,-13.30183,-102.430289
2/21/2024,12:41:36,-13.31183,-102.430289
2/21/2024,12:41:36,-13.31183,-102.430289
2/21/2024,12:41:36,-13.32183,-102.430289
2/21/2024,12:41:37,-13.33183,-102.440289
2/21/2024,12:41:37,-13.33183,-102.460289
2/21/2024,12:41:37,-13.34183,-102.470289
2/21/2024,12:41:37,-13.34183,-102.470289
2/21/2024,12:41:37,-13.34183,-102.460289
2/21/2024,12:41:38,-13.34183,-102.440289
2/21/2024,12:41:38,-13.33183,-102.420289
2/21/2024,12:41:38,-13.32183,-102.420289
2/21/2024,12:41:38,-13.31183,-102.430289
2/21/2024,12:41:38,-13.32183,-102.430289
2/21/2024,12:41:39,-13.32183,-102.430289
2/21/2024,12:41:39,-13.33183,-102.440289
2/21/2024,12:41:39,-13.33183,-102.440289
2/21/2024,12:41:39,-13.33183,-102.450289
2/21/2024,12:41:39,-13.34183,-102.460289
2/21/2024,12:41:40,-13.33183,-102.460289
2/21/2024,12:41:40,-13.33183,-102.460289
2/21/2024,12:41:40,-13.32183,-102.450289
2/21/2024,12:41:40,-13.32183,-102.440289
2/21/2024,12:41:40,-13.31183,-102.450289
2/21/2024,12:41:41,-13.30183,-102.460289
2/21/2024,12:41:41,-13.31183,-102.460289
2/21/2024,12:41:41,-13.30183,-102.460289
2/21/2024,12:41:41,-13.30183,-102.460289
2/21/2024,12:41:41,-13.30183,-102.460289
2/21/2024,12:41:42,-13.30183,-102.470289
2/21/2024,12:41:42,-13.31183,-102.480289
2/21/2024,12:41:42,-13.30183,-102.490289
2/21/2024,12:41:42,-13.30183,-102.490289
2/21/2024,12:41:42,-13.30183,-102.490289
2/21/2024,12:41:43,-13.30183,-102.480289
2/21/2024,12:41:43,-13.29183,-102.470289
2/21/2024,12:41:43,-13.28183,-102.470289
2/21/2024,12:41:43,-13.28183,-102.470289
2/21/2024,12:41:43,-13.28183,-102.470289
2/21/2024,12:41:44,-13.28183,-102.470289
2/21/2024,12:41:44,-13.28183,-102.470289
2/21/2024,12:41:44,-13.29183,-102.480289
2/21/2024,12:41:44,-13.29183,-102.490289
2/21/2024,12:41:44,-13.29183,-102.500289
2/21/2024,12:41:45,-13.30183,-102.510289
2/21/2024,12:41:45,-13.30183,-102.510289
2/21/2024,12:41:45,-13.30183,-102.500289
2/21/2024,12:41:45,-13.30183,-102.500289
2/21/2024,12:41:45,-13.29183,-102.500289
2/21/2024,12:41:46,-13.29183,-102.510289
2/21/2024,12:41:46,-13.29183,-102.510289
2/21/2024,12:41:46,-13.29183,-102.510289
2/21/2024,12:41:46,-13.29183,-102.510289
2/21/2024,12:41:46,-13.29183,-102.520289
2/21/2024,12:41:47,-13.30183,-102.520289
2/21/2024,12:41:47,-13.31183,-102.540289
2/21/2024,12:41:47,-13.32183,-102.550289
2/21/2024,12:41:47,-13.31183,-102.550289
2/21/2024,12:41:47,-13.31183,-102.550289
2/21/2024,12:41:48,-13.30183,-102.540289
2/21/2024,12:41:48,-13.29183,-102.530289
2/21/2024,12:41:48,-13.29183,-102.530289
2/21/2024,12:41:48,-13.28183,-102.530289
2/21/2024,12:41:48,-13.29183,-102.540289
2/21/2024,12:41:49,-13.30183,-102.540289
2/21/2024,12:41:49,-13.30183,-102.550289
2/21/2024,12:41:49,-13.31183,-102.570289
2/21/2024,12:41:49,-13.31183,-102.580289
2/21/2024,12:41:49,-13.32183,-102.590289
2/21/2024,12:41:50,-13.31183,-102.590289
2/21/2024,12:41:50,-13.31183,-102.580289
2/21/2024,12:41:50,-13.31183,-102.570289
2/21/2024,12:41:50,-13.30183,-102.570289
2/21/2024,12:41:50,-13.30183,-102.580289
2/21/2024,12:41:51,-13.30183,-102.580289
2/21/2024,12:41:51,-13.31183,-102.590289
2/21/2024,12:41:51,-13.31183,-102.590289
2/21/2024,12:41:51,-13.32183,-102.590289
2/21/2024,12:41:51,-13.32183,-102.590289
2/21/2024,12:41:52,-13.33183,-102.600289
2/21/2024,12:41:52,-13.33183,-102.600289
2/21/2024,12:41:52,-13.34183,-102.610289
2/21/2024,12:41:52,-13.34183,-102.620289
2/21/2024,12:41:52,-13.34183,-102.610289
2/21/2024,12:41:53,-13.34183,-102.610289
2/21/2024,12:41:53,-13.33183,-102.610289
2/21/2024,12:41:53,-13.33183,-102.610289
2/21/2024,12:41:53,-13.33183,-102.600289
2/21/2024,12:41:53,-13.33183,-102.590289
2/21/2024,12:41:54,-13.32183,-102.580289
2/21/2024,12:41:54,-13.32183,-102.580289
2/21/2024,12:41:54,-13.33183,-102.590289
2/21/2024,12:41:54,-13.35183,-102.600289
2/21/2024,12:41:54,-13.35183,-102.620289
2/21/2024,12:41:55,-13.36183,-102.630289
2/21/2024,12:41:55,-13.36183,-102.640289
2/21/2024,12:41:55,-13.37183,-102.640289
2/21/2024,12:41:55,-13.38183,-102.630289
2/21/2024,12:41:55,-13.37183,-102.620289
2/21/2024,12:41:56,-13.35183,-102.620289
2/21/2024,12:41:56,-13.34183,-102.610289
2/21/2024,12:41:56,-13.34183,-102.600289
2/21/2024,12:41:56,-13.33183,-102.590289
2/21/2024,12:41:56,-13.33183,-102.600289
2/21/2024,12:41:57,-13.34183,-102.620289
2/21/2024,12:41:57,-13.35183,-102.650289
2/21/2024,12:41:57,-13.35183,-102.680289
2/21/2024,12:41:57,-13.35183,-102.690289
2/21/2024,12:41:57,-13.34183,-102.690289
2/21/2024,12:41:58,-13.34183,-102.670289
2/21/2024,12:41:58,-13.33183,-102.660289
2/21/2024,12:41:58,-13.31183,-102.660289
2/21/2024,12:41:58,-13.30183,-102.660289
2/21/2024,12:41:58,-13.30183,-102.650289
2/21/2024,12:41:59,-13.30183,-102.640289
2/21/2024,12:41:59,-13.30183,-102.650289
2/21/2024,12:41:59,-13.30183,-102.670289
2/21/2024,12:41:59,-13.32183,-102.690289
2/21/2024,12:41:59,-13.33183,-102.710289
2/21/2024,12:42:00,-13.33183,-102.720289
2/21/2024,12:42:00,-13.32183,-102.720289
2/21/2024,12:42:00,-13.32183,-102.710289
2/21/2024,12:42:00,-13.32183,-102.690289
2/21/2024,12:42:00,-13.30183,-102.700289
2/21/2024,12:42:01,-13.29183,-102.700289
2/21/2024,12:42:01,-13.30183,-102.700289
2/21/2024,12:42:01,-13.30183,-102.700289
2/21/2024,12:42:01,-13.29183,-102.700289
2/21/2024,12:42:01,-13.29183,-102.700289
2/21/2024,12:42:02,-13.29183,-102.710289
2/21/2024,12:42:02,-13.29183,-102.710289
2/21/2024,12:42:02,-13.29183,-102.720289
2/21/2024,12:42:02,-13.29183,-102.720289
2/21/2024,12:42:02,-13.28183,-102.720289
2/21/2024,12:42:03,-13.28183,-102.710289
2/21/2024,12:42:03,-13.27183,-102.710289
2/21/2024,12:42:03,-13.27183,-102.710289
2/21/2024,12:42:03,-13.27183,-102.700289
2/21/2024,12:42:03,-13.26183,-102.700289
2/21/2024,12:42:04,-13.26183,-102.700289
2/21/2024,12:42:04,-13.26183,-102.700289
2/21/2024,12:42:04,-13.26183,-102.700289
2/21/2024,12:42:04,-13.27183,-102.700289
2/21/2024,12:42:04,-13.28183,-102.700289
2/21/2024,12:42:05,-13.28183,-102.700289
2/21/2024,12:42:05,-13.28183,-102.700289
2/21/2024,12:42:05,-13.29183,-102.700289
2/21/2024,12:42:05,-13.29183,-102.700289
2/21/2024,12:42:05,-13.29183,-102.700289
2/21/2024,12:42:06,-13.29183,-102.690289
2/21/2024,12:42:06,-13.29183,-102.690289
2/21/2024,12:42:06,-13.29183,-102.680289
2/21/2024,12:42:06,-13.29183,-102.660289
2/21/2024,12:42:06,-13.29183,-102.650289
2/21/2024,12:42:07,-13.30183,-102.650289
2/21/2024,12:42:07,-13.31183,-102.650289
2/21/2024,12:42:07,-13.31183,-102.660289
2/21/2024,12:42:07,-13.32183,-102.660289
2/21/2024,12:42:07,-13.33183,-102.660289
2/21/2024,12:42:08,-13.33183,-102.650289
2/21/2024,12:42:08,-13.33183,-102.640289
2/21/2024,12:42:08,-13.35183,-102.630289
2/21/2024,12:42:08,-13.35183,-102.630289
2/21/2024,12:42:08,-13.34183,-102.630289
2/21/2024,12:42:09,-13.34183,-102.620289
2/21/2024,12:42:09,-13.34183,-102.600289
2/21/2024,12:42:09,-13.34183,-102.590289
2/21/2024,12:42:09,-13.34183,-102.590289
2/21/2024,12:42:09,-13.36183,-102.600289
2/21/2024,12:42:10,-13.37183,-102.620289
2/21/2024,12:42:10,-13.38183,-102.640289
2/21/2024,12:42:10,-13.38183,-102.640289
2/21/2024,12:42:10,-13.38183,-102.630289
2/21/2024,12:42:10,-13.37183,-102.610289
2/21/2024,12:42:11,-13.36183,-102.590289
2/21/2024,12:42:11,-13.35183,-102.590289
2/21/2024,12:42:11,-13.34183,-102.600289
2/21/2024,12:42:11,-13.35183,-102.600289
2/21/2024,12:42:11,-13.35183,-102.590289
2/21/2024,12:42:12,-13.35183,-102.600289
2/21/2024,12:42:12,-13.35183,-102.610289
2/21/2024,12:42:12,-13.35183,-102.610289
2/21/2024,12:42:12,-13.36183,-102.610289
2/21/2024,12:42:12,-13.36183,-102.610289
2/21/2024,12:42:13,-13.35183,-102.600289
2/21/2024,12:42:13,-13.35183,-102.600289
2/21/2024,12:42:13,-13.35183,-102.600289
2/21/2024,12:42:13,-13.35183,-102.600289
2/21/2024,12:42:13,-13.35183,-102.600289
2/21/2024,12:42:14,-13.35183,-102.600289
2/21/2024,12:42:14,-13.35183,-102.600289
2/21/2024,12:42:14,-13.35183,-102.600289
2/21/2024,12:42:14,-13.36183,-102.610289
2/21/2024,12:42:14,-13.36183,-102.610289
2/21/2024,12:42:15,-13.36183,-102.610289
2/21/2024,12:42:15,-13.36183,-102.620289
2/21/2024,12:42:15,-13.36183,-102.610289
2/21/2024,12:42:15,-13.36183,-102.610289
2/21/2024,12:42:15,-13.35183,-102.600289
2/21/2024,12:42:16,-13.35183,-102.600289
2/21/2024,12:42:16,-13.34183,-102.600289
2/21/2024,12:42:16,-13.34183,-102.590289
2/21/2024,12:42:16,-13.33183,-102.590289
2/21/2024,12:42:16,-13.33183,-102.590289
2/21/2024,12:42:17,-13.33183,-102.590289
2/21/2024,12:42:17,-13.33183,-102.590289
2/21/2024,12:42:17,-13.33183,-102.600289
2/21/2024,12:42:17,-13.34183,-102.600289
2/21/2024,12:42:17,-13.33183,-102.600289
2/21/2024,12:42:18,-13.33183,-102.600289
2/21/2024,12:42:18,-13.33183,-102.590289
2/21/2024,12:42:18,-13.32183,-102.570289
2/21/2024,12:42:18,-13.32183,-102.570289
2/21/2024,12:42:18,-13.32183,-102.570289
2/21/2024,12:42:19,-13.32183,-102.570289
2/21/2024,12:42:19,-13.32183,-102.570289
2/21/2024,12:42:19,-13.33183,-102.570289
2/21/2024,12:42:19,-13.33183,-102.580289
2/21/2024,12:42:19,-13.33183,-102.580289
2/21/2024,12:42:20,-13.33183,-102.570289
2/21/2024,12:42:20,-13.33183,-102.570289
2/21/2024,12:42:20,-13.34183,-102.570289
2/21/2024,12:42:20,-13.34183,-102.560289
2/21/2024,12:42:20,-13.34183,-102.560289
2/21/2024,12:42:21,-13.34183,-102.560289
2/21/2024,12:42:21,-13.35183,-102.570289
2/21/2024,12:42:21,-13.35183,-102.570289
2/21/2024,12:42:21,-13.35183,-102.570289
2/21/2024,12:42:21,-13.35183,-102.580289
2/21/2024,12:42:22,-13.35183,-102.580289
2/21/2024,12:42:22,-13.35183,-102.580289
2/21/2024,12:42:22,-13.35183,-102.580289
2/21/2024,12:42:22,-13.35183,-102.580289
2/21/2024,12:42:22,-13.34183,-102.580289
2/21/2024,12:42:23,-13.34183,-102.580289
2/21/2024,12:42:23,-13.34183,-102.580289
2/21/2024,12:42:23,-13.35183,-102.590289
2/21/2024,12:42:23,-13.35183,-102.600289
2/21/2024,12:42:23,-13.36183,-102.620289
2/21/2024,12:42:24,-13.37183,-102.630289
2/21/2024,12:42:24,-13.37183,-102.640289
2/21/2024,12:42:24,-13.37183,-102.630289
2/21/2024,12:42:24,-13.37183,-102.620289
2/21/2024,12:42:24,-13.36183,-102.610289
2/21/2024,12:42:25,-13.34183,-102.600289
2/21/2024,12:42:25,-13.33183,-102.600289
2/21/2024,12:42:25,-13.33183,-102.600289
2/21/2024,12:42:25,-13.34183,-102.600289
2/21/2024,12:42:25,-13.34183,-102.610289
2/21/2024,12:42:26,-13.35183,-102.630289
2/21/2024,12:42:26,-13.35183,-102.650289
2/21/2024,12:42:26,-13.36183,-102.670289
2/21/2024,12:42:26,-13.35183,-102.670289
2/21/2024,12:42:26,-13.35183,-102.650289
2/21/2024,12:42:27,-13.34183,-102.630289
2/21/2024,12:42:27,-13.33183,-102.620289
2/21/2024,12:42:27,-13.31183,-102.610289
2/21/2024,12:42:27,-13.30183,-102.610289
2/21/2024,12:42:27,-13.30183,-102.600289
2/21/2024,12:42:28,-13.31183,-102.610289
2/21/2024,12:42:28,-13.32183,-102.620289
2/21/2024,12:42:28,-13.32183,-102.640289
2/21/2024,12:42:28,-13.33183,-102.660289
2/21/2024,12:42:28,-13.33183,-102.670289
2/21/2024,12:42:29,-13.33183,-102.670289
2/21/2024,12:42:29,-13.34183,-102.660289
2/21/2024,12:42:29,-13.33183,-102.640289
2/21/2024,12:42:29,-13.32183,-102.630289
2/21/2024,12:42:29,-13.31183,-102.620289
2/21/2024,12:42:30,-13.30183,-102.610289
2/21/2024,12:42:30,-13.31183,-102.600289
2/21/2024,12:42:30,-13.32183,-102.600289
2/21/2024,12:42:30,-13.33183,-102.610289
2/21/2024,12:42:30,-13.34183,-102.630289
2/21/2024,12:42:31,-13.35183,-102.650289
2/21/2024,12:42:31,-13.36183,-102.660289
2/21/2024,12:42:31,-13.36183,-102.660289
2/21/2024,12:42:31,-13.36183,-102.640289
2/21/2024,12:42:31,-13.36183,-102.620289
2/21/2024,12:42:32,-13.35183,-102.610289
2/21/2024,12:42:32,-13.34183,-102.610289
2/21/2024,12:42:32,-13.35183,-102.610289
2/21/2024,12:42:32,-13.35183,-102.610289
2/21/2024,12:42:32,-13.35183,-102.600289
2/21/2024,12:42:33,-13.36183,-102.610289
2/21/2024,12:42:33,-13.37183,-102.620289
2/21/2024,12:42:33,-13.38183,-102.640289
2/21/2024,12:42:33,-13.39183,-102.650289
2/21/2024,12:42:33,-13.39183,-102.670289
2/21/2024,12:42:34,-13.39183,-102.670289
2/21/2024,12:42:34,-13.40183,-102.650289
2/21/2024,12:42:34,-13.39183,-102.640289
2/21/2024,12:42:34,-13.38183,-102.630289
2/21/2024,12:42:34,-13.36183,-102.630289
2/21/2024,12:42:35,-13.36183,-102.620289
2/21/2024,12:42:35,-13.35183,-102.620289
2/21/2024,12:42:35,-13.36183,-102.620289
2/21/2024,12:42:35,-13.37183,-102.630289
2/21/2024,12:42:35,-13.37183,-102.660289
2/21/2024,12:42:36,-13.38183,-102.690289
2/21/2024,12:42:36,-13.38183,-102.700289
2/21/2024,12:42:36,-13.38183,-102.700289
2/21/2024,12:42:36,-13.38183,-102.680289
2/21/2024,12:42:36,-13.37183,-102.660289
2/21/2024,12:42:37,-13.35183,-102.650289
2/21/2024,12:42:37,-13.34183,-102.650289
2/21/2024,12:42:37,-13.33183,-102.650289
2/21/2024,12:42:37,-13.34183,-102.650289
2/21/2024,12:42:37,-13.34183,-102.650289
2/21/2024,12:42:38,-13.34183,-102.660289
2/21/2024,12:42:38,-13.35183,-102.690289
2/21/2024,12:42:38,-13.36183,-102.700289
2/21/2024,12:42:38,-13.36183,-102.710289
2/21/2024,12:42:38,-13.36183,-102.700289
2/21/2024,12:42:39,-13.35183,-102.690289
2/21/2024,12:42:39,-13.34183,-102.660289
2/21/2024,12:42:39,-13.33183,-102.660289
2/21/2024,12:42:39,-13.32183,-102.650289
2/21/2024,12:42:39,-13.32183,-102.650289
2/21/2024,12:42:40,-13.32183,-102.640289
2/21/2024,12:42:40,-13.33183,-102.640289
2/21/2024,12:42:40,-13.33183,-102.650289
2/21/2024,12:42:40,-13.34183,-102.670289
2/21/2024,12:42:40,-13.35183,-102.680289
2/21/2024,12:42:41,-13.35183,-102.680289
2/21/2024,12:42:41,-13.35183,-102.670289
2/21/2024,12:42:41,-13.34183,-102.650289
2/21/2024,12:42:41,-13.34183,-102.630289
2/21/2024,12:42:41,-13.34183,-102.620289
2/21/2024,12:42:42,-13.34183,-102.620289
2/21/2024,12:42:42,-13.34183,-102.620289
2/21/2024,12:42:42,-13.35183,-102.610289
2/21/2024,12:42:42,-13.36183,-102.610289
2/21/2024,12:42:42,-13.36183,-102.620289
2/21/2024,12:42:43,-13.37183,-102.630289
2/21/2024,12:42:43,-13.38183,-102.640289
2/21/2024,12:42:43,-13.39183,-102.640289
2/21/2024,12:42:43,-13.39183,-102.640289
2/21/2024,12:42:43,-13.38183,-102.610289
2/21/2024,12:42:44,-13.38183,-102.600289
2/21/2024,12:42:44,-13.36183,-102.590289
2/21/2024,12:42:44,-13.35183,-102.590289
2/21/2024,12:42:44,-13.35183,-102.590289
2/21/2024,12:42:44,-13.36183,-102.590289
2/21/2024,12:42:45,-13.36183,-102.610289
2/21/2024,12:42:45,-13.36183,-102.630289
2/21/2024,12:42:45,-13.36183,-102.640289
2/21/2024,12:42:45,-13.37183,-102.650289
2/21/2024,12:42:45,-13.36183,-102.630289
2/21/2024,12:42:46,-13.35183,-102.620289
2/21/2024,12:42:46,-13.34183,-102.610289
2/21/2024,12:42:46,-13.32183,-102.600289
2/21/2024,12:42:46,-13.31183,-102.600289
2/21/2024,12:42:46,-13.31183,-102.600289
2/21/2024,12:42:47,-13.32183,-102.610289
2/21/2024,12:42:47,-13.32183,-102.630289
2/21/2024,12:42:47,-13.33183,-102.650289
2/21/2024,12:42:47,-13.33183,-102.660289
2/21/2024,12:42:47,-13.32183,-102.660289
2/21/2024,12:42:48,-13.32183,-102.660289
2/21/2024,12:42:48,-13.31183,-102.640289
2/21/2024,12:42:48,-13.30183,-102.630289
2/21/2024,12:42:48,-13.29183,-102.630289
2/21/2024,12:42:48,-13.28183,-102.620289
2/21/2024,12:42:49,-13.27183,-102.610289
2/21/2024,12:42:49,-13.27183,-102.610289
2/21/2024,12:42:49,-13.27183,-102.620289
2/21/2024,12:42:49,-13.28183,-102.630289
2/21/2024,12:42:49,-13.28183,-102.640289
2/21/2024,12:42:50,-13.29183,-102.650289
2/21/2024,12:42:50,-13.28183,-102.660289
2/21/2024,12:42:50,-13.28183,-102.660289
2/21/2024,12:42:50,-13.28183,-102.640289
2/21/2024,12:42:50,-13.28183,-102.620289
2/21/2024,12:42:51,-13.27183,-102.610289
2/21/2024,12:42:51,-13.26183,-102.610289
2/21/2024,12:42:51,-13.26183,-102.610289
2/21/2024,12:42:51,-13.28183,-102.610289
2/21/2024,12:42:51,-13.28183,-102.600289
2/21/2024,12:42:52,-13.29183,-102.610289
2/21/2024,12:42:52,-13.29183,-102.620289
2/21/2024,12:42:52,-13.31183,-102.630289
2/21/2024,12:42:52,-13.31183,-102.640289
2/21/2024,12:42:52,-13.32183,-102.630289
2/21/2024,12:42:53,-13.32183,-102.610289
2/21/2024,12:42:53,-13.31183,-102.590289
2/21/2024,12:42:53,-13.30183,-102.580289
2/21/2024,12:42:53,-13.29183,-102.570289
2/21/2024,12:42:53,-13.29183,-102.570289
2/21/2024,12:42:54,-13.29183,-102.560289
2/21/2024,12:42:54,-13.30183,-102.550289
2/21/2024,12:42:54,-13.31183,-102.560289
2/21/2024,12:42:54,-13.32183,-102.580289
2/21/2024,12:42:54,-13.33183,-102.600289
2/21/2024,12:42:55,-13.33183,-102.600289
2/21/2024,12:42:55,-13.33183,-102.590289
2/21/2024,12:42:55,-13.33183,-102.570289
2/21/2024,12:42:55,-13.33183,-102.550289
2/21/2024,12:42:55,-13.31183,-102.530289
2/21/2024,12:42:56,-13.29183,-102.520289
2/21/2024,12:42:56,-13.29183,-102.500289
2/21/2024,12:42:56,-13.30183,-102.500289
2/21/2024,12:42:56,-13.32183,-102.500289
2/21/2024,12:42:56,-13.33183,-102.520289
2/21/2024,12:42:57,-13.34183,-102.550289
2/21/2024,12:42:57,-13.36183,-102.570289
2/21/2024,12:42:57,-13.37183,-102.580289
2/21/2024,12:42:57,-13.36183,-102.570289
2/21/2024,12:42:57,-13.37183,-102.540289
2/21/2024,12:42:58,-13.36183,-102.520289
2/21/2024,12:42:58,-13.33183,-102.500289
2/21/2024,12:42:58,-13.32183,-102.500289
2/21/2024,12:42:58,-13.31183,-102.490289
2/21/2024,12:42:58,-13.32183,-102.500289
2/21/2024,12:42:59,-13.33183,-102.510289
2/21/2024,12:42:59,-13.33183,-102.550289
2/21/2024,12:42:59,-13.33183,-102.580289
2/21/2024,12:42:59,-13.33183,-102.590289
2/21/2024,12:42:59,-13.33183,-102.590289
2/21/2024,12:43:00,-13.31183,-102.570289
2/21/2024,12:43:00,-13.31183,-102.560289
2/21/2024,12:43:00,-13.31183,-102.550289
2/21/2024,12:43:00,-13.30183,-102.550289
2/21/2024,12:43:00,-13.29183,-102.550289
2/21/2024,12:43:01,-13.30183,-102.560289
2/21/2024,12:43:01,-13.31183,-102.560289
2/21/2024,12:43:01,-13.31183,-102.580289
2/21/2024,12:43:01,-13.32183,-102.600289
2/21/2024,12:43:01,-13.33183,-102.620289
2/21/2024,12:43:02,-13.33183,-102.620289
2/21/2024,12:43:02,-13.32183,-102.620289
2/21/2024,12:43:02,-13.32183,-102.610289
2/21/2024,12:43:02,-13.31183,-102.600289
2/21/2024,12:43:02,-13.30183,-102.600289
2/21/2024,12:43:03,-13.29183,-102.600289
2/21/2024,12:43:03,-13.29183,-102.600289
2/21/2024,12:43:03,-13.29183,-102.610289
2/21/2024,12:43:03,-13.29183,-102.610289
2/21/2024,12:43:03,-13.29183,-102.620289
2/21/2024,12:43:04,-13.30183,-102.630289
2/21/2024,12:43:04,-13.30183,-102.640289
2/21/2024,12:43:04,-13.32183,-102.640289
2/21/2024,12:43:04,-13.32183,-102.630289
2/21/2024,12:43:04,-13.31183,-102.620289
2/21/2024,12:43:05,-13.30183,-102.610289
2/21/2024,12:43:05,-13.29183,-102.610289
2/21/2024,12:43:05,-13.29183,-102.610289
2/21/2024,12:43:05,-13.29183,-102.610289
2/21/2024,12:43:05,-13.30183,-102.610289
2/21/2024,12:43:06,-13.31183,-102.620289
2/21/2024,12:43:06,-13.31183,-102.630289
2/21/2024,12:43:06,-13.32183,-102.640289
2/21/2024,12:43:06,-13.32183,-102.650289
2/21/2024,12:43:06,-13.32183,-102.640289
2/21/2024,12:43:07,-13.32183,-102.630289
2/21/2024,12:43:07,-13.31183,-102.620289
2/21/2024,12:43:07,-13.30183,-102.610289
2/21/2024,12:43:07,-13.29183,-102.600289
2/21/2024,12:43:07,-13.29183,-102.600289
2/21/2024,12:43:08,-13.30183,-102.600289
2/21/2024,12:43:08,-13.31183,-102.600289
2/21/2024,12:43:08,-13.32183,-102.620289
2/21/2024,12:43:08,-13.32183,-102.640289
2/21/2024,12:43:08,-13.33183,-102.650289
2/21/2024,12:43:09,-13.34183,-102.640289
2/21/2024,12:43:09,-13.33183,-102.620289
2/21/2024,12:43:09,-13.33183,-102.600289
2/21/2024,12:43:09,-13.33183,-102.590289
2/21/2024,12:43:09,-13.32183,-102.580289
2/21/2024,12:43:10,-13.32183,-102.580289
2/21/2024,12:43:10,-13.34183,-102.590289
2/21/2024,12:43:10,-13.35183,-102.590289
2/21/2024,12:43:10,-13.35183,-102.610289
2/21/2024,12:43:10,-13.36183,-102.630289
2/21/2024,12:43:11,-13.37183,-102.640289
2/21/2024,12:43:11,-13.38183,-102.640289
2/21/2024,12:43:11,-13.38183,-102.630289
2/21/2024,12:43:11,-13.38183,-102.610289
2/21/2024,12:43:11,-13.37183,-102.600289
2/21/2024,12:43:12,-13.36183,-102.600289
2/21/2024,12:43:12,-13.35183,-102.600289
2/21/2024,12:43:12,-13.35183,-102.590289
2/21/2024,12:43:12,-13.35183,-102.600289
2/21/2024,12:43:12,-13.36183,-102.600289
2/21/2024,12:43:13,-13.36183,-102.620289
2/21/2024,12:43:13,-13.37183,-102.650289
2/21/2024,12:43:13,-13.38183,-102.670289
2/21/2024,12:43:13,-13.37183,-102.670289
2/21/2024,12:43:13,-13.37183,-102.660289
2/21/2024,12:43:14,-13.37183,-102.630289
2/21/2024,12:43:14,-13.36183,-102.620289
2/21/2024,12:43:14,-13.34183,-102.610289
2/21/2024,12:43:14,-13.33183,-102.610289
2/21/2024,12:43:14,-13.34183,-102.610289
2/21/2024,12:43:15,-13.35183,-102.610289
2/21/2024,12:43:15,-13.36183,-102.630289
2/21/2024,12:43:15,-13.37183,-102.660289
2/21/2024,12:43:15,-13.37183,-102.680289
2/21/2024,12:43:15,-13.38183,-102.690289
2/21/2024,12:43:16,-13.38183,-102.680289
2/21/2024,12:43:16,-13.38183,-102.660289
2/21/2024,12:43:16,-13.37183,-102.640289
2/21/2024,12:43:16,-13.36183,-102.620289
2/21/2024,12:43:16,-13.34183,-102.620289
2/21/2024,12:43:17,-13.34183,-102.620289
2/21/2024,12:43:17,-13.35183,-102.620289
2/21/2024,12:43:17,-13.36183,-102.620289
2/21/2024,12:43:17,-13.36183,-102.640289
2/21/2024,12:43:17,-13.37183,-102.660289
2/21/2024,12:43:18,-13.38183,-102.660289
2/21/2024,12:43:18,-13.38183,-102.650289
2/21/2024,12:43:18,-13.37183,-102.640289
2/21/2024,12:43:18,-13.37183,-102.620289
2/21/2024,12:43:18,-13.36183,-102.610289
2/21/2024,12:43:19,-13.36183,-102.610289
2/21/2024,12:43:19,-13.36183,-102.610289
2/21/2024,12:43:19,-13.36183,-102.610289
2/21/2024,12:43:19,-13.36183,-102.600289
2/21/2024,12:43:19,-13.37183,-102.610289
2/21/2024,12:43:20,-13.37183,-102.620289
2/21/2024,12:43:20,-13.38183,-102.630289
2/21/2024,12:43:20,-13.39183,-102.640289
2/21/2024,12:43:20,-13.38183,-102.650289
2/21/2024,12:43:20,-13.38183,-102.630289
2/21/2024,12:43:21,-13.38183,-102.620289
2/21/2024,12:43:21,-13.37183,-102.600289
2/21/2024,12:43:21,-13.36183,-102.600289
2/21/2024,12:43:21,-13.35183,-102.600289
2/21/2024,12:43:21,-13.36183,-102.610289
2/21/2024,12:43:22,-13.36183,-102.610289
2/21/2024,12:43:22,-13.36183,-102.620289
2/21/2024,12:43:22,-13.36183,-102.630289
2/21/2024,12:43:22,-13.36183,-102.620289
2/21/2024,12:43:22,-13.35183,-102.620289
2/21/2024,12:43:23,-13.35183,-102.610289
2/21/2024,12:43:23,-13.34183,-102.600289
2/21/2024,12:43:23,-13.33183,-102.600289
2/21/2024,12:43:23,-13.33183,-102.600289
2/21/2024,12:43:23,-13.34183,-102.610289
2/21/2024,12:43:24,-13.34183,-102.620289
2/21/2024,12:43:24,-13.34183,-102.620289
2/21/2024,12:43:24,-13.34183,-102.620289
2/21/2024,12:43:24,-13.34183,-102.610289
2/21/2024,12:43:24,-13.34183,-102.610289
2/21/2024,12:43:25,-13.34183,-102.610289
2/21/2024,12:43:25,-13.34183,-102.600289
2/21/2024,12:43:25,-13.34183,-102.600289
2/21/2024,12:43:25,-13.35183,-102.600289
2/21/2024,12:43:25,-13.35183,-102.600289
2/21/2024,12:43:26,-13.35183,-102.600289
2/21/2024,12:43:26,-13.35183,-102.600289
2/21/2024,12:43:26,-13.35183,-102.600289
2/21/2024,12:43:26,-13.36183,-102.600289
2/21/2024,12:43:26,-13.36183,-102.600289
2/21/2024,12:43:27,-13.36183,-102.600289
2/21/2024,12:43:27,-13.36183,-102.590289
2/21/2024,12:43:27,-13.36183,-102.580289
2/21/2024,12:43:27,-13.36183,-102.570289
2/21/2024,12:43:27,-13.36183,-102.560289
2/21/2024,12:43:28,-13.36183,-102.560289
2/21/2024,12:43:28,-13.36183,-102.560289
2/21/2024,12:43:28,-13.37183,-102.570289
2/21/2024,12:43:28,-13.37183,-102.570289
2/21/2024,12:43:28,-13.37183,-102.570289
2/21/2024,12:43:29,-13.37183,-102.570289
2/21/2024,12:43:29,-13.37183,-102.560289
2/21/2024,12:43:29,-13.37183,-102.560289
2/21/2024,12:43:29,-13.37183,-102.560289
2/21/2024,12:43:29,-13.37183,-102.570289
2/21/2024,12:43:30,-13.37183,-102.570289
2/21/2024,12:43:30,-13.37183,-102.570289
2/21/2024,12:43:30,-13.36183,-102.560289
2/21/2024,12:43:30,-13.35183,-102.550289
2/21/2024,12:43:30,-13.34183,-102.550289
2/21/2024,12:43:31,-13.34183,-102.550289
2/21/2024,12:43:31,-13.34183,-102.550289
2/21/2024,12:43:31,-13.34183,-102.550289
2/21/2024,12:43:31,-13.34183,-102.550289
2/21/2024,12:43:31,-13.34183,-102.560289
2/21/2024,12:43:32,-13.34183,-102.570289
2/21/2024,12:43:32,-13.34183,-102.570289
2/21/2024,12:43:32,-13.35183,-102.570289
2/21/2024,12:43:32,-13.34183,-102.560289
2/21/2024,12:43:32,-13.33183,-102.540289
2/21/2024,12:43:33,-13.32183,-102.530289
2/21/2024,12:43:33,-13.31183,-102.520289
2/21/2024,12:43:33,-13.31183,-102.520289
2/21/2024,12:43:33,-13.31183,-102.520289
2/21/2024,12:43:33,-13.33183,-102.520289
2/21/2024,12:43:34,-13.33183,-102.540289
2/21/2024,12:43:34,-13.35183,-102.560289
2/21/2024,12:43:34,-13.35183,-102.580289
2/21/2024,12:43:34,-13.36183,-102.580289
2/21/2024,12:43:34,-13.36183,-102.570289
2/21/2024,12:43:35,-13.36183,-102.550289
2/21/2024,12:43:35,-13.35183,-102.520289
2/21/2024,12:43:35,-13.33183,-102.490289
2/21/2024,12:43:35,-13.32183,-102.490289
2/21/2024,12:43:35,-13.32183,-102.480289
2/21/2024,12:43:36,-13.35183,-102.480289
2/21/2024,12:43:36,-13.35183,-102.480289
2/21/2024,12:43:36,-13.37183,-102.520289
2/21/2024,12:43:36,-13.38183,-102.540289
2/21/2024,12:43:36,-13.39183,-102.550289
2/21/2024,12:43:37,-13.39183,-102.550289
2/21/2024,12:43:37,-13.39183,-102.530289
2/21/2024,12:43:37,-13.39183,-102.510289
2/21/2024,12:43:37,-13.38183,-102.480289
2/21/2024,12:43:37,-13.37183,-102.470289
2/21/2024,12:43:38,-13.36183,-102.460289
2/21/2024,12:43:38,-13.35183,-102.450289
2/21/2024,12:43:38,-13.37183,-102.460289
2/21/2024,12:43:38,-13.38183,-102.490289
2/21/2024,12:43:38,-13.38183,-102.530289
2/21/2024,12:43:39,-13.40183,-102.550289
2/21/2024,12:43:39,-13.39183,-102.560289
2/21/2024,12:43:39,-13.39183,-102.560289
2/21/2024,12:43:39,-13.39183,-102.540289
2/21/2024,12:43:39,-13.39183,-102.510289
2/21/2024,12:43:40,-13.35183,-102.480289
2/21/2024,12:43:40,-13.34183,-102.470289
2/21/2024,12:43:40,-13.33183,-102.470289
2/21/2024,12:43:40,-13.33183,-102.470289
2/21/2024,12:43:40,-13.34183,-102.490289
2/21/2024,12:43:41,-13.35183,-102.530289
2/21/2024,12:43:41,-13.37183,-102.560289
2/21/2024,12:43:41,-13.37183,-102.570289
2/21/2024,12:43:41,-13.37183,-102.570289
2/21/2024,12:43:41,-13.37183,-102.550289
2/21/2024,12:43:42,-13.36183,-102.520289
2/21/2024,12:43:42,-13.34183,-102.500289
2/21/2024,12:43:42,-13.33183,-102.490289
2/21/2024,12:43:42,-13.32183,-102.480289
2/21/2024,12:43:42,-13.33183,-102.480289
2/21/2024,12:43:43,-13.33183,-102.490289
2/21/2024,12:43:43,-13.35183,-102.520289
2/21/2024,12:43:43,-13.36183,-102.560289
2/21/2024,12:43:43,-13.35183,-102.580289
2/21/2024,12:43:43,-13.36183,-102.580289
2/21/2024,12:43:44,-13.36183,-102.580289
2/21/2024,12:43:44,-13.38183,-102.560289
2/21/2024,12:43:44,-13.36183,-102.530289
2/21/2024,12:43:44,-13.35183,-102.510289
2/21/2024,12:43:44,-13.33183,-102.500289
2/21/2024,12:43:45,-13.33183,-102.490289
2/21/2024,12:43:45,-13.32183,-102.480289
2/21/2024,12:43:45,-13.34183,-102.500289
2/21/2024,12:43:45,-13.35183,-102.530289
2/21/2024,12:43:45,-13.36183,-102.570289
2/21/2024,12:43:46,-13.37183,-102.590289
2/21/2024,12:43:46,-13.38183,-102.590289
2/21/2024,12:43:46,-13.36183,-102.590289
2/21/2024,12:43:46,-13.36183,-102.550289
2/21/2024,12:43:46,-13.34183,-102.530289
2/21/2024,12:43:47,-13.33183,-102.500289
2/21/2024,12:43:47,-13.31183,-102.480289
2/21/2024,12:43:47,-13.31183,-102.480289
2/21/2024,12:43:47,-13.33183,-102.500289
2/21/2024,12:43:47,-13.34183,-102.540289
2/21/2024,12:43:48,-13.36183,-102.580289
2/21/2024,12:43:48,-13.37183,-102.610289
2/21/2024,12:43:48,-13.39183,-102.630289
2/21/2024,12:43:48,-13.37183,-102.620289
2/21/2024,12:43:48,-13.38183,-102.590289
2/21/2024,12:43:49,-13.37183,-102.560289
2/21/2024,12:43:49,-13.35183,-102.530289
2/21/2024,12:43:49,-13.33183,-102.520289
2/21/2024,12:43:49,-13.32183,-102.510289
2/21/2024,12:43:49,-13.33183,-102.530289
2/21/2024,12:43:50,-13.35183,-102.580289
2/21/2024,12:43:50,-13.37183,-102.620289
2/21/2024,12:43:50,-13.37183,-102.660289
2/21/2024,12:43:50,-13.39183,-102.680289
2/21/2024,12:43:50,-13.38183,-102.680289
2/21/2024,12:43:51,-13.38183,-102.660289
2/21/2024,12:43:51,-13.37183,-102.630289
2/21/2024,12:43:51,-13.35183,-102.610289
2/21/2024,12:43:51,-13.33183,-102.610289
2/21/2024,12:43:51,-13.32183,-102.600289
2/21/2024,12:43:52,-13.31183,-102.590289
2/21/2024,12:43:52,-13.33183,-102.630289
2/21/2024,12:43:52,-13.34183,-102.670289
2/21/2024,12:43:52,-13.35183,-102.700289
2/21/2024,12:43:52,-13.36183,-102.720289
2/21/2024,12:43:53,-13.36183,-102.740289
2/21/2024,12:43:53,-13.36183,-102.730289
2/21/2024,12:43:53,-13.35183,-102.720289
2/21/2024,12:43:53,-13.35183,-102.690289
2/21/2024,12:43:53,-13.33183,-102.680289
2/21/2024,12:43:54,-13.31183,-102.670289
2/21/2024,12:43:54,-13.30183,-102.660289
2/21/2024,12:43:54,-13.30183,-102.670289
2/21/2024,12:43:54,-13.32183,-102.690289
2/21/2024,12:43:54,-13.33183,-102.740289
2/21/2024,12:43:55,-13.34183,-102.760289
2/21/2024,12:43:55,-13.35183,-102.780289
2/21/2024,12:43:55,-13.35183,-102.780289
2/21/2024,12:43:55,-13.35183,-102.760289
2/21/2024,12:43:55,-13.35183,-102.730289
2/21/2024,12:43:56,-13.34183,-102.710289
2/21/2024,12:43:56,-13.33183,-102.690289
2/21/2024,12:43:56,-13.32183,-102.680289
2/21/2024,12:43:56,-13.31183,-102.670289
2/21/2024,12:43:56,-13.34183,-102.690289
2/21/2024,12:43:57,-13.36183,-102.710289
2/21/2024,12:43:57,-13.37183,-102.750289
2/21/2024,12:43:57,-13.38183,-102.760289
2/21/2024,12:43:57,-13.39183,-102.770289
2/21/2024,12:43:57,-13.39183,-102.760289
2/21/2024,12:43:58,-13.39183,-102.730289
2/21/2024,12:43:58,-13.39183,-102.700289
2/21/2024,12:43:58,-13.38183,-102.680289
2/21/2024,12:43:58,-13.36183,-102.670289
2/21/2024,12:43:58,-13.35183,-102.660289
2/21/2024,12:43:59,-13.36183,-102.670289
2/21/2024,12:43:59,-13.38183,-102.700289
2/21/2024,12:43:59,-13.38183,-102.740289
2/21/2024,12:43:59,-13.38183,-102.760289
2/21/2024,12:43:59,-13.39183,-102.770289
2/21/2024,12:44:00,-13.39183,-102.760289
2/21/2024,12:44:00,-13.38183,-102.740289
2/21/2024,12:44:00,-13.37183,-102.710289
2/21/2024,12:44:00,-13.35183,-102.690289
2/21/2024,12:44:00,-13.34183,-102.690289
2/21/2024,12:44:01,-13.33183,-102.690289
2/21/2024,12:44:01,-13.33183,-102.690289
2/21/2024,12:44:01,-13.35183,-102.690289
2/21/2024,12:44:01,-13.36183,-102.720289
2/21/2024,12:44:01,-13.36183,-102.750289
2/21/2024,12:44:02,-13.36183,-102.770289
2/21/2024,12:44:02,-13.37183,-102.760289
2/21/2024,12:44:02,-13.37183,-102.750289
2/21/2024,12:44:02,-13.35183,-102.730289
2/21/2024,12:44:02,-13.35183,-102.710289
2/21/2024,12:44:03,-13.33183,-102.700289
2/21/2024,12:44:03,-13.32183,-102.690289
2/21/2024,12:44:03,-13.33183,-102.690289
2/21/2024,12:44:03,-13.34183,-102.690289
2/21/2024,12:44:03,-13.34183,-102.710289
2/21/2024,12:44:04,-13.36183,-102.740289
2/21/2024,12:44:04,-13.37183,-102.770289
2/21/2024,12:44:04,-13.37183,-102.770289
2/21/2024,12:44:04,-13.37183,-102.770289
2/21/2024,12:44:04,-13.36183,-102.740289
2/21/2024,12:44:05,-13.36183,-102.720289
2/21/2024,12:44:05,-13.34183,-102.700289
2/21/2024,12:44:05,-13.33183,-102.690289
2/21/2024,12:44:05,-13.32183,-102.680289
2/21/2024,12:44:05,-13.33183,-102.670289
2/21/2024,12:44:06,-13.33183,-102.680289
2/21/2024,12:44:06,-13.34183,-102.710289
2/21/2024,12:44:06,-13.35183,-102.730289
2/21/2024,12:44:06,-13.35183,-102.740289
2/21/2024,12:44:06,-13.35183,-102.740289
2/21/2024,12:44:07,-13.35183,-102.730289
2/21/2024,12:44:07,-13.34183,-102.700289
2/21/2024,12:44:07,-13.34183,-102.680289
2/21/2024,12:44:07,-13.33183,-102.680289
2/21/2024,12:44:07,-13.32183,-102.670289
2/21/2024,12:44:08,-13.32183,-102.670289
2/21/2024,12:44:08,-13.33183,-102.660289
2/21/2024,12:44:08,-13.33183,-102.670289
2/21/2024,12:44:08,-13.34183,-102.680289
2/21/2024,12:44:08,-13.34183,-102.690289
2/21/2024,12:44:09,-13.35183,-102.690289
2/21/2024,12:44:09,-13.35183,-102.690289
2/21/2024,12:44:09,-13.35183,-102.680289
2/21/2024,12:44:09,-13.35183,-102.660289
2/21/2024,12:44:09,-13.34183,-102.640289
2/21/2024,12:44:10,-13.34183,-102.630289
2/21/2024,12:44:10,-13.34183,-102.630289
2/21/2024,12:44:10,-13.34183,-102.620289
2/21/2024,12:44:10,-13.35183,-102.620289
2/21/2024,12:44:10,-13.36183,-102.620289
2/21/2024,12:44:11,-13.36183,-102.630289
2/21/2024,12:44:11,-13.37183,-102.630289
2/21/2024,12:44:11,-13.38183,-102.640289
2/21/2024,12:44:11,-13.38183,-102.640289
2/21/2024,12:44:11,-13.38183,-102.630289
2/21/2024,12:44:12,-13.38183,-102.620289
2/21/2024,12:44:12,-13.38183,-102.610289
2/21/2024,12:44:12,-13.38183,-102.600289
2/21/2024,12:44:12,-13.37183,-102.600289
2/21/2024,12:44:12,-13.37183,-102.590289
2/21/2024,12:44:13,-13.36183,-102.580289
2/21/2024,12:44:13,-13.36183,-102.580289
2/21/2024,12:44:13,-13.36183,-102.580289
2/21/2024,12:44:13,-13.37183,-102.590289
2/21/2024,12:44:13,-13.38183,-102.620289
2/21/2024,12:44:14,-13.39183,-102.640289
2/21/2024,12:44:14,-13.39183,-102.650289
2/21/2024,12:44:14,-13.40183,-102.640289
2/21/2024,12:44:14,-13.40183,-102.620289
2/21/2024,12:44:14,-13.39183,-102.600289
2/21/2024,12:44:15,-13.38183,-102.580289
2/21/2024,12:44:15,-13.36183,-102.570289
2/21/2024,12:44:15,-13.36183,-102.560289
2/21/2024,12:44:15,-13.35183,-102.550289
2/21/2024,12:44:15,-13.37183,-102.570289
2/21/2024,12:44:16,-13.38183,-102.600289
2/21/2024,12:44:16,-13.39183,-102.630289
2/21/2024,12:44:16,-13.40183,-102.650289
2/21/2024,12:44:16,-13.39183,-102.650289
2/21/2024,12:44:16,-13.39183,-102.630289
2/21/2024,12:44:17,-13.38183,-102.610289
2/21/2024,12:44:17,-13.37183,-102.590289
2/21/2024,12:44:17,-13.35183,-102.570289
2/21/2024,12:44:17,-13.34183,-102.560289
2/21/2024,12:44:17,-13.34183,-102.560289
2/21/2024,12:44:18,-13.34183,-102.570289
2/21/2024,12:44:18,-13.36183,-102.590289
2/21/2024,12:44:18,-13.37183,-102.630289
2/21/2024,12:44:18,-13.37183,-102.640289
2/21/2024,12:44:18,-13.37183,-102.650289
2/21/2024,12:44:19,-13.37183,-102.630289
2/21/2024,12:44:19,-13.35183,-102.600289
2/21/2024,12:44:19,-13.34183,-102.570289
2/21/2024,12:44:19,-13.31183,-102.550289
2/21/2024,12:44:19,-13.30183,-102.540289
2/21/2024,12:44:20,-13.30183,-102.540289
2/21/2024,12:44:20,-13.32183,-102.550289
2/21/2024,12:44:20,-13.34183,-102.580289
2/21/2024,12:44:20,-13.35183,-102.610289
2/21/2024,12:44:20,-13.35183,-102.630289
2/21/2024,12:44:21,-13.35183,-102.620289
2/21/2024,12:44:21,-13.36183,-102.590289
2/21/2024,12:44:21,-13.34183,-102.560289
2/21/2024,12:44:21,-13.33183,-102.540289
2/21/2024,12:44:21,-13.31183,-102.530289
2/21/2024,12:44:22,-13.31183,-102.520289
2/21/2024,12:44:22,-13.33183,-102.530289
2/21/2024,12:44:22,-13.34183,-102.550289
2/21/2024,12:44:22,-13.35183,-102.580289
2/21/2024,12:44:22,-13.36183,-102.600289
2/21/2024,12:44:23,-13.37183,-102.610289
2/21/2024,12:44:23,-13.37183,-102.600289
2/21/2024,12:44:23,-13.37183,-102.580289
2/21/2024,12:44:23,-13.36183,-102.560289
2/21/2024,12:44:23,-13.34183,-102.540289
2/21/2024,12:44:24,-13.33183,-102.540289
2/21/2024,12:44:24,-13.32183,-102.530289
2/21/2024,12:44:24,-13.33183,-102.540289
2/21/2024,12:44:24,-13.34183,-102.550289
2/21/2024,12:44:24,-13.35183,-102.580289
2/21/2024,12:44:25,-13.36183,-102.600289
2/21/2024,12:44:25,-13.36183,-102.620289
2/21/2024,12:44:25,-13.36183,-102.610289
2/21/2024,12:44:25,-13.36183,-102.590289
2/21/2024,12:44:25,-13.35183,-102.570289
2/21/2024,12:44:26,-13.34183,-102.550289
2/21/2024,12:44:26,-13.32183,-102.540289
2/21/2024,12:44:26,-13.32183,-102.540289
2/21/2024,12:44:26,-13.33183,-102.540289
2/21/2024,12:44:26,-13.33183,-102.560289
2/21/2024,12:44:27,-13.34183,-102.580289
2/21/2024,12:44:27,-13.34183,-102.610289
2/21/2024,12:44:27,-13.35183,-102.620289
2/21/2024,12:44:27,-13.35183,-102.620289
2/21/2024,12:44:27,-13.35183,-102.600289
2/21/2024,12:44:28,-13.33183,-102.580289
2/21/2024,12:44:28,-13.31183,-102.560289
2/21/2024,12:44:28,-13.30183,-102.550289
2/21/2024,12:44:28,-13.30183,-102.550289
2/21/2024,12:44:28,-13.31183,-102.550289
2/21/2024,12:44:29,-13.32183,-102.570289
2/21/2024,12:44:29,-13.32183,-102.600289
2/21/2024,12:44:29,-13.33183,-102.620289
2/21/2024,12:44:29,-13.33183,-102.630289
2/21/2024,12:44:29,-13.33183,-102.620289
2/21/2024,12:44:30,-13.32183,-102.600289
2/21/2024,12:44:30,-13.31183,-102.580289
2/21/2024,12:44:30,-13.30183,-102.570289
2/21/2024,12:44:30,-13.29183,-102.560289
2/21/2024,12:44:30,-13.29183,-102.560289
2/21/2024,12:44:31,-13.30183,-102.570289
2/21/2024,12:44:31,-13.31183,-102.580289
2/21/2024,12:44:31,-13.32183,-102.600289
2/21/2024,12:44:31,-13.33183,-102.610289
2/21/2024,12:44:31,-13.33183,-102.610289
2/21/2024,12:44:32,-13.33183,-102.600289
2/21/2024,12:44:32,-13.33183,-102.590289
2/21/2024,12:44:32,-13.33183,-102.580289
2/21/2024,12:44:32,-13.32183,-102.570289
2/21/2024,12:44:32,-13.32183,-102.560289
2/21/2024,12:44:33,-13.32183,-102.560289
2/21/2024,12:44:33,-13.32183,-102.560289
2/21/2024,12:44:33,-13.32183,-102.580289
2/21/2024,12:44:33,-13.32183,-102.590289
2/21/2024,12:44:33,-13.34183,-102.600289
2/21/2024,12:44:34,-13.34183,-102.610289
2/21/2024,12:44:34,-13.34183,-102.600289
2/21/2024,12:44:34,-13.35183,-102.580289
2/21/2024,12:44:34,-13.35183,-102.560289
2/21/2024,12:44:34,-13.33183,-102.550289
2/21/2024,12:44:35,-13.33183,-102.550289
2/21/2024,12:44:35,-13.34183,-102.550289
2/21/2024,12:44:35,-13.35183,-102.560289
2/21/2024,12:44:35,-13.35183,-102.560289
2/21/2024,12:44:35,-13.35183,-102.570289
2/21/2024,12:44:36,-13.36183,-102.580289
2/21/2024,12:44:36,-13.36183,-102.580289
2/21/2024,12:44:36,-13.36183,-102.580289
2/21/2024,12:44:36,-13.36183,-102.560289
2/21/2024,12:44:36,-13.35183,-102.550289
2/21/2024,12:44:37,-13.35183,-102.550289
2/21/2024,12:44:37,-13.35183,-102.550289
2/21/2024,12:44:37,-13.34183,-102.550289
2/21/2024,12:44:37,-13.34183,-102.550289
2/21/2024,12:44:37,-13.34183,-102.550289
2/21/2024,12:44:38,-13.34183,-102.570289
2/21/2024,12:44:38,-13.35183,-102.580289
2/21/2024,12:44:38,-13.35183,-102.590289
2/21/2024,12:44:38,-13.34183,-102.590289
2/21/2024,12:44:38,-13.34183,-102.590289
2/21/2024,12:44:39,-13.34183,-102.570289
2/21/2024,12:44:39,-13.34183,-102.560289
2/21/2024,12:44:39,-13.33183,-102.560289
2/21/2024,12:44:39,-13.32183,-102.560289
2/21/2024,12:44:39,-13.33183,-102.570289
2/21/2024,12:44:40,-13.33183,-102.570289
2/21/2024,12:44:40,-13.34183,-102.580289
2/21/2024,12:44:40,-13.34183,-102.590289
2/21/2024,12:44:40,-13.35183,-102.600289
2/21/2024,12:44:40,-13.35183,-102.600289
2/21/2024,12:44:41,-13.35183,-102.590289
2/21/2024,12:44:41,-13.35183,-102.590289
2/21/2024,12:44:41,-13.35183,-102.580289
2/21/2024,12:44:41,-13.34183,-102.570289
2/21/2024,12:44:41,-13.34183,-102.570289
2/21/2024,12:44:42,-13.34183,-102.570289
2/21/2024,12:44:42,-13.34183,-102.570289
2/21/2024,12:44:42,-13.35183,-102.580289
2/21/2024,12:44:42,-13.35183,-102.590289
2/21/2024,12:44:42,-13.35183,-102.590289
2/21/2024,12:44:43,-13.36183,-102.590289
2/21/2024,12:44:43,-13.35183,-102.590289
2/21/2024,12:44:43,-13.36183,-102.590289
2/21/2024,12:44:43,-13.36183,-102.590289
2/21/2024,12:44:43,-13.36183,-102.580289
2/21/2024,12:44:44,-13.35183,-102.580289
2/21/2024,12:44:44,-13.35183,-102.580289
2/21/2024,12:44:44,-13.34183,-102.570289
2/21/2024,12:44:44,-13.34183,-102.570289
2/21/2024,12:44:44,-13.34183,-102.560289
2/21/2024,12:44:45,-13.34183,-102.560289
2/21/2024,12:44:45,-13.34183,-102.570289
2/21/2024,12:44:45,-13.35183,-102.590289
2/21/2024,12:44:45,-13.36183,-102.600289
2/21/2024,12:44:45,-13.36183,-102.620289
2/21/2024,12:44:46,-13.36183,-102.620289
2/21/2024,12:44:46,-13.36183,-102.600289
2/21/2024,12:44:46,-13.35183,-102.580289
2/21/2024,12:44:46,-13.34183,-102.570289
2/21/2024,12:44:46,-13.33183,-102.570289
2/21/2024,12:44:47,-13.32183,-102.570289
2/21/2024,12:44:47,-13.33183,-102.580289
2/21/2024,12:44:47,-13.33183,-102.580289
2/21/2024,12:44:47,-13.33183,-102.600289
2/21/2024,12:44:47,-13.33183,-102.620289
2/21/2024,12:44:48,-13.34183,-102.640289
2/21/2024,12:44:48,-13.34183,-102.650289
2/21/2024,12:44:48,-13.33183,-102.650289
2/21/2024,12:44:48,-13.32183,-102.630289
2/21/2024,12:44:48,-13.31183,-102.620289
2/21/2024,12:44:49,-13.30183,-102.620289
2/21/2024,12:44:49,-13.30183,-102.620289
2/21/2024,12:44:49,-13.30183,-102.620289
2/21/2024,12:44:49,-13.30183,-102.620289
2/21/2024,12:44:49,-13.31183,-102.630289
2/21/2024,12:44:50,-13.31183,-102.650289
2/21/2024,12:44:50,-13.32183,-102.680289
2/21/2024,12:44:50,-13.33183,-102.700289
2/21/2024,12:44:50,-13.33183,-102.700289
2/21/2024,12:44:50,-13.33183,-102.690289
2/21/2024,12:44:51,-13.32183,-102.670289
2/21/2024,12:44:51,-13.31183,-102.660289
2/21/2024,12:44:51,-13.31183,-102.660289
2/21/2024,12:44:51,-13.30183,-102.660289
2/21/2024,12:44:51,-13.31183,-102.660289
2/21/2024,12:44:52,-13.32183,-102.670289
2/21/2024,12:44:52,-13.32183,-102.690289
2/21/2024,12:44:52,-13.33183,-102.720289
2/21/2024,12:44:52,-13.34183,-102.730289
2/21/2024,12:44:52,-13.34183,-102.730289
2/21/2024,12:44:53,-13.34183,-102.720289
2/21/2024,12:44:53,-13.33183,-102.690289
2/21/2024,12:44:53,-13.32183,-102.670289
2/21/2024,12:44:53,-13.32183,-102.670289
2/21/2024,12:44:53,-13.32183,-102.680289
2/21/2024,12:44:54,-13.33183,-102.690289
2/21/2024,12:44:54,-13.34183,-102.710289
2/21/2024,12:44:54,-13.35183,-102.730289
2/21/2024,12:44:54,-13.37183,-102.750289
2/21/2024,12:44:54,-13.38183,-102.760289
2/21/2024,12:44:55,-13.38183,-102.740289
2/21/2024,12:44:55,-13.38183,-102.710289
2/21/2024,12:44:55,-13.36183,-102.690289
2/21/2024,12:44:55,-13.36183,-102.670289
2/21/2024,12:44:55,-13.35183,-102.670289
2/21/2024,12:44:56,-13.36183,-102.680289
2/21/2024,12:44:56,-13.37183,-102.700289
2/21/2024,12:44:56,-13.38183,-102.730289
2/21/2024,12:44:56,-13.41183,-102.770289
2/21/2024,12:44:56,-13.42183,-102.790289
2/21/2024,12:44:57,-13.42183,-102.780289
2/21/2024,12:44:57,-13.42183,-102.760289
2/21/2024,12:44:57,-13.41183,-102.720289
2/21/2024,12:44:57,-13.38183,-102.710289
2/21/2024,12:44:57,-13.37183,-102.690289
2/21/2024,12:44:58,-13.36183,-102.690289
2/21/2024,12:44:58,-13.35183,-102.680289
2/21/2024,12:44:58,-13.36183,-102.710289
2/21/2024,12:44:58,-13.37183,-102.760289
2/21/2024,12:44:58,-13.38183,-102.790289
2/21/2024,12:44:59,-13.39183,-102.820289
2/21/2024,12:44:59,-13.40183,-102.830289
2/21/2024,12:44:59,-13.38183,-102.820289
2/21/2024,12:44:59,-13.37183,-102.780289
2/21/2024,12:44:59,-13.35183,-102.750289
2/21/2024,12:45:00,-13.34183,-102.730289
2/21/2024,12:45:00,-13.31183,-102.720289
2/21/2024,12:45:00,-13.30183,-102.710289
2/21/2024,12:45:00,-13.32183,-102.730289
2/21/2024,12:45:00,-13.33183,-102.760289
2/21/2024,12:45:01,-13.34183,-102.800289
2/21/2024,12:45:01,-13.35183,-102.830289
2/21/2024,12:45:01,-13.37183,-102.840289
2/21/2024,12:45:01,-13.36183,-102.830289
2/21/2024,12:45:01,-13.36183,-102.810289
2/21/2024,12:45:02,-13.35183,-102.770289
2/21/2024,12:45:02,-13.32183,-102.730289
2/21/2024,12:45:02,-13.30183,-102.710289
2/21/2024,12:45:02,-13.30183,-102.700289
2/21/2024,12:45:02,-13.31183,-102.710289
2/21/2024,12:45:03,-13.32183,-102.730289
2/21/2024,12:45:03,-13.34183,-102.770289
2/21/2024,12:45:03,-13.35183,-102.800289
2/21/2024,12:45:03,-13.37183,-102.810289
2/21/2024,12:45:03,-13.37183,-102.810289
2/21/2024,12:45:04,-13.36183,-102.790289
2/21/2024,12:45:04,-13.35183,-102.740289
2/21/2024,12:45:04,-13.34183,-102.700289
2/21/2024,12:45:04,-13.32183,-102.680289
2/21/2024,12:45:04,-13.32183,-102.670289
2/21/2024,12:45:05,-13.32183,-102.660289
2/21/2024,12:45:05,-13.34183,-102.690289
2/21/2024,12:45:05,-13.37183,-102.730289
2/21/2024,12:45:05,-13.39183,-102.760289
2/21/2024,12:45:05,-13.40183,-102.770289
2/21/2024,12:45:06,-13.41183,-102.770289
2/21/2024,12:45:06,-13.41183,-102.750289
2/21/2024,12:45:06,-13.39183,-102.700289
2/21/2024,12:45:06,-13.38183,-102.670289
2/21/2024,12:45:06,-13.37183,-102.650289
2/21/2024,12:45:07,-13.36183,-102.640289
2/21/2024,12:45:07,-13.36183,-102.640289
2/21/2024,12:45:07,-13.38183,-102.670289
2/21/2024,12:45:07,-13.40183,-102.700289
2/21/2024,12:45:07,-13.42183,-102.740289
2/21/2024,12:45:08,-13.43183,-102.750289
2/21/2024,12:45:08,-13.42183,-102.750289
2/21/2024,12:45:08,-13.42183,-102.720289
2/21/2024,12:45:08,-13.40183,-102.690289
2/21/2024,12:45:08,-13.38183,-102.660289
2/21/2024,12:45:09,-13.37183,-102.650289
2/21/2024,12:45:09,-13.35183,-102.640289
2/21/2024,12:45:09,-13.36183,-102.640289
2/21/2024,12:45:09,-13.38183,-102.650289
2/21/2024,12:45:09,-13.39183,-102.680289
2/21/2024,12:45:10,-13.39183,-102.710289
2/21/2024,12:45:10,-13.40183,-102.730289
2/21/2024,12:45:10,-13.40183,-102.730289
2/21/2024,12:45:10,-13.40183,-102.710289
2/21/2024,12:45:10,-13.39183,-102.680289
2/21/2024,12:45:11,-13.38183,-102.660289
2/21/2024,12:45:11,-13.37183,-102.640289
2/21/2024,12:45:11,-13.36183,-102.640289
2/21/2024,12:45:11,-13.36183,-102.640289
2/21/2024,12:45:11,-13.37183,-102.640289
2/21/2024,12:45:12,-13.38183,-102.660289
2/21/2024,12:45:12,-13.38183,-102.700289
2/21/2024,12:45:12,-13.38183,-102.720289
2/21/2024,12:45:12,-13.39183,-102.730289
2/21/2024,12:45:12,-13.39183,-102.730289
2/21/2024,12:45:13,-13.38183,-102.710289
2/21/2024,12:45:13,-13.37183,-102.680289
2/21/2024,12:45:13,-13.35183,-102.660289
2/21/2024,12:45:13,-13.35183,-102.650289
2/21/2024,12:45:13,-13.33183,-102.640289
2/21/2024,12:45:14,-13.34183,-102.640289
2/21/2024,12:45:14,-13.35183,-102.660289
2/21/2024,12:45:14,-13.36183,-102.690289
2/21/2024,12:45:14,-13.36183,-102.710289
2/21/2024,12:45:14,-13.37183,-102.730289
2/21/2024,12:45:15,-13.37183,-102.730289
2/21/2024,12:45:15,-13.37183,-102.720289
2/21/2024,12:45:15,-13.37183,-102.690289
2/21/2024,12:45:15,-13.36183,-102.670289
2/21/2024,12:45:15,-13.35183,-102.660289
2/21/2024,12:45:16,-13.34183,-102.650289
2/21/2024,12:45:16,-13.34183,-102.650289
2/21/2024,12:45:16,-13.35183,-102.650289
2/21/2024,12:45:16,-13.36183,-102.670289
2/21/2024,12:45:16,-13.37183,-102.700289
2/21/2024,12:45:17,-13.37183,-102.710289
2/21/2024,12:45:17,-13.37183,-102.700289
2/21/2024,12:45:17,-13.38183,-102.690289
2/21/2024,12:45:17,-13.37183,-102.670289
2/21/2024,12:45:17,-13.37183,-102.660289
2/21/2024,12:45:18,-13.36183,-102.650289
2/21/2024,12:45:18,-13.36183,-102.650289
2/21/2024,12:45:18,-13.35183,-102.660289
2/21/2024,12:45:18,-13.35183,-102.660289
2/21/2024,12:45:18,-13.35183,-102.680289
2/21/2024,12:45:19,-13.35183,-102.690289
2/21/2024,12:45:19,-13.36183,-102.710289
2/21/2024,12:45:19,-13.36183,-102.710289
2/21/2024,12:45:19,-13.35183,-102.700289
2/21/2024,12:45:19,-13.34183,-102.690289
2/21/2024,12:45:20,-13.33183,-102.680289
2/21/2024,12:45:20,-13.32183,-102.670289
2/21/2024,12:45:20,-13.32183,-102.670289
2/21/2024,12:45:20,-13.32183,-102.670289
2/21/2024,12:45:20,-13.32183,-102.680289
2/21/2024,12:45:21,-13.32183,-102.690289
2/21/2024,12:45:21,-13.32183,-102.690289
2/21/2024,12:45:21,-13.33183,-102.700289
2/21/2024,12:45:21,-13.33183,-102.710289
2/21/2024,12:45:21,-13.33183,-102.700289
2/21/2024,12:45:22,-13.33183,-102.690289
2/21/2024,12:45:22,-13.32183,-102.670289
2/21/2024,12:45:22,-13.32183,-102.660289
2/21/2024,12:45:22,-13.32183,-102.660289
2/21/2024,12:45:22,-13.32183,-102.660289
2/21/2024,12:45:23,-13.32183,-102.670289
2/21/2024,12:45:23,-13.33183,-102.670289
2/21/2024,12:45:23,-13.33183,-102.680289
2/21/2024,12:45:23,-13.34183,-102.690289
2/21/2024,12:45:23,-13.34183,-102.690289
2/21/2024,12:45:24,-13.35183,-102.680289
2/21/2024,12:45:24,-13.34183,-102.670289
2/21/2024,12:45:24,-13.34183,-102.650289
2/21/2024,12:45:24,-13.34183,-102.640289
2/21/2024,12:45:24,-13.34183,-102.630289
2/21/2024,12:45:25,-13.34183,-102.630289
2/21/2024,12:45:25,-13.35183,-102.630289
2/21/2024,12:45:25,-13.35183,-102.640289
2/21/2024,12:45:25,-13.36183,-102.650289
2/21/2024,12:45:25,-13.37183,-102.660289
2/21/2024,12:45:26,-13.37183,-102.670289
2/21/2024,12:45:26,-13.38183,-102.670289
2/21/2024,12:45:26,-13.38183,-102.650289
2/21/2024,12:45:26,-13.37183,-102.620289
2/21/2024,12:45:26,-13.37183,-102.600289
2/21/2024,12:45:27,-13.36183,-102.590289
2/21/2024,12:45:27,-13.35183,-102.590289
2/21/2024,12:45:27,-13.36183,-102.590289
2/21/2024,12:45:27,-13.37183,-102.600289
2/21/2024,12:45:27,-13.37183,-102.620289
2/21/2024,12:45:28,-13.37183,-102.650289
2/21/2024,12:45:28,-13.37183,-102.660289
2/21/2024,12:45:28,-13.38183,-102.650289
2/21/2024,12:45:28,-13.37183,-102.630289
2/21/2024,12:45:28,-13.37183,-102.600289
2/21/2024,12:45:29,-13.35183,-102.590289
2/21/2024,12:45:29,-13.34183,-102.580289
2/21/2024,12:45:29,-13.34183,-102.580289
2/21/2024,12:45:29,-13.34183,-102.580289
2/21/2024,12:45:29,-13.35183,-102.590289
2/21/2024,12:45:30,-13.36183,-102.610289
2/21/2024,12:45:30,-13.36183,-102.630289
2/21/2024,12:45:30,-13.37183,-102.640289
2/21/2024,12:45:30,-13.37183,-102.640289
2/21/2024,12:45:30,-13.36183,-102.620289
2/21/2024,12:45:31,-13.35183,-102.600289
2/21/2024,12:45:31,-13.35183,-102.580289
2/21/2024,12:45:31,-13.34183,-102.580289
2/21/2024,12:45:31,-13.33183,-102.580289
2/21/2024,12:45:31,-13.33183,-102.580289
2/21/2024,12:45:32,-13.34183,-102.580289
2/21/2024,12:45:32,-13.34183,-102.600289
2/21/2024,12:45:32,-13.35183,-102.620289
2/21/2024,12:45:32,-13.35183,-102.630289
2/21/2024,12:45:32,-13.35183,-102.630289
2/21/2024,12:45:33,-13.35183,-102.620289
2/21/2024,12:45:33,-13.34183,-102.600289
2/21/2024,12:45:33,-13.33183,-102.580289
2/21/2024,12:45:33,-13.32183,-102.570289
2/21/2024,12:45:33,-13.31183,-102.570289
2/21/2024,12:45:34,-13.32183,-102.570289
2/21/2024,12:45:34,-13.32183,-102.580289
2/21/2024,12:45:34,-13.33183,-102.600289
2/21/2024,12:45:34,-13.33183,-102.610289
2/21/2024,12:45:34,-13.33183,-102.610289
2/21/2024,12:45:35,-13.32183,-102.610289
2/21/2024,12:45:35,-13.32183,-102.590289
2/21/2024,12:45:35,-13.31183,-102.580289
2/21/2024,12:45:35,-13.30183,-102.570289
2/21/2024,12:45:35,-13.30183,-102.570289
2/21/2024,12:45:36,-13.30183,-102.570289
2/21/2024,12:45:36,-13.30183,-102.570289
2/21/2024,12:45:36,-13.30183,-102.570289
2/21/2024,12:45:36,-13.29183,-102.580289
2/21/2024,12:45:36,-13.30183,-102.580289
2/21/2024,12:45:37,-13.30183,-102.580289
2/21/2024,12:45:37,-13.30183,-102.580289
2/21/2024,12:45:37,-13.29183,-102.560289
2/21/2024,12:45:37,-13.30183,-102.550289
2/21/2024,12:45:37,-13.30183,-102.530289
2/21/2024,12:45:38,-13.30183,-102.530289
2/21/2024,12:45:38,-13.30183,-102.540289
2/21/2024,12:45:38,-13.31183,-102.540289
2/21/2024,12:45:38,-13.32183,-102.550289
2/21/2024,12:45:38,-13.32183,-102.550289
2/21/2024,12:45:39,-13.32183,-102.540289
2/21/2024,12:45:39,-13.32183,-102.520289
2/21/2024,12:45:39,-13.32183,-102.510289
2/21/2024,12:45:39,-13.32183,-102.500289
2/21/2024,12:45:39,-13.32183,-102.500289
2/21/2024,12:45:40,-13.33183,-102.500289
2/21/2024,12:45:40,-13.33183,-102.500289
2/21/2024,12:45:40,-13.33183,-102.500289
2/21/2024,12:45:40,-13.33183,-102.510289
2/21/2024,12:45:40,-13.34183,-102.510289
2/21/2024,12:45:41,-13.34183,-102.510289
2/21/2024,12:45:41,-13.33183,-102.500289
2/21/2024,12:45:41,-13.34183,-102.490289
2/21/2024,12:45:41,-13.34183,-102.480289
2/21/2024,12:45:41,-13.33183,-102.470289
2/21/2024,12:45:42,-13.33183,-102.460289
2/21/2024,12:45:42,-13.33183,-102.470289
2/21/2024,12:45:42,-13.33183,-102.480289
2/21/2024,12:45:42,-13.34183,-102.490289
2/21/2024,12:45:42,-13.34183,-102.500289
2/21/2024,12:45:43,-13.34183,-102.510289
2/21/2024,12:45:43,-13.34183,-102.500289
2/21/2024,12:45:43,-13.34183,-102.480289
2/21/2024,12:45:43,-13.33183,-102.460289
2/21/2024,12:45:43,-13.33183,-102.450289
2/21/2024,12:45:44,-13.32183,-102.450289
2/21/2024,12:45:44,-13.32183,-102.450289
2/21/2024,12:45:44,-13.33183,-102.460289
2/21/2024,12:45:44,-13.33183,-102.460289
2/21/2024,12:45:44,-13.33183,-102.480289
2/21/2024,12:45:45,-13.33183,-102.490289
2/21/2024,12:45:45,-13.34183,-102.500289
2/21/2024,12:45:45,-13.34183,-102.500289
2/21/2024,12:45:45,-13.33183,-102.480289
2/21/2024,12:45:45,-13.33183,-102.460289
2/21/2024,12:45:46,-13.32183,-102.440289
2/21/2024,12:45:46,-13.31183,-102.440289
2/21/2024,12:45:46,-13.31183,-102.430289
2/21/2024,12:45:46,-13.32183,-102.440289
2/21/2024,12:45:46,-13.32183,-102.440289
2/21/2024,12:45:47,-13.33183,-102.460289
2/21/2024,12:45:47,-13.33183,-102.490289
2/21/2024,12:45:47,-13.34183,-102.500289
2/21/2024,12:45:47,-13.34183,-102.490289
2/21/2024,12:45:47,-13.33183,-102.480289
2/21/2024,12:45:48,-13.33183,-102.450289
2/21/2024,12:45:48,-13.32183,-102.430289
2/21/2024,12:45:48,-13.31183,-102.430289
2/21/2024,12:45:48,-13.31183,-102.430289
2/21/2024,12:45:48,-13.32183,-102.440289
2/21/2024,12:45:49,-13.32183,-102.450289
2/21/2024,12:45:49,-13.33183,-102.470289
2/21/2024,12:45:49,-13.33183,-102.490289
2/21/2024,12:45:49,-13.34183,-102.500289
2/21/2024,12:45:49,-13.34183,-102.500289
2/21/2024,12:45:50,-13.33183,-102.480289
2/21/2024,12:45:50,-13.33183,-102.450289
2/21/2024,12:45:50,-13.31183,-102.440289
2/21/2024,12:45:50,-13.31183,-102.440289
2/21/2024,12:45:50,-13.31183,-102.450289
2/21/2024,12:45:51,-13.31183,-102.460289
2/21/2024,12:45:51,-13.32183,-102.480289
2/21/2024,12:45:51,-13.33183,-102.500289
2/21/2024,12:45:51,-13.33183,-102.510289
2/21/2024,12:45:51,-13.33183,-102.500289
2/21/2024,12:45:52,-13.33183,-102.490289
2/21/2024,12:45:52,-13.32183,-102.470289
2/21/2024,12:45:52,-13.31183,-102.460289
2/21/2024,12:45:52,-13.31183,-102.460289
2/21/2024,12:45:52,-13.31183,-102.460289
2/21/2024,12:45:53,-13.31183,-102.480289
2/21/2024,12:45:53,-13.32183,-102.490289
2/21/2024,12:45:53,-13.32183,-102.510289
2/21/2024,12:45:53,-13.33183,-102.520289
2/21/2024,12:45:53,-13.33183,-102.520289
2/21/2024,12:45:54,-13.32183,-102.510289
2/21/2024,12:45:54,-13.32183,-102.490289
2/21/2024,12:45:54,-13.31183,-102.490289
2/21/2024,12:45:54,-13.31183,-102.490289
2/21/2024,12:45:54,-13.31183,-102.490289
2/21/2024,12:45:55,-13.31183,-102.500289
2/21/2024,12:45:55,-13.31183,-102.510289
2/21/2024,12:45:55,-13.32183,-102.530289
2/21/2024,12:45:55,-13.32183,-102.540289
2/21/2024,12:45:55,-13.32183,-102.550289
2/21/2024,12:45:56,-13.32183,-102.540289
2/21/2024,12:45:56,-13.31183,-102.530289
2/21/2024,12:45:56,-13.31183,-102.510289
2/21/2024,12:45:56,-13.30183,-102.490289
2/21/2024,12:45:56,-13.30183,-102.490289
2/21/2024,12:45:57,-13.31183,-102.510289
2/21/2024,12:45:57,-13.32183,-102.520289
2/21/2024,12:45:57,-13.34183,-102.550289
2/21/2024,12:45:57,-13.35183,-102.570289
2/21/2024,12:45:57,-13.35183,-102.580289
2/21/2024,12:45:58,-13.36183,-102.570289
2/21/2024,12:45:58,-13.36183,-102.550289
2/21/2024,12:45:58,-13.35183,-102.530289
2/21/2024,12:45:58,-13.34183,-102.520289
2/21/2024,12:45:58,-13.34183,-102.510289
2/21/2024,12:45:59,-13.35183,-102.500289
2/21/2024,12:45:59,-13.36183,-102.510289
2/21/2024,12:45:59,-13.38183,-102.540289
2/21/2024,12:45:59,-13.39183,-102.570289
2/21/2024,12:45:59,-13.41183,-102.590289
2/21/2024,12:46:00,-13.42183,-102.590289
2/21/2024,12:46:00,-13.42183,-102.580289
2/21/2024,12:46:00,-13.42183,-102.560289
2/21/2024,12:46:00,-13.41183,-102.540289
2/21/2024,12:46:00,-13.40183,-102.530289
2/21/2024,12:46:01,-13.39183,-102.530289
2/21/2024,12:46:01,-13.39183,-102.530289
2/21/2024,12:46:01,-13.39183,-102.540289
2/21/2024,12:46:01,-13.40183,-102.560289
2/21/2024,12:46:01,-13.40183,-102.590289
2/21/2024,12:46:02,-13.41183,-102.610289
2/21/2024,12:46:02,-13.41183,-102.610289
2/21/2024,12:46:02,-13.40183,-102.610289
2/21/2024,12:46:02,-13.39183,-102.590289
2/21/2024,12:46:02,-13.39183,-102.590289
2/21/2024,12:46:03,-13.37183,-102.580289
2/21/2024,12:46:03,-13.37183,-102.590289
2/21/2024,12:46:03,-13.37183,-102.590289
2/21/2024,12:46:03,-13.37183,-102.590289
2/21/2024,12:46:03,-13.37183,-102.610289
2/21/2024,12:46:04,-13.38183,-102.630289
2/21/2024,12:46:04,-13.38183,-102.650289
2/21/2024,12:46:04,-13.38183,-102.660289
2/21/2024,12:46:04,-13.38183,-102.650289
2/21/2024,12:46:04,-13.37183,-102.640289
2/21/2024,12:46:05,-13.37183,-102.630289
2/21/2024,12:46:05,-13.36183,-102.630289
2/21/2024,12:46:05,-13.35183,-102.640289
2/21/2024,12:46:05,-13.36183,-102.650289
2/21/2024,12:46:05,-13.36183,-102.660289
2/21/2024,12:46:06,-13.36183,-102.670289
2/21/2024,12:46:06,-13.36183,-102.680289
2/21/2024,12:46:06,-13.37183,-102.690289
2/21/2024,12:46:06,-13.37183,-102.690289
2/21/2024,12:46:06,-13.36183,-102.690289
2/21/2024,12:46:07,-13.36183,-102.680289
2/21/2024,12:46:07,-13.35183,-102.670289
2/21/2024,12:46:07,-13.35183,-102.670289
2/21/2024,12:46:07,-13.35183,-102.670289
2/21/2024,12:46:07,-13.34183,-102.680289
2/21/2024,12:46:08,-13.34183,-102.690289
2/21/2024,12:46:08,-13.34183,-102.710289
2/21/2024,12:46:08,-13.35183,-102.730289
2/21/2024,12:46:08,-13.35183,-102.740289
2/21/2024,12:46:08,-13.35183,-102.730289
2/21/2024,12:46:09,-13.34183,-102.720289
2/21/2024,12:46:09,-13.33183,-102.710289
2/21/2024,12:46:09,-13.33183,-102.710289
2/21/2024,12:46:09,-13.33183,-102.710289
2/21/2024,12:46:09,-13.33183,-102.720289
2/21/2024,12:46:10,-13.33183,-102.730289
2/21/2024,12:46:10,-13.34183,-102.740289
2/21/2024,12:46:10,-13.34183,-102.750289
2/21/2024,12:46:10,-13.35183,-102.750289
2/21/2024,12:46:10,-13.35183,-102.750289
2/21/2024,12:46:11,-13.34183,-102.750289
2/21/2024,12:46:11,-13.34183,-102.740289
2/21/2024,12:46:11,-13.33183,-102.730289
2/21/2024,12:46:11,-13.33183,-102.720289
2/21/2024,12:46:11,-13.33183,-102.720289
2/21/2024,12:46:12,-13.34183,-102.720289
2/21/2024,12:46:12,-13.34183,-102.720289
2/21/2024,12:46:12,-13.35183,-102.730289
2/21/2024,12:46:12,-13.36183,-102.740289
2/21/2024,12:46:12,-13.37183,-102.750289
2/21/2024,12:46:13,-13.38183,-102.740289
2/21/2024,12:46:13,-13.37183,-102.730289
2/21/2024,12:46:13,-13.37183,-102.720289
2/21/2024,12:46:13,-13.37183,-102.710289
2/21/2024,12:46:13,-13.36183,-102.710289
2/21/2024,12:46:14,-13.37183,-102.710289
2/21/2024,12:46:14,-13.37183,-102.700289
2/21/2024,12:46:14,-13.37183,-102.700289
2/21/2024,12:46:14,-13.38183,-102.700289
2/21/2024,12:46:14,-13.38183,-102.700289
2/21/2024,12:46:15,-13.38183,-102.700289
2/21/2024,12:46:15,-13.38183,-102.690289
2/21/2024,12:46:15,-13.38183,-102.680289
2/21/2024,12:46:15,-13.38183,-102.670289
2/21/2024,12:46:15,-13.37183,-102.670289
2/21/2024,12:46:16,-13.36183,-102.670289
2/21/2024,12:46:16,-13.36183,-102.680289
2/21/2024,12:46:16,-13.37183,-102.680289
2/21/2024,12:46:16,-13.37183,-102.680289
2/21/2024,12:46:16,-13.36183,-102.670289
2/21/2024,12:46:17,-13.35183,-102.670289
2/21/2024,12:46:17,-13.35183,-102.660289
2/21/2024,12:46:17,-13.34183,-102.660289
2/21/2024,12:46:17,-13.33183,-102.660289
2/21/2024,12:46:17,-13.33183,-102.660289
2/21/2024,12:46:18,-13.32183,-102.660289
2/21/2024,12:46:18,-13.32183,-102.660289
2/21/2024,12:46:18,-13.32183,-102.650289
2/21/2024,12:46:18,-13.31183,-102.640289
2/21/2024,12:46:18,-13.31183,-102.640289
2/21/2024,12:46:19,-13.30183,-102.640289
2/21/2024,12:46:19,-13.30183,-102.640289
2/21/2024,12:46:19,-13.30183,-102.640289
2/21/2024,12:46:19,-13.30183,-102.630289
2/21/2024,12:46:19,-13.30183,-102.620289
2/21/2024,12:46:20,-13.30183,-102.610289
2/21/2024,12:46:20,-13.30183,-102.610289
2/21/2024,12:46:20,-13.31183,-102.620289
2/21/2024,12:46:20,-13.31183,-102.620289
2/21/2024,12:46:20,-13.32183,-102.610289
2/21/2024,12:46:21,-13.32183,-102.600289
2/21/2024,12:46:21,-13.31183,-102.580289
2/21/2024,12:46:21,-13.31183,-102.570289
2/21/2024,12:46:21,-13.31183,-102.570289
2/21/2024,12:46:21,-13.31183,-102.570289
2/21/2024,12:46:22,-13.32183,-102.570289
2/21/2024,12:46:22,-13.32183,-102.570289
2/21/2024,12:46:22,-13.33183,-102.570289
2/21/2024,12:46:22,-13.33183,-102.570289
2/21/2024,12:46:22,-13.34183,-102.560289
2/21/2024,12:46:23,-13.34183,-102.550289
2/21/2024,12:46:23,-13.34183,-102.550289
2/21/2024,12:46:23,-13.34183,-102.540289
2/21/2024,12:46:23,-13.33183,-102.530289
2/21/2024,12:46:23,-13.34183,-102.520289
2/21/2024,12:46:24,-13.33183,-102.510289
2/21/2024,12:46:24,-13.33183,-102.510289
2/21/2024,12:46:24,-13.34183,-102.510289
2/21/2024,12:46:24,-13.34183,-102.510289
2/21/2024,12:46:24,-13.34183,-102.520289
2/21/2024,12:46:25,-13.35183,-102.520289
2/21/2024,12:46:25,-13.36183,-102.530289
2/21/2024,12:46:25,-13.36183,-102.520289
2/21/2024,12:46:25,-13.36183,-102.500289
2/21/2024,12:46:25,-13.35183,-102.480289
2/21/2024,12:46:26,-13.35183,-102.470289
2/21/2024,12:46:26,-13.34183,-102.470289
2/21/2024,12:46:26,-13.34183,-102.470289
2/21/2024,12:46:26,-13.34183,-102.460289
2/21/2024,12:46:26,-13.34183,-102.460289
2/21/2024,12:46:27,-13.34183,-102.480289
2/21/2024,12:46:27,-13.35183,-102.490289
2/21/2024,12:46:27,-13.35183,-102.500289
2/21/2024,12:46:27,-13.36183,-102.500289
2/21/2024,12:46:27,-13.35183,-102.490289
2/21/2024,12:46:28,-13.35183,-102.480289
2/21/2024,12:46:28,-13.35183,-102.470289
2/21/2024,12:46:28,-13.34183,-102.460289
2/21/2024,12:46:28,-13.34183,-102.460289
2/21/2024,12:46:28,-13.34183,-102.450289
2/21/2024,12:46:29,-13.34183,-102.450289
2/21/2024,12:46:29,-13.34183,-102.450289
2/21/2024,12:46:29,-13.34183,-102.470289
2/21/2024,12:46:29,-13.35183,-102.480289
2/21/2024,12:46:29,-13.36183,-102.490289
2/21/2024,12:46:30,-13.36183,-102.490289
2/21/2024,12:46:30,-13.36183,-102.480289
2/21/2024,12:46:30,-13.36183,-102.460289
2/21/2024,12:46:30,-13.35183,-102.440289
2/21/2024,12:46:30,-13.35183,-102.440289
2/21/2024,12:46:31,-13.35183,-102.440289
2/21/2024,12:46:31,-13.35183,-102.440289
2/21/2024,12:46:31,-13.36183,-102.440289
2/21/2024,12:46:31,-13.35183,-102.440289
2/21/2024,12:46:31,-13.35183,-102.450289
2/21/2024,12:46:32,-13.35183,-102.450289
2/21/2024,12:46:32,-13.35183,-102.450289
2/21/2024,12:46:32,-13.35183,-102.450289
2/21/2024,12:46:32,-13.35183,-102.440289
2/21/2024,12:46:32,-13.35183,-102.420289
2/21/2024,12:46:33,-13.34183,-102.420289
2/21/2024,12:46:33,-13.34183,-102.420289
2/21/2024,12:46:33,-13.35183,-102.430289
2/21/2024,12:46:33,-13.35183,-102.430289
2/21/2024,12:46:33,-13.34183,-102.430289
2/21/2024,12:46:34,-13.34183,-102.430289
2/21/2024,12:46:34,-13.34183,-102.420289
2/21/2024,12:46:34,-13.33183,-102.410289
2/21/2024,12:46:34,-13.33183,-102.410289
2/21/2024,12:46:34,-13.33183,-102.410289
2/21/2024,12:46:35,-13.33183,-102.410289
2/21/2024,12:46:35,-13.34183,-102.420289
2/21/2024,12:46:35,-13.34183,-102.420289
2/21/2024,12:46:35,-13.34183,-102.430289
2/21/2024,12:46:35,-13.34183,-102.430289
2/21/2024,12:46:36,-13.33183,-102.420289
2/21/2024,12:46:36,-13.33183,-102.420289
2/21/2024,12:46:36,-13.33183,-102.420289
2/21/2024,12:46:36,-13.32183,-102.420289
2/21/2024,12:46:36,-13.32183,-102.430289
2/21/2024,12:46:37,-13.33183,-102.430289
2/21/2024,12:46:37,-13.32183,-102.430289
2/21/2024,12:46:37,-13.33183,-102.440289
2/21/2024,12:46:37,-13.33183,-102.440289
2/21/2024,12:46:37,-13.33183,-102.440289
2/21/2024,12:46:38,-13.34183,-102.440289
2/21/2024,12:46:38,-13.34183,-102.440289
2/21/2024,12:46:38,-13.34183,-102.440289
2/21/2024,12:46:38,-13.34183,-102.450289
2/21/2024,12:46:38,-13.34183,-102.450289
2/21/2024,12:46:39,-13.34183,-102.460289
2/21/2024,12:46:39,-13.34183,-102.460289
2/21/2024,12:46:39,-13.34183,-102.460289
2/21/2024,12:46:39,-13.34183,-102.460289
2/21/2024,12:46:39,-13.34183,-102.450289
2/21/2024,12:46:40,-13.34183,-102.450289
2/21/2024,12:46:40,-13.34183,-102.450289
2/21/2024,12:46:40,-13.34183,-102.450289
2/21/2024,12:46:40,-13.34183,-102.460289
2/21/2024,12:46:40,-13.34183,-102.470289
2/21/2024,12:46:41,-13.35183,-102.470289
2/21/2024,12:46:41,-13.35183,-102.480289
2/21/2024,12:46:41,-13.35183,-102.470289
2/21/2024,12:46:41,-13.34183,-102.470289
2/21/2024,12:46:41,-13.34183,-102.460289
2/21/2024,12:46:42,-13.34183,-102.460289
2/21/2024,12:46:42,-13.34183,-102.460289
2/21/2024,12:46:42,-13.34183,-102.460289
2/21/2024,12:46:42,-13.34183,-102.460289
2/21/2024,12:46:42,-13.33183,-102.460289
2/21/2024,12:46:43,-13.33183,-102.460289
2/21/2024,12:46:43,-13.34183,-102.470289
2/21/2024,12:46:43,-13.35183,-102.470289
2/21/2024,12:46:43,-13.35183,-102.480289
2/21/2024,12:46:43,-13.35183,-102.470289
2/21/2024,12:46:44,-13.35183,-102.460289
2/21/2024,12:46:44,-13.35183,-102.450289
2/21/2024,12:46:44,-13.35183,-102.440289
2/21/2024,12:46:44,-13.35183,-102.440289
2/21/2024,12:46:44,-13.35183,-102.450289
2/21/2024,12:46:45,-13.35183,-102.450289
2/21/2024,12:46:45,-13.36183,-102.450289
2/21/2024,12:46:45,-13.36183,-102.450289
2/21/2024,12:46:45,-13.36183,-102.450289
2/21/2024,12:46:45,-13.36183,-102.460289
2/21/2024,12:46:46,-13.36183,-102.460289
2/21/2024,12:46:46,-13.36183,-102.460289
2/21/2024,12:46:46,-13.36183,-102.460289
2/21/2024,12:46:46,-13.35183,-102.460289
2/21/2024,12:46:46,-13.35183,-102.460289
2/21/2024,12:46:47,-13.35183,-102.460289
2/21/2024,12:46:47,-13.35183,-102.460289
2/21/2024,12:46:47,-13.36183,-102.470289
2/21/2024,12:46:47,-13.35183,-102.470289
2/21/2024,12:46:47,-13.35183,-102.480289
2/21/2024,12:46:48,-13.35183,-102.490289
2/21/2024,12:46:48,-13.35183,-102.490289
2/21/2024,12:46:48,-13.35183,-102.500289
2/21/2024,12:46:48,-13.34183,-102.510289
2/21/2024,12:46:48,-13.34183,-102.510289
2/21/2024,12:46:49,-13.34183,-102.510289
2/21/2024,12:46:49,-13.33183,-102.510289
2/21/2024,12:46:49,-13.33183,-102.510289
2/21/2024,12:46:49,-13.33183,-102.520289
2/21/2024,12:46:49,-13.33183,-102.520289
2/21/2024,12:46:50,-13.32183,-102.520289
2/21/2024,12:46:50,-13.32183,-102.520289
2/21/2024,12:46:50,-13.32183,-102.520289
2/21/2024,12:46:50,-13.31183,-102.530289
2/21/2024,12:46:50,-13.31183,-102.540289
2/21/2024,12:46:51,-13.31183,-102.540289
2/21/2024,12:46:51,-13.31183,-102.550289
2/21/2024,12:46:51,-13.32183,-102.550289
2/21/2024,12:46:51,-13.31183,-102.550289
2/21/2024,12:46:51,-13.31183,-102.550289
2/21/2024,12:46:52,-13.31183,-102.560289
2/21/2024,12:46:52,-13.31183,-102.560289
2/21/2024,12:46:52,-13.31183,-102.550289
2/21/2024,12:46:52,-13.30183,-102.550289
2/21/2024,12:46:52,-13.30183,-102.550289
2/21/2024,12:46:53,-13.30183,-102.540289
2/21/2024,12:46:53,-13.30183,-102.550289
2/21/2024,12:46:53,-13.30183,-102.570289
2/21/2024,12:46:53,-13.31183,-102.580289
2/21/2024,12:46:53,-13.32183,-102.590289
2/21/2024,12:46:54,-13.32183,-102.600289
2/21/2024,12:46:54,-13.32183,-102.600289
2/21/2024,12:46:54,-13.31183,-102.590289
2/21/2024,12:46:54,-13.31183,-102.580289
2/21/2024,12:46:54,-13.30183,-102.570289
2/21/2024,12:46:55,-13.30183,-102.570289
2/21/2024,12:46:55,-13.30183,-102.560289
2/21/2024,12:46:55,-13.31183,-102.560289
2/21/2024,12:46:55,-13.31183,-102.580289
2/21/2024,12:46:55,-13.32183,-102.590289
2/21/2024,12:46:56,-13.33183,-102.620289
2/21/2024,12:46:56,-13.34183,-102.630289
2/21/2024,12:46:56,-13.34183,-102.630289
2/21/2024,12:46:56,-13.34183,-102.620289
2/21/2024,12:46:56,-13.33183,-102.600289
2/21/2024,12:46:57,-13.33183,-102.580289
2/21/2024,12:46:57,-13.32183,-102.580289
2/21/2024,12:46:57,-13.33183,-102.580289
2/21/2024,12:46:57,-13.34183,-102.570289
2/21/2024,12:46:57,-13.34183,-102.580289
2/21/2024,12:46:58,-13.35183,-102.600289
2/21/2024,12:46:58,-13.36183,-102.630289
2/21/2024,12:46:58,-13.38183,-102.640289
2/21/2024,12:46:58,-13.38183,-102.640289
2/21/2024,12:46:58,-13.39183,-102.630289
2/21/2024,12:46:59,-13.38183,-102.610289
2/21/2024,12:46:59,-13.38183,-102.590289
2/21/2024,12:46:59,-13.37183,-102.590289
2/21/2024,12:46:59,-13.36183,-102.600289
2/21/2024,12:46:59,-13.37183,-102.600289
2/21/2024,12:47:00,-13.37183,-102.600289
2/21/2024,12:47:00,-13.37183,-102.620289
2/21/2024,12:47:00,-13.37183,-102.640289
2/21/2024,12:47:00,-13.38183,-102.650289
2/21/2024,12:47:00,-13.38183,-102.650289
2/21/2024,12:47:01,-13.37183,-102.640289
2/21/2024,12:47:01,-13.37183,-102.630289
2/21/2024,12:47:01,-13.36183,-102.630289
2/21/2024,12:47:01,-13.35183,-102.630289
2/21/2024,12:47:01,-13.35183,-102.640289
2/21/2024,12:47:02,-13.36183,-102.640289
2/21/2024,12:47:02,-13.36183,-102.650289
2/21/2024,12:47:02,-13.36183,-102.660289
2/21/2024,12:47:02,-13.36183,-102.670289
2/21/2024,12:47:02,-13.37183,-102.680289
2/21/2024,12:47:03,-13.37183,-102.680289
2/21/2024,12:47:03,-13.36183,-102.670289
2/21/2024,12:47:03,-13.35183,-102.670289
2/21/2024,12:47:03,-13.35183,-102.660289
2/21/2024,12:47:03,-13.34183,-102.670289
2/21/2024,12:47:04,-13.34183,-102.670289
2/21/2024,12:47:04,-13.34183,-102.680289
2/21/2024,12:47:04,-13.34183,-102.690289
2/21/2024,12:47:04,-13.34183,-102.690289
2/21/2024,12:47:04,-13.34183,-102.700289
2/21/2024,12:47:05,-13.34183,-102.700289
2/21/2024,12:47:05,-13.33183,-102.700289
2/21/2024,12:47:05,-13.33183,-102.690289
2/21/2024,12:47:05,-13.33183,-102.690289
2/21/2024,12:47:05,-13.32183,-102.690289
2/21/2024,12:47:06,-13.32183,-102.700289
2/21/2024,12:47:06,-13.32183,-102.700289
2/21/2024,12:47:06,-13.32183,-102.710289
2/21/2024,12:47:06,-13.32183,-102.710289
2/21/2024,12:47:06,-13.32183,-102.710289
2/21/2024,12:47:07,-13.32183,-102.710289
2/21/2024,12:47:07,-13.32183,-102.710289
2/21/2024,12:47:07,-13.32183,-102.710289
2/21/2024,12:47:07,-13.31183,-102.700289
2/21/2024,12:47:07,-13.31183,-102.700289
2/21/2024,12:47:08,-13.31183,-102.690289
2/21/2024,12:47:08,-13.30183,-102.700289
2/21/2024,12:47:08,-13.30183,-102.700289
2/21/2024,12:47:08,-13.31183,-102.720289
2/21/2024,12:47:08,-13.32183,-102.720289
2/21/2024,12:47:09,-13.32183,-102.730289
2/21/2024,12:47:09,-13.33183,-102.730289
2/21/2024,12:47:09,-13.33183,-102.720289
2/21/2024,12:47:09,-13.33183,-102.710289
2/21/2024,12:47:09,-13.32183,-102.700289
2/21/2024,12:47:10,-13.31183,-102.700289
2/21/2024,12:47:10,-13.31183,-102.690289
2/21/2024,12:47:10,-13.32183,-102.700289
2/21/2024,12:47:10,-13.32183,-102.700289
2/21/2024,12:47:10,-13.32183,-102.720289
2/21/2024,12:47:11,-13.33183,-102.730289
2/21/2024,12:47:11,-13.34183,-102.730289
2/21/2024,12:47:11,-13.35183,-102.730289
2/21/2024,12:47:11,-13.35183,-102.730289
2/21/2024,12:47:11,-13.34183,-102.710289
2/21/2024,12:47:12,-13.34183,-102.700289
2/21/2024,12:47:12,-13.33183,-102.700289
2/21/2024,12:47:12,-13.33183,-102.700289
2/21/2024,12:47:12,-13.34183,-102.690289
2/21/2024,12:47:12,-13.34183,-102.690289
2/21/2024,12:47:13,-13.34183,-102.700289
2/21/2024,12:47:13,-13.34183,-102.710289
2/21/2024,12:47:13,-13.35183,-102.720289
2/21/2024,12:47:13,-13.36183,-102.730289
2/21/2024,12:47:13,-13.36183,-102.720289
2/21/2024,12:47:14,-13.35183,-102.710289
2/21/2024,12:47:14,-13.35183,-102.700289
2/21/2024,12:47:14,-13.34183,-102.700289
2/21/2024,12:47:14,-13.34183,-102.700289
2/21/2024,12:47:14,-13.34183,-102.700289
2/21/2024,12:47:15,-13.34183,-102.700289
2/21/2024,12:47:15,-13.34183,-102.690289
2/21/2024,12:47:15,-13.33183,-102.690289
2/21/2024,12:47:15,-13.32183,-102.700289
2/21/2024,12:47:15,-13.33183,-102.710289
2/21/2024,12:47:16,-13.33183,-102.720289
2/21/2024,12:47:16,-13.33183,-102.720289
2/21/2024,12:47:16,-13.33183,-102.720289
2/21/2024,12:47:16,-13.32183,-102.710289
2/21/2024,12:47:16,-13.32183,-102.700289
2/21/2024,12:47:17,-13.32183,-102.700289
2/21/2024,12:47:17,-13.32183,-102.710289
2/21/2024,12:47:17,-13.33183,-102.710289
2/21/2024,12:47:17,-13.33183,-102.700289
2/21/2024,12:47:17,-13.33183,-102.690289
2/21/2024,12:47:18,-13.32183,-102.680289
2/21/2024,12:47:18,-13.32183,-102.680289
2/21/2024,12:47:18,-13.33183,-102.690289
2/21/2024,12:47:18,-13.33183,-102.700289
2/21/2024,12:47:18,-13.34183,-102.710289
2/21/2024,12:47:19,-13.34183,-102.700289
2/21/2024,12:47:19,-13.35183,-102.700289
2/21/2024,12:47:19,-13.35183,-102.690289
2/21/2024,12:47:19,-13.35183,-102.690289
2/21/2024,12:47:19,-13.35183,-102.690289
2/21/2024,12:47:20,-13.35183,-102.690289
2/21/2024,12:47:20,-13.35183,-102.680289
2/21/2024,12:47:20,-13.35183,-102.670289
2/21/2024,12:47:20,-13.35183,-102.660289
2/21/2024,12:47:20,-13.35183,-102.650289
2/21/2024,12:47:21,-13.34183,-102.660289
2/21/2024,12:47:21,-13.35183,-102.670289
2/21/2024,12:47:21,-13.36183,-102.680289
2/21/2024,12:47:21,-13.36183,-102.690289
2/21/2024,12:47:21,-13.36183,-102.690289
2/21/2024,12:47:22,-13.36183,-102.680289
2/21/2024,12:47:22,-13.36183,-102.670289
2/21/2024,12:47:22,-13.36183,-102.660289
2/21/2024,12:47:22,-13.36183,-102.650289
2/21/2024,12:47:22,-13.35183,-102.650289
2/21/2024,12:47:23,-13.35183,-102.640289
2/21/2024,12:47:23,-13.35183,-102.640289
2/21/2024,12:47:23,-13.34183,-102.640289
2/21/2024,12:47:23,-13.34183,-102.650289
2/21/2024,12:47:23,-13.36183,-102.670289
2/21/2024,12:47:24,-13.36183,-102.680289
2/21/2024,12:47:24,-13.36183,-102.680289
2/21/2024,12:47:24,-13.37183,-102.670289
2/21/2024,12:47:24,-13.36183,-102.650289
2/21/2024,12:47:24,-13.35183,-102.640289
2/21/2024,12:47:25,-13.35183,-102.630289
2/21/2024,12:47:25,-13.34183,-102.640289
2/21/2024,12:47:25,-13.34183,-102.630289
2/21/2024,12:47:25,-13.34183,-102.630289
2/21/2024,12:47:25,-13.34183,-102.640289
2/21/2024,12:47:26,-13.34183,-102.650289
2/21/2024,12:47:26,-13.35183,-102.670289
2/21/2024,12:47:26,-13.35183,-102.680289
2/21/2024,12:47:26,-13.36183,-102.660289
2/21/2024,12:47:26,-13.34183,-102.640289
2/21/2024,12:47:27,-13.35183,-102.620289
2/21/2024,12:47:27,-13.33183,-102.600289
2/21/2024,12:47:27,-13.33183,-102.620289
2/21/2024,12:47:27,-13.34183,-102.620289
2/21/2024,12:47:27,-13.34183,-102.620289
2/21/2024,12:47:28,-13.35183,-102.640289
2/21/2024,12:47:28,-13.35183,-102.660289
2/21/2024,12:47:28,-13.36183,-102.670289
2/21/2024,12:47:28,-13.37183,-102.660289
2/21/2024,12:47:28,-13.36183,-102.640289
2/21/2024,12:47:29,-13.36183,-102.620289
2/21/2024,12:47:29,-13.35183,-102.610289
2/21/2024,12:47:29,-13.33183,-102.610289
2/21/2024,12:47:29,-13.34183,-102.610289
2/21/2024,12:47:29,-13.34183,-102.610289
2/21/2024,12:47:30,-13.34183,-102.620289
2/21/2024,12:47:30,-13.34183,-102.640289
2/21/2024,12:47:30,-13.35183,-102.660289
2/21/2024,12:47:30,-13.35183,-102.660289
2/21/2024,12:47:30,-13.35183,-102.650289
2/21/2024,12:47:31,-13.34183,-102.630289
2/21/2024,12:47:31,-13.33183,-102.610289
2/21/2024,12:47:31,-13.33183,-102.600289
2/21/2024,12:47:31,-13.33183,-102.600289
2/21/2024,12:47:31,-13.33183,-102.600289
2/21/2024,12:47:32,-13.33183,-102.610289
2/21/2024,12:47:32,-13.34183,-102.620289
2/21/2024,12:47:32,-13.35183,-102.630289
2/21/2024,12:47:32,-13.35183,-102.640289
2/21/2024,12:47:32,-13.35183,-102.630289
2/21/2024,12:47:33,-13.35183,-102.610289
2/21/2024,12:47:33,-13.34183,-102.600289
2/21/2024,12:47:33,-13.34183,-102.590289
2/21/2024,12:47:33,-13.34183,-102.600289
2/21/2024,12:47:33,-13.34183,-102.600289
2/21/2024,12:47:34,-13.34183,-102.590289
2/21/2024,12:47:34,-13.34183,-102.590289
2/21/2024,12:47:34,-13.34183,-102.590289
2/21/2024,12:47:34,-13.34183,-102.590289
2/21/2024,12:47:34,-13.34183,-102.590289
2/21/2024,12:47:35,-13.34183,-102.600289
2/21/2024,12:47:35,-13.34183,-102.600289
2/21/2024,12:47:35,-13.34183,-102.580289
2/21/2024,12:47:35,-13.34183,-102.570289
2/21/2024,12:47:35,-13.33183,-102.550289
2/21/2024,12:47:36,-13.33183,-102.550289
2/21/2024,12:47:36,-13.33183,-102.560289
2/21/2024,12:47:36,-13.34183,-102.560289
2/21/2024,12:47:36,-13.34183,-102.560289
2/21/2024,12:47:36,-13.34183,-102.560289
2/21/2024,12:47:37,-13.33183,-102.550289
2/21/2024,12:47:37,-13.34183,-102.550289
2/21/2024,12:47:37,-13.34183,-102.550289
2/21/2024,12:47:37,-13.33183,-102.550289
2/21/2024,12:47:37,-13.33183,-102.560289
2/21/2024,12:47:38,-13.33183,-102.550289
2/21/2024,12:47:38,-13.33183,-102.550289
2/21/2024,12:47:38,-13.33183,-102.540289
2/21/2024,12:47:38,-13.33183,-102.540289
2/21/2024,12:47:38,-13.32183,-102.540289
2/21/2024,12:47:39,-13.32183,-102.540289
2/21/2024,12:47:39,-13.32183,-102.550289
2/21/2024,12:47:39,-13.32183,-102.550289
2/21/2024,12:47:39,-13.32183,-102.550289
2/21/2024,12:47:39,-13.31183,-102.550289
2/21/2024,12:47:40,-13.31183,-102.550289
2/21/2024,12:47:40,-13.31183,-102.550289
2/21/2024,12:47:40,-13.30183,-102.550289
2/21/2024,12:47:40,-13.30183,-102.550289
2/21/2024,12:47:40,-13.30183,-102.540289
2/21/2024,12:47:41,-13.30183,-102.540289
2/21/2024,12:47:41,-13.30183,-102.530289
2/21/2024,12:47:41,-13.30183,-102.530289
2/21/2024,12:47:41,-13.30183,-102.540289
2/21/2024,12:47:41,-13.30183,-102.540289
2/21/2024,12:47:42,-13.30183,-102.550289
2/21/2024,12:47:42,-13.31183,-102.550289
2/21/2024,12:47:42,-13.31183,-102.550289
2/21/2024,12:47:42,-13.31183,-102.550289
2/21/2024,12:47:42,-13.31183,-102.550289
2/21/2024,12:47:43,-13.31183,-102.540289
2/21/2024,12:47:43,-13.31183,-102.530289
2/21/2024,12:47:43,-13.31183,-102.510289
2/21/2024,12:47:43,-13.31183,-102.510289
2/21/2024,12:47:43,-13.31183,-102.510289
2/21/2024,12:47:44,-13.31183,-102.520289
2/21/2024,12:47:44,-13.33183,-102.530289
2/21/2024,12:47:44,-13.34183,-102.550289
2/21/2024,12:47:44,-13.34183,-102.560289
2/21/2024,12:47:44,-13.35183,-102.560289
2/21/2024,12:47:45,-13.35183,-102.530289
2/21/2024,12:47:45,-13.35183,-102.510289
2/21/2024,12:47:45,-13.34183,-102.490289
2/21/2024,12:47:45,-13.33183,-102.490289
2/21/2024,12:47:45,-13.34183,-102.490289
2/21/2024,12:47:46,-13.34183,-102.500289
2/21/2024,12:47:46,-13.35183,-102.510289
2/21/2024,12:47:46,-13.36183,-102.540289
2/21/2024,12:47:46,-13.36183,-102.550289
2/21/2024,12:47:46,-13.36183,-102.550289
2/21/2024,12:47:47,-13.36183,-102.530289
2/21/2024,12:47:47,-13.37183,-102.500289
2/21/2024,12:47:47,-13.35183,-102.480289
2/21/2024,12:47:47,-13.34183,-102.480289
2/21/2024,12:47:47,-13.34183,-102.480289
2/21/2024,12:47:48,-13.34183,-102.490289
2/21/2024,12:47:48,-13.35183,-102.510289
2/21/2024,12:47:48,-13.36183,-102.530289
2/21/2024,12:47:48,-13.36183,-102.550289
2/21/2024,12:47:48,-13.36183,-102.550289
2/21/2024,12:47:49,-13.36183,-102.530289
2/21/2024,12:47:49,-13.36183,-102.510289
2/21/2024,12:47:49,-13.34183,-102.490289
2/21/2024,12:47:49,-13.33183,-102.490289
2/21/2024,12:47:49,-13.33183,-102.490289
2/21/2024,12:47:50,-13.33183,-102.500289
2/21/2024,12:47:50,-13.34183,-102.510289
2/21/2024,12:47:50,-13.35183,-102.540289
2/21/2024,12:47:50,-13.35183,-102.550289
2/21/2024,12:47:50,-13.36183,-102.550289
2/21/2024,12:47:51,-13.35183,-102.540289
2/21/2024,12:47:51,-13.35183,-102.520289
2/21/2024,12:47:51,-13.34183,-102.510289
2/21/2024,12:47:51,-13.33183,-102.510289
2/21/2024,12:47:51,-13.33183,-102.510289
2/21/2024,12:47:52,-13.34183,-102.520289
2/21/2024,12:47:52,-13.35183,-102.530289
2/21/2024,12:47:52,-13.36183,-102.540289
2/21/2024,12:47:52,-13.36183,-102.550289
2/21/2024,12:47:52,-13.37183,-102.560289
2/21/2024,12:47:53,-13.37183,-102.550289
2/21/2024,12:47:53,-13.36183,-102.540289
2/21/2024,12:47:53,-13.36183,-102.530289
2/21/2024,12:47:53,-13.36183,-102.530289
2/21/2024,12:47:53,-13.35183,-102.530289
2/21/2024,12:47:54,-13.35183,-102.540289
2/21/2024,12:47:54,-13.35183,-102.550289
2/21/2024,12:47:54,-13.35183,-102.560289
2/21/2024,12:47:54,-13.35183,-102.570289
2/21/2024,12:47:54,-13.35183,-102.570289
2/21/2024,12:47:55,-13.36183,-102.580289
2/21/2024,12:47:55,-13.35183,-102.580289
2/21/2024,12:47:55,-13.35183,-102.580289
2/21/2024,12:47:55,-13.34183,-102.570289
2/21/2024,12:47:55,-13.34183,-102.570289
2/21/2024,12:47:56,-13.33183,-102.580289
2/21/2024,12:47:56,-13.33183,-102.580289
2/21/2024,12:47:56,-13.33183,-102.580289
2/21/2024,12:47:56,-13.33183,-102.590289
2/21/2024,12:47:56,-13.33183,-102.590289
2/21/2024,12:47:57,-13.32183,-102.600289
2/21/2024,12:47:57,-13.33183,-102.610289
2/21/2024,12:47:57,-13.33183,-102.620289
2/21/2024,12:47:57,-13.32183,-102.620289
2/21/2024,12:47:57,-13.32183,-102.620289
2/21/2024,12:47:58,-13.31183,-102.610289
2/21/2024,12:47:58,-13.30183,-102.600289
2/21/2024,12:47:58,-13.30183,-102.600289
2/21/2024,12:47:58,-13.30183,-102.600289
2/21/2024,12:47:58,-13.30183,-102.610289
2/21/2024,12:47:59,-13.30183,-102.610289
2/21/2024,12:47:59,-13.29183,-102.610289
2/21/2024,12:47:59,-13.30183,-102.620289
2/21/2024,12:47:59,-13.30183,-102.620289
2/21/2024,12:47:59,-13.30183,-102.620289
2/21/2024,12:48:00,-13.30183,-102.630289
2/21/2024,12:48:00,-13.30183,-102.620289
2/21/2024,12:48:00,-13.30183,-102.620289
2/21/2024,12:48:00,-13.30183,-102.610289
2/21/2024,12:48:00,-13.31183,-102.610289
2/21/2024,12:48:01,-13.31183,-102.610289
2/21/2024,12:48:01,-13.31183,-102.610289
2/21/2024,12:48:01,-13.31183,-102.610289
2/21/2024,12:48:01,-13.31183,-102.620289
2/21/2024,12:48:01,-13.32183,-102.620289
2/21/2024,12:48:02,-13.33183,-102.630289
2/21/2024,12:48:02,-13.33183,-102.630289
2/21/2024,12:48:02,-13.34183,-102.640289
2/21/2024,12:48:02,-13.34183,-102.640289
2/21/2024,12:48:02,-13.34183,-102.630289
2/21/2024,12:48:03,-13.34183,-102.620289
2/21/2024,12:48:03,-13.34183,-102.610289
2/21/2024,12:48:03,-13.34183,-102.610289
2/21/2024,12:48:03,-13.34183,-102.620289
2/21/2024,12:48:03,-13.34183,-102.620289
2/21/2024,12:48:04,-13.35183,-102.630289
2/21/2024,12:48:04,-13.35183,-102.650289
2/21/2024,12:48:04,-13.36183,-102.650289
2/21/2024,12:48:04,-13.36183,-102.650289
2/21/2024,12:48:04,-13.36183,-102.650289
2/21/2024,12:48:05,-13.35183,-102.640289
2/21/2024,12:48:05,-13.35183,-102.640289
2/21/2024,12:48:05,-13.34183,-102.650289
2/21/2024,12:48:05,-13.34183,-102.650289
2/21/2024,12:48:05,-13.34183,-102.650289
2/21/2024,12:48:06,-13.34183,-102.650289
2/21/2024,12:48:06,-13.34183,-102.660289
2/21/2024,12:48:06,-13.34183,-102.650289
2/21/2024,12:48:06,-13.34183,-102.660289
2/21/2024,12:48:06,-13.34183,-102.660289
2/21/2024,12:48:07,-13.34183,-102.670289
2/21/2024,12:48:07,-13.34183,-102.670289
2/21/2024,12:48:07,-13.34183,-102.670289
2/21/2024,12:48:07,-13.34183,-102.670289
2/21/2024,12:48:07,-13.33183,-102.670289
2/21/2024,12:48:08,-13.33183,-102.670289
2/21/2024,12:48:08,-13.33183,-102.670289
2/21/2024,12:48:08,-13.33183,-102.660289
2/21/2024,12:48:08,-13.33183,-102.660289
2/21/2024,12:48:08,-13.33183,-102.660289
2/21/2024,12:48:09,-13.33183,-102.660289
2/21/2024,12:48:09,-13.33183,-102.660289
2/21/2024,12:48:09,-13.33183,-102.670289
2/21/2024,12:48:09,-13.34183,-102.680289
2/21/2024,12:48:09,-13.34183,-102.680289
2/21/2024,12:48:10,-13.34183,-102.680289
2/21/2024,12:48:10,-13.34183,-102.670289
2/21/2024,12:48:10,-13.34183,-102.660289
2/21/2024,12:48:10,-13.35183,-102.650289
2/21/2024,12:48:10,-13.35183,-102.650289
2/21/2024,12:48:11,-13.35183,-102.650289
2/21/2024,12:48:11,-13.35183,-102.650289
2/21/2024,12:48:11,-13.35183,-102.660289
2/21/2024,12:48:11,-13.36183,-102.660289
2/21/2024,12:48:11,-13.37183,-102.670289
2/21/2024,12:48:12,-13.37183,-102.680289
2/21/2024,12:48:12,-13.37183,-102.680289
2/21/2024,12:48:12,-13.37183,-102.670289
2/21/2024,12:48:12,-13.37183,-102.660289
2/21/2024,12:48:12,-13.36183,-102.650289
2/21/2024,12:48:13,-13.36183,-102.650289
2/21/2024,12:48:13,-13.35183,-102.650289
2/21/2024,12:48:13,-13.35183,-102.650289
2/21/2024,12:48:13,-13.35183,-102.660289
2/21/2024,12:48:13,-13.35183,-102.660289
2/21/2024,12:48:14,-13.35183,-102.680289
2/21/2024,12:48:14,-13.36183,-102.680289
2/21/2024,12:48:14,-13.36183,-102.680289
2/21/2024,12:48:14,-13.35183,-102.680289
2/21/2024,12:48:14,-13.35183,-102.660289
2/21/2024,12:48:15,-13.34183,-102.650289
2/21/2024,12:48:15,-13.34183,-102.650289
2/21/2024,12:48:15,-13.33183,-102.660289
2/21/2024,12:48:15,-13.33183,-102.670289
2/21/2024,12:48:15,-13.33183,-102.670289
2/21/2024,12:48:16,-13.33183,-102.670289
2/21/2024,12:48:16,-13.33183,-102.680289
2/21/2024,12:48:16,-13.33183,-102.680289
2/21/2024,12:48:16,-13.33183,-102.680289
2/21/2024,12:48:16,-13.32183,-102.670289
2/21/2024,12:48:17,-13.32183,-102.670289
2/21/2024,12:48:17,-13.31183,-102.660289
2/21/2024,12:48:17,-13.31183,-102.670289
2/21/2024,12:48:17,-13.31183,-102.670289
2/21/2024,12:48:17,-13.31183,-102.680289
2/21/2024,12:48:18,-13.32183,-102.690289
2/21/2024,12:48:18,-13.32183,-102.690289
2/21/2024,12:48:18,-13.32183,-102.680289
2/21/2024,12:48:18,-13.31183,-102.670289
2/21/2024,12:48:18,-13.31183,-102.660289
2/21/2024,12:48:19,-13.31183,-102.660289
2/21/2024,12:48:19,-13.30183,-102.660289
2/21/2024,12:48:19,-13.30183,-102.660289
2/21/2024,12:48:19,-13.30183,-102.670289
2/21/2024,12:48:19,-13.31183,-102.670289
2/21/2024,12:48:20,-13.31183,-102.680289
2/21/2024,12:48:20,-13.32183,-102.690289
2/21/2024,12:48:20,-13.32183,-102.690289
2/21/2024,12:48:20,-13.31183,-102.680289
2/21/2024,12:48:20,-13.31183,-102.660289
2/21/2024,12:48:21,-13.31183,-102.650289
2/21/2024,12:48:21,-13.30183,-102.650289
2/21/2024,12:48:21,-13.30183,-102.660289
2/21/2024,12:48:21,-13.30183,-102.670289
2/21/2024,12:48:21,-13.32183,-102.670289
2/21/2024,12:48:22,-13.32183,-102.680289
2/21/2024,12:48:22,-13.32183,-102.680289
2/21/2024,12:48:22,-13.31183,-102.670289
2/21/2024,12:48:22,-13.32183,-102.650289
2/21/2024,12:48:22,-13.31183,-102.640289
2/21/2024,12:48:23,-13.31183,-102.640289
2/21/2024,12:48:23,-13.31183,-102.640289
2/21/2024,12:48:23,-13.31183,-102.650289
2/21/2024,12:48:23,-13.32183,-102.650289
2/21/2024,12:48:23,-13.33183,-102.660289
2/21/2024,12:48:24,-13.33183,-102.660289
2/21/2024,12:48:24,-13.33183,-102.660289
2/21/2024,12:48:24,-13.33183,-102.640289
2/21/2024,12:48:24,-13.33183,-102.630289
2/21/2024,12:48:24,-13.33183,-102.630289
2/21/2024,12:48:25,-13.34183,-102.630289
2/21/2024,12:48:25,-13.34183,-102.630289
2/21/2024,12:48:25,-13.34183,-102.640289
2/21/2024,12:48:25,-13.35183,-102.640289
2/21/2024,12:48:25,-13.35183,-102.640289
2/21/2024,12:48:26,-13.35183,-102.640289
2/21/2024,12:48:26,-13.35183,-102.640289
2/21/2024,12:48:26,-13.35183,-102.630289
2/21/2024,12:48:26,-13.35183,-102.620289
2/21/2024,12:48:26,-13.35183,-102.620289
2/21/2024,12:48:27,-13.35183,-102.630289
2/21/2024,12:48:27,-13.35183,-102.630289
2/21/2024,12:48:27,-13.35183,-102.640289
2/21/2024,12:48:27,-13.36183,-102.650289
2/21/2024,12:48:27,-13.36183,-102.650289
2/21/2024,12:48:28,-13.36183,-102.650289
2/21/2024,12:48:28,-13.36183,-102.640289
2/21/2024,12:48:28,-13.36183,-102.620289
2/21/2024,12:48:28,-13.35183,-102.620289
2/21/2024,12:48:28,-13.35183,-102.620289
2/21/2024,12:48:29,-13.35183,-102.630289
2/21/2024,12:48:29,-13.35183,-102.640289
2/21/2024,12:48:29,-13.35183,-102.650289
2/21/2024,12:48:29,-13.35183,-102.650289
2/21/2024,12:48:29,-13.35183,-102.640289
2/21/2024,12:48:30,-13.35183,-102.640289
2/21/2024,12:48:30,-13.35183,-102.630289
2/21/2024,12:48:30,-13.34183,-102.630289
2/21/2024,12:48:30,-13.34183,-102.640289
2/21/2024,12:48:30,-13.34183,-102.640289
2/21/2024,12:48:31,-13.34183,-102.630289
2/21/2024,12:48:31,-13.33183,-102.630289
2/21/2024,12:48:31,-13.33183,-102.630289
2/21/2024,12:48:31,-13.33183,-102.630289
2/21/2024,12:48:31,-13.33183,-102.630289
2/21/2024,12:48:32,-13.34183,-102.640289
2/21/2024,12:48:32,-13.34183,-102.640289
2/21/2024,12:48:32,-13.35183,-102.640289
2/21/2024,12:48:32,-13.35183,-102.640289
2/21/2024,12:48:32,-13.35183,-102.640289
2/21/2024,12:48:33,-13.34183,-102.630289
2/21/2024,12:48:33,-13.33183,-102.630289
2/21/2024,12:48:33,-13.33183,-102.620289
2/21/2024,12:48:33,-13.33183,-102.610289
2/21/2024,12:48:33,-13.33183,-102.610289
2/21/2024,12:48:34,-13.33183,-102.610289
2/21/2024,12:48:34,-13.34183,-102.620289
2/21/2024,12:48:34,-13.35183,-102.630289
2/21/2024,12:48:34,-13.35183,-102.640289
2/21/2024,12:48:34,-13.35183,-102.650289
2/21/2024,12:48:35,-13.35183,-102.650289
2/21/2024,12:48:35,-13.35183,-102.640289
2/21/2024,12:48:35,-13.35183,-102.630289
2/21/2024,12:48:35,-13.34183,-102.620289
2/21/2024,12:48:35,-13.33183,-102.620289
2/21/2024,12:48:36,-13.33183,-102.620289
2/21/2024,12:48:36,-13.34183,-102.620289
2/21/2024,12:48:36,-13.33183,-102.620289
2/21/2024,12:48:36,-13.33183,-102.630289
2/21/2024,12:48:36,-13.34183,-102.640289
2/21/2024,12:48:37,-13.34183,-102.640289
2/21/2024,12:48:37,-13.34183,-102.650289
2/21/2024,12:48:37,-13.33183,-102.650289
2/21/2024,12:48:37,-13.33183,-102.640289
2/21/2024,12:48:37,-13.32183,-102.630289
2/21/2024,12:48:38,-13.32183,-102.620289
2/21/2024,12:48:38,-13.31183,-102.620289
2/21/2024,12:48:38,-13.31183,-102.620289
2/21/2024,12:48:38,-13.32183,-102.620289
2/21/2024,12:48:38,-13.33183,-102.630289
2/21/2024,12:48:39,-13.33183,-102.640289
2/21/2024,12:48:39,-13.34183,-102.640289
2/21/2024,12:48:39,-13.34183,-102.650289
2/21/2024,12:48:39,-13.34183,-102.650289
2/21/2024,12:48:39,-13.34183,-102.640289
2/21/2024,12:48:40,-13.33183,-102.630289
2/21/2024,12:48:40,-13.33183,-102.620289
2/21/2024,12:48:40,-13.33183,-102.620289
2/21/2024,12:48:40,-13.33183,-102.620289
2/21/2024,12:48:40,-13.33183,-102.620289
2/21/2024,12:48:41,-13.33183,-102.620289
2/21/2024,12:48:41,-13.34183,-102.630289
2/21/2024,12:48:41,-13.35183,-102.640289
2/21/2024,12:48:41,-13.35183,-102.650289
2/21/2024,12:48:41,-13.34183,-102.650289
2/21/2024,12:48:42,-13.34183,-102.630289
2/21/2024,12:48:42,-13.33183,-102.620289
2/21/2024,12:48:42,-13.33183,-102.610289
2/21/2024,12:48:42,-13.32183,-102.600289
2/21/2024,12:48:42,-13.32183,-102.600289
2/21/2024,12:48:43,-13.33183,-102.610289
2/21/2024,12:48:43,-13.32183,-102.610289
2/21/2024,12:48:43,-13.33183,-102.620289
2/21/2024,12:48:43,-13.33183,-102.630289
2/21/2024,12:48:43,-13.33183,-102.630289
2/21/2024,12:48:44,-13.33183,-102.620289
2/21/2024,12:48:44,-13.33183,-102.610289
2/21/2024,12:48:44,-13.33183,-102.600289
2/21/2024,12:48:44,-13.33183,-102.590289
2/21/2024,12:48:44,-13.32183,-102.590289
2/21/2024,12:48:45,-13.33183,-102.590289
2/21/2024,12:48:45,-13.33183,-102.600289
2/21/2024,12:48:45,-13.34183,-102.600289
2/21/2024,12:48:45,-13.34183,-102.600289
2/21/2024,12:48:45,-13.34183,-102.600289
2/21/2024,12:48:46,-13.34183,-102.600289
2/21/2024,12:48:46,-13.34183,-102.600289
2/21/2024,12:48:46,-13.34183,-102.590289
2/21/2024,12:48:46,-13.34183,-102.590289
2/21/2024,12:48:46,-13.34183,-102.580289
2/21/2024,12:48:47,-13.34183,-102.570289
2/21/2024,12:48:47,-13.34183,-102.570289
2/21/2024,12:48:47,-13.34183,-102.580289
2/21/2024,12:48:47,-13.34183,-102.590289
2/21/2024,12:48:47,-13.35183,-102.600289
2/21/2024,12:48:48,-13.35183,-102.610289
2/21/2024,12:48:48,-13.35183,-102.610289
2/21/2024,12:48:48,-13.35183,-102.610289
2/21/2024,12:48:48,-13.35183,-102.590289
2/21/2024,12:48:48,-13.34183,-102.590289
2/21/2024,12:48:49,-13.34183,-102.580289
2/21/2024,12:48:49,-13.33183,-102.580289
2/21/2024,12:48:49,-13.34183,-102.580289
2/21/2024,12:48:49,-13.33183,-102.590289
2/21/2024,12:48:49,-13.34183,-102.600289
2/21/2024,12:48:50,-13.34183,-102.620289
2/21/2024,12:48:50,-13.35183,-102.620289
2/21/2024,12:48:50,-13.35183,-102.620289
2/21/2024,12:48:50,-13.34183,-102.610289
2/21/2024,12:48:50,-13.33183,-102.600289
2/21/2024,12:48:51,-13.33183,-102.600289
2/21/2024,12:48:51,-13.33183,-102.590289
2/21/2024,12:48:51,-13.31183,-102.590289
2/21/2024,12:48:51,-13.31183,-102.590289
2/21/2024,12:48:51,-13.31183,-102.600289
2/21/2024,12:48:52,-13.31183,-102.610289
2/21/2024,12:48:52,-13.32183,-102.620289
2/21/2024,12:48:52,-13.33183,-102.630289
2/21/2024,12:48:52,-13.33183,-102.640289
2/21/2024,12:48:52,-13.32183,-102.640289
2/21/2024,12:48:53,-13.31183,-102.620289
2/21/2024,12:48:53,-13.30183,-102.600289
2/21/2024,12:48:53,-13.29183,-102.590289
2/21/2024,12:48:53,-13.29183,-102.600289
2/21/2024,12:48:53,-13.29183,-102.600289
2/21/2024,12:48:54,-13.30183,-102.610289
2/21/2024,12:48:54,-13.31183,-102.620289
2/21/2024,12:48:54,-13.31183,-102.620289
2/21/2024,12:48:54,-13.31183,-102.630289
2/21/2024,12:48:54,-13.31183,-102.620289
2/21/2024,12:48:55,-13.31183,-102.610289
2/21/2024,12:48:55,-13.30183,-102.600289
2/21/2024,12:48:55,-13.31183,-102.590289
2/21/2024,12:48:55,-13.31183,-102.590289
2/21/2024,12:48:55,-13.31183,-102.600289
2/21/2024,12:48:56,-13.30183,-102.600289
2/21/2024,12:48:56,-13.31183,-102.600289
2/21/2024,12:48:56,-13.31183,-102.600289
2/21/2024,12:48:56,-13.31183,-102.610289
2/21/2024,12:48:56,-13.32183,-102.610289
2/21/2024,12:48:57,-13.32183,-102.610289
2/21/2024,12:48:57,-13.31183,-102.600289
2/21/2024,12:48:57,-13.31183,-102.590289
2/21/2024,12:48:57,-13.31183,-102.580289
2/21/2024,12:48:57,-13.31183,-102.580289
2/21/2024,12:48:58,-13.31183,-102.590289
2/21/2024,12:48:58,-13.31183,-102.600289
2/21/2024,12:48:58,-13.32183,-102.600289
2/21/2024,12:48:58,-13.32183,-102.600289
2/21/2024,12:48:58,-13.31183,-102.600289
2/21/2024,12:48:59,-13.31183,-102.600289
2/21/2024,12:48:59,-13.32183,-102.600289
2/21/2024,12:48:59,-13.31183,-102.600289
2/21/2024,12:48:59,-13.32183,-102.600289
2/21/2024,12:48:59,-13.32183,-102.610289
2/21/2024,12:49:00,-13.32183,-102.610289
2/21/2024,12:49:00,-13.32183,-102.610289
2/21/2024,12:49:00,-13.33183,-102.610289
2/21/2024,12:49:00,-13.33183,-102.610289
2/21/2024,12:49:00,-13.33183,-102.620289
2/21/2024,12:49:01,-13.33183,-102.620289
2/21/2024,12:49:01,-13.33183,-102.620289
2/21/2024,12:49:01,-13.33183,-102.610289
2/21/2024,12:49:01,-13.33183,-102.610289
2/21/2024,12:49:01,-13.33183,-102.610289
2/21/2024,12:49:02,-13.33183,-102.620289
2/21/2024,12:49:02,-13.33183,-102.630289
2/21/2024,12:49:02,-13.34183,-102.640289
2/21/2024,12:49:02,-13.34183,-102.650289
2/21/2024,12:49:02,-13.34183,-102.660289
2/21/2024,12:49:03,-13.34183,-102.650289
2/21/2024,12:49:03,-13.33183,-102.640289
2/21/2024,12:49:03,-13.33183,-102.630289
2/21/2024,12:49:03,-13.32183,-102.630289
2/21/2024,12:49:03,-13.32183,-102.640289
2/21/2024,12:49:04,-13.33183,-102.640289
2/21/2024,12:49:04,-13.32183,-102.650289
2/21/2024,12:49:04,-13.33183,-102.660289
2/21/2024,12:49:04,-13.33183,-102.670289
2/21/2024,12:49:04,-13.33183,-102.680289
2/21/2024,12:49:05,-13.33183,-102.680289
2/21/2024,12:49:05,-13.32183,-102.670289
2/21/2024,12:49:05,-13.31183,-102.650289
2/21/2024,12:49:05,-13.31183,-102.650289
2/21/2024,12:49:05,-13.30183,-102.650289
2/21/2024,12:49:06,-13.30183,-102.660289
2/21/2024,12:49:06,-13.31183,-102.670289
2/21/2024,12:49:06,-13.32183,-102.680289
2/21/2024,12:49:06,-13.32183,-102.690289
2/21/2024,12:49:06,-13.32183,-102.690289
2/21/2024,12:49:07,-13.31183,-102.680289
2/21/2024,12:49:07,-13.31183,-102.670289
2/21/2024,12:49:07,-13.31183,-102.660289
2/21/2024,12:49:07,-13.31183,-102.660289
2/21/2024,12:49:07,-13.31183,-102.670289
2/21/2024,12:49:08,-13.31183,-102.670289
2/21/2024,12:49:08,-13.32183,-102.680289
2/21/2024,12:49:08,-13.32183,-102.690289
2/21/2024,12:49:08,-13.33183,-102.690289
2/21/2024,12:49:08,-13.33183,-102.700289
2/21/2024,12:49:09,-13.33183,-102.690289
2/21/2024,12:49:09,-13.33183,-102.690289
2/21/2024,12:49:09,-13.33183,-102.680289
2/21/2024,12:49:09,-13.33183,-102.680289
2/21/2024,12:49:09,-13.33183,-102.680289
2/21/2024,12:49:10,-13.32183,-102.680289
2/21/2024,12:49:10,-13.32183,-102.690289
2/21/2024,12:49:10,-13.33183,-102.690289
2/21/2024,12:49:10,-13.34183,-102.700289
2/21/2024,12:49:10,-13.34183,-102.710289
2/21/2024,12:49:11,-13.34183,-102.720289
2/21/2024,12:49:11,-13.33183,-102.710289
2/21/2024,12:49:11,-13.32183,-102.710289
2/21/2024,12:49:11,-13.32183,-102.700289
2/21/2024,12:49:11,-13.32183,-102.700289
2/21/2024,12:49:12,-13.31183,-102.700289
2/21/2024,12:49:12,-13.32183,-102.710289
2/21/2024,12:49:12,-13.32183,-102.720289
2/21/2024,12:49:12,-13.33183,-102.720289
2/21/2024,12:49:12,-13.33183,-102.730289
2/21/2024,12:49:13,-13.33183,-102.740289
2/21/2024,12:49:13,-13.33183,-102.740289
2/21/2024,12:49:13,-13.33183,-102.730289
2/21/2024,12:49:13,-13.32183,-102.710289
2/21/2024,12:49:13,-13.32183,-102.710289
2/21/2024,12:49:14,-13.32183,-102.720289
2/21/2024,12:49:14,-13.32183,-102.720289
2/21/2024,12:49:14,-13.32183,-102.730289
2/21/2024,12:49:14,-13.32183,-102.730289
2/21/2024,12:49:14,-13.33183,-102.740289
2/21/2024,12:49:15,-13.32183,-102.740289
2/21/2024,12:49:15,-13.32183,-102.730289
2/21/2024,12:49:15,-13.31183,-102.720289
2/21/2024,12:49:15,-13.31183,-102.710289
2/21/2024,12:49:15,-13.31183,-102.710289
2/21/2024,12:49:16,-13.31183,-102.720289
2/21/2024,12:49:16,-13.32183,-102.720289
2/21/2024,12:49:16,-13.33183,-102.730289
2/21/2024,12:49:16,-13.33183,-102.730289
2/21/2024,12:49:16,-13.33183,-102.730289
2/21/2024,12:49:17,-13.32183,-102.720289
2/21/2024,12:49:17,-13.33183,-102.710289
2/21/2024,12:49:17,-13.33183,-102.700289
2/21/2024,12:49:17,-13.33183,-102.700289
2/21/2024,12:49:17,-13.33183,-102.700289
2/21/2024,12:49:18,-13.34183,-102.700289
2/21/2024,12:49:18,-13.34183,-102.710289
2/21/2024,12:49:18,-13.36183,-102.720289
2/21/2024,12:49:18,-13.36183,-102.720289
2/21/2024,12:49:18,-13.37183,-102.720289
2/21/2024,12:49:19,-13.36183,-102.700289
2/21/2024,12:49:19,-13.36183,-102.690289
2/21/2024,12:49:19,-13.35183,-102.680289
2/21/2024,12:49:19,-13.35183,-102.690289
2/21/2024,12:49:19,-13.35183,-102.690289
2/21/2024,12:49:20,-13.35183,-102.690289
2/21/2024,12:49:20,-13.35183,-102.690289
2/21/2024,12:49:20,-13.35183,-102.700289
2/21/2024,12:49:20,-13.35183,-102.700289
2/21/2024,12:49:20,-13.36183,-102.710289
2/21/2024,12:49:21,-13.36183,-102.710289
2/21/2024,12:49:21,-13.35183,-102.700289
2/21/2024,12:49:21,-13.35183,-102.690289
2/21/2024,12:49:21,-13.34183,-102.680289
2/21/2024,12:49:21,-13.33183,-102.680289
2/21/2024,12:49:22,-13.33183,-102.690289
2/21/2024,12:49:22,-13.33183,-102.690289
2/21/2024,12:49:22,-13.33183,-102.690289
2/21/2024,12:49:22,-13.33183,-102.690289
2/21/2024,12:49:22,-13.33183,-102.690289
2/21/2024,12:49:23,-13.33183,-102.700289
2/21/2024,12:49:23,-13.33183,-102.700289
2/21/2024,12:49:23,-13.33183,-102.690289
2/21/2024,12:49:23,-13.32183,-102.690289
2/21/2024,12:49:23,-13.32183,-102.680289
2/21/2024,12:49:24,-13.32183,-102.670289
2/21/2024,12:49:24,-13.32183,-102.670289
2/21/2024,12:49:24,-13.32183,-102.680289
2/21/2024,12:49:24,-13.32183,-102.680289
2/21/2024,12:49:24,-13.33183,-102.690289
2/21/2024,12:49:25,-13.33183,-102.690289
2/21/2024,12:49:25,-13.33183,-102.690289
2/21/2024,12:49:25,-13.32183,-102.680289
2/21/2024,12:49:25,-13.32183,-102.670289
2/21/2024,12:49:25,-13.32183,-102.670289
2/21/2024,12:49:26,-13.31183,-102.670289
2/21/2024,12:49:26,-13.31183,-102.670289
2/21/2024,12:49:26,-13.32183,-102.670289
2/21/2024,12:49:26,-13.32183,-102.680289
2/21/2024,12:49:26,-13.32183,-102.680289
2/21/2024,12:49:27,-13.32183,-102.690289
2/21/2024,12:49:27,-13.32183,-102.690289
2/21/2024,12:49:27,-13.32183,-102.680289
2/21/2024,12:49:27,-13.32183,-102.670289
2/21/2024,12:49:27,-13.32183,-102.660289
2/21/2024,12:49:28,-13.31183,-102.660289
2/21/2024,12:49:28,-13.30183,-102.660289
2/21/2024,12:49:28,-13.30183,-102.670289
2/21/2024,12:49:28,-13.31183,-102.670289
2/21/2024,12:49:28,-13.31183,-102.680289
2/21/2024,12:49:29,-13.31183,-102.670289
2/21/2024,12:49:29,-13.31183,-102.670289
2/21/2024,12:49:29,-13.30183,-102.660289
2/21/2024,12:49:29,-13.30183,-102.660289
2/21/2024,12:49:29,-13.30183,-102.650289
2/21/2024,12:49:30,-13.30183,-102.650289
2/21/2024,12:49:30,-13.30183,-102.650289
2/21/2024,12:49:30,-13.30183,-102.660289
2/21/2024,12:49:30,-13.30183,-102.660289
2/21/2024,12:49:30,-13.31183,-102.660289
2/21/2024,12:49:31,-13.31183,-102.660289
2/21/2024,12:49:31,-13.32183,-102.660289
2/21/2024,12:49:31,-13.32183,-102.660289
2/21/2024,12:49:31,-13.32183,-102.650289
2/21/2024,12:49:31,-13.32183,-102.640289
2/21/2024,12:49:32,-13.32183,-102.640289
2/21/2024,12:49:32,-13.32183,-102.640289
2/21/2024,12:49:32,-13.32183,-102.650289
2/21/2024,12:49:32,-13.32183,-102.660289
2/21/2024,12:49:32,-13.33183,-102.670289
2/21/2024,12:49:33,-13.34183,-102.670289
2/21/2024,12:49:33,-13.34183,-102.670289
2/21/2024,12:49:33,-13.34183,-102.670289
2/21/2024,12:49:33,-13.34183,-102.660289
2/21/2024,12:49:33,-13.34183,-102.650289
2/21/2024,12:49:34,-13.34183,-102.650289
2/21/2024,12:49:34,-13.33183,-102.650289
2/21/2024,12:49:34,-13.34183,-102.660289
2/21/2024,12:49:34,-13.34183,-102.670289
2/21/2024,12:49:34,-13.34183,-102.680289
2/21/2024,12:49:35,-13.35183,-102.690289
2/21/2024,12:49:35,-13.35183,-102.690289
2/21/2024,12:49:35,-13.35183,-102.700289
2/21/2024,12:49:35,-13.35183,-102.690289
2/21/2024,12:49:35,-13.35183,-102.680289
2/21/2024,12:49:36,-13.34183,-102.670289
2/21/2024,12:49:36,-13.33183,-102.670289
2/21/2024,12:49:36,-13.33183,-102.670289
2/21/2024,12:49:36,-13.33183,-102.680289
2/21/2024,12:49:36,-13.33183,-102.690289
2/21/2024,12:49:37,-13.34183,-102.700289
2/21/2024,12:49:37,-13.35183,-102.710289
2/21/2024,12:49:37,-13.35183,-102.710289
2/21/2024,12:49:37,-13.35183,-102.710289
2/21/2024,12:49:37,-13.34183,-102.700289
2/21/2024,12:49:38,-13.33183,-102.690289
2/21/2024,12:49:38,-13.33183,-102.680289
2/21/2024,12:49:38,-13.33183,-102.670289
2/21/2024,12:49:38,-13.32183,-102.670289
2/21/2024,12:49:38,-13.32183,-102.680289
2/21/2024,12:49:39,-13.32183,-102.690289
2/21/2024,12:49:39,-13.33183,-102.700289
2/21/2024,12:49:39,-13.33183,-102.720289
2/21/2024,12:49:39,-13.33183,-102.710289
2/21/2024,12:49:39,-13.32183,-102.700289
2/21/2024,12:49:40,-13.31183,-102.680289
2/21/2024,12:49:40,-13.31183,-102.670289
2/21/2024,12:49:40,-13.31183,-102.670289
2/21/2024,12:49:40,-13.31183,-102.670289
2/21/2024,12:49:40,-13.32183,-102.670289
2/21/2024,12:49:41,-13.32183,-102.680289
2/21/2024,12:49:41,-13.33183,-102.680289
2/21/2024,12:49:41,-13.33183,-102.690289
2/21/2024,12:49:41,-13.34183,-102.680289
2/21/2024,12:49:41,-13.34183,-102.680289
2/21/2024,12:49:42,-13.34183,-102.670289
2/21/2024,12:49:42,-13.33183,-102.660289
2/21/2024,12:49:42,-13.34183,-102.660289
2/21/2024,12:49:42,-13.34183,-102.650289
2/21/2024,12:49:42,-13.34183,-102.650289
2/21/2024,12:49:43,-13.34183,-102.650289
2/21/2024,12:49:43,-13.34183,-102.660289
2/21/2024,12:49:43,-13.35183,-102.670289
2/21/2024,12:49:43,-13.36183,-102.670289
2/21/2024,12:49:43,-13.36183,-102.680289
2/21/2024,12:49:44,-13.36183,-102.670289
2/21/2024,12:49:44,-13.35183,-102.660289
2/21/2024,12:49:44,-13.35183,-102.650289
2/21/2024,12:49:44,-13.34183,-102.650289
2/21/2024,12:49:44,-13.34183,-102.650289
2/21/2024,12:49:45,-13.34183,-102.660289
2/21/2024,12:49:45,-13.35183,-102.660289
2/21/2024,12:49:45,-13.35183,-102.670289
2/21/2024,12:49:45,-13.35183,-102.670289
2/21/2024,12:49:45,-13.35183,-102.670289
2/21/2024,12:49:46,-13.35183,-102.670289
2/21/2024,12:49:46,-13.35183,-102.660289
2/21/2024,12:49:46,-13.34183,-102.660289
2/21/2024,12:49:46,-13.34183,-102.650289
2/21/2024,12:49:46,-13.34183,-102.660289
2/21/2024,12:49:47,-13.34183,-102.660289
2/21/2024,12:49:47,-13.33183,-102.660289
2/21/2024,12:49:47,-13.34183,-102.670289
2/21/2024,12:49:47,-13.34183,-102.670289
2/21/2024,12:49:47,-13.34183,-102.670289
2/21/2024,12:49:48,-13.34183,-102.670289
2/21/2024,12:49:48,-13.33183,-102.670289
2/21/2024,12:49:48,-13.33183,-102.660289
2/21/2024,12:49:48,-13.33183,-102.650289
2/21/2024,12:49:48,-13.32183,-102.650289
2/21/2024,12:49:49,-13.32183,-102.650289
2/21/2024,12:49:49,-13.32183,-102.660289
2/21/2024,12:49:49,-13.33183,-102.670289
2/21/2024,12:49:49,-13.33183,-102.670289
2/21/2024,12:49:49,-13.33183,-102.670289
2/21/2024,12:49:50,-13.32183,-102.670289
2/21/2024,12:49:50,-13.32183,-102.650289
2/21/2024,12:49:50,-13.31183,-102.640289
2/21/2024,12:49:50,-13.31183,-102.630289
2/21/2024,12:49:50,-13.31183,-102.620289
2/21/2024,12:49:51,-13.31183,-102.630289
2/21/2024,12:49:51,-13.32183,-102.640289
2/21/2024,12:49:51,-13.33183,-102.640289
2/21/2024,12:49:51,-13.34183,-102.650289
2/21/2024,12:49:51,-13.34183,-102.640289
2/21/2024,12:49:52,-13.33183,-102.630289
2/21/2024,12:49:52,-13.33183,-102.610289
2/21/2024,12:49:52,-13.34183,-102.600289
2/21/2024,12:49:52,-13.34183,-102.600289
2/21/2024,12:49:52,-13.34183,-102.600289
2/21/2024,12:49:53,-13.35183,-102.600289
2/21/2024,12:49:53,-13.36183,-102.600289
2/21/2024,12:49:53,-13.36183,-102.600289
2/21/2024,12:49:53,-13.37183,-102.600289
2/21/2024,12:49:53,-13.36183,-102.590289
2/21/2024,12:49:54,-13.36183,-102.580289
2/21/2024,12:49:54,-13.36183,-102.570289
2/21/2024,12:49:54,-13.36183,-102.560289
2/21/2024,12:49:54,-13.36183,-102.570289
2/21/2024,12:49:54,-13.36183,-102.570289
2/21/2024,12:49:55,-13.36183,-102.580289
2/21/2024,12:49:55,-13.37183,-102.590289
2/21/2024,12:49:55,-13.37183,-102.590289
2/21/2024,12:49:55,-13.36183,-102.580289
2/21/2024,12:49:55,-13.36183,-102.570289
2/21/2024,12:49:56,-13.36183,-102.570289
2/21/2024,12:49:56,-13.35183,-102.570289
2/21/2024,12:49:56,-13.35183,-102.580289
2/21/2024,12:49:56,-13.35183,-102.580289
2/21/2024,12:49:56,-13.35183,-102.580289
2/21/2024,12:49:57,-13.35183,-102.580289
2/21/2024,12:49:57,-13.35183,-102.580289
2/21/2024,12:49:57,-13.35183,-102.580289
2/21/2024,12:49:57,-13.35183,-102.570289
2/21/2024,12:49:57,-13.35183,-102.580289
2/21/2024,12:49:58,-13.34183,-102.570289
2/21/2024,12:49:58,-13.34183,-102.570289
2/21/2024,12:49:58,-13.34183,-102.570289
2/21/2024,12:49:58,-13.34183,-102.570289
2/21/2024,12:49:58,-13.34183,-102.580289
2/21/2024,12:49:59,-13.34183,-102.580289
2/21/2024,12:49:59,-13.34183,-102.580289
2/21/2024,12:49:59,-13.33183,-102.580289
2/21/2024,12:49:59,-13.33183,-102.570289
2/21/2024,12:49:59,-13.33183,-102.560289
2/21/2024,12:50:00,-13.32183,-102.550289
2/21/2024,12:50:00,-13.32183,-102.540289
2/21/2024,12:50:00,-13.31183,-102.550289
2/21/2024,12:50:00,-13.31183,-102.550289
2/21/2024,12:50:00,-13.32183,-102.560289
2/21/2024,12:50:01,-13.32183,-102.560289
2/21/2024,12:50:01,-13.33183,-102.570289
2/21/2024,12:50:01,-13.33183,-102.560289
2/21/2024,12:50:01,-13.32183,-102.550289
2/21/2024,12:50:01,-13.31183,-102.530289
2/21/2024,12:50:02,-13.31183,-102.520289
2/21/2024,12:50:02,-13.31183,-102.520289
2/21/2024,12:50:02,-13.31183,-102.520289
2/21/2024,12:50:02,-13.31183,-102.520289
2/21/2024,12:50:02,-13.32183,-102.520289
2/21/2024,12:50:03,-13.32183,-102.530289
2/21/2024,12:50:03,-13.33183,-102.530289
2/21/2024,12:50:03,-13.33183,-102.530289
2/21/2024,12:50:03,-13.32183,-102.520289
2/21/2024,12:50:03,-13.32183,-102.500289
2/21/2024,12:50:04,-13.31183,-102.490289
2/21/2024,12:50:04,-13.31183,-102.490289
2/21/2024,12:50:04,-13.31183,-102.500289
2/21/2024,12:50:04,-13.31183,-102.500289
2/21/2024,12:50:04,-13.32183,-102.510289
2/21/2024,12:50:05,-13.31183,-102.510289
2/21/2024,12:50:05,-13.31183,-102.510289
2/21/2024,12:50:05,-13.32183,-102.500289
2/21/2024,12:50:05,-13.31183,-102.500289
2/21/2024,12:50:05,-13.31183,-102.500289
2/21/2024,12:50:06,-13.31183,-102.500289
2/21/2024,12:50:06,-13.31183,-102.500289
2/21/2024,12:50:06,-13.32183,-102.490289
2/21/2024,12:50:06,-13.32183,-102.490289
2/21/2024,12:50:06,-13.31183,-102.490289
2/21/2024,12:50:07,-13.31183,-102.490289
2/21/2024,12:50:07,-13.31183,-102.500289
2/21/2024,12:50:07,-13.32183,-102.500289
2/21/2024,12:50:07,-13.32183,-102.500289
2/21/2024,12:50:07,-13.32183,-102.500289
2/21/2024,12:50:08,-13.32183,-102.490289
2/21/2024,12:50:08,-13.32183,-102.490289
2/21/2024,12:50:08,-13.32183,-102.490289
2/21/2024,12:50:08,-13.32183,-102.480289
2/21/2024,12:50:08,-13.32183,-102.490289
2/21/2024,12:50:09,-13.31183,-102.490289
2/21/2024,12:50:09,-13.31183,-102.500289
2/21/2024,12:50:09,-13.31183,-102.500289
2/21/2024,12:50:09,-13.31183,-102.500289
2/21/2024,12:50:09,-13.31183,-102.500289
2/21/2024,12:50:10,-13.31183,-102.500289
2/21/2024,12:50:10,-13.31183,-102.500289
2/21/2024,12:50:10,-13.31183,-102.490289
2/21/2024,12:50:10,-13.31183,-102.490289
2/21/2024,12:50:10,-13.30183,-102.480289
2/21/2024,12:50:11,-13.30183,-102.480289
2/21/2024,12:50:11,-13.30183,-102.480289
2/21/2024,12:50:11,-13.30183,-102.490289
2/21/2024,12:50:11,-13.29183,-102.490289
2/21/2024,12:50:11,-13.30183,-102.490289
2/21/2024,12:50:12,-13.30183,-102.500289
2/21/2024,12:50:12,-13.30183,-102.490289
2/21/2024,12:50:12,-13.30183,-102.490289
2/21/2024,12:50:12,-13.30183,-102.480289
2/21/2024,12:50:12,-13.30183,-102.470289
2/21/2024,12:50:13,-13.30183,-102.460289
2/21/2024,12:50:13,-13.30183,-102.460289
2/21/2024,12:50:13,-13.30183,-102.460289
2/21/2024,12:50:13,-13.31183,-102.470289
2/21/2024,12:50:13,-13.31183,-102.470289
2/21/2024,12:50:14,-13.32183,-102.470289
2/21/2024,12:50:14,-13.32183,-102.470289
2/21/2024,12:50:14,-13.33183,-102.460289
2/21/2024,12:50:14,-13.33183,-102.450289
2/21/2024,12:50:14,-13.33183,-102.440289
2/21/2024,12:50:15,-13.33183,-102.440289
2/21/2024,12:50:15,-13.34183,-102.440289
2/21/2024,12:50:15,-13.33183,-102.440289
2/21/2024,12:50:15,-13.33183,-102.440289
2/21/2024,12:50:15,-13.33183,-102.450289
2/21/2024,12:50:16,-13.34183,-102.460289
2/21/2024,12:50:16,-13.34183,-102.460289
2/21/2024,12:50:16,-13.34183,-102.460289
2/21/2024,12:50:16,-13.33183,-102.460289
2/21/2024,12:50:16,-13.33183,-102.440289
2/21/2024,12:50:17,-13.33183,-102.430289
2/21/2024,12:50:17,-13.32183,-102.430289
2/21/2024,12:50:17,-13.32183,-102.440289
2/21/2024,12:50:17,-13.32183,-102.450289
2/21/2024,12:50:17,-13.33183,-102.450289
2/21/2024,12:50:18,-13.33183,-102.460289
2/21/2024,12:50:18,-13.33183,-102.470289
2/21/2024,12:50:18,-13.33183,-102.470289
2/21/2024,12:50:18,-13.33183,-102.470289
2/21/2024,12:50:18,-13.33183,-102.470289
2/21/2024,12:50:19,-13.32183,-102.460289
2/21/2024,12:50:19,-13.33183,-102.450289
2/21/2024,12:50:19,-13.33183,-102.450289
2/21/2024,12:50:19,-13.32183,-102.450289
2/21/2024,12:50:19,-13.33183,-102.460289
2/21/2024,12:50:20,-13.33183,-102.470289
2/21/2024,12:50:20,-13.33183,-102.480289
2/21/2024,12:50:20,-13.34183,-102.490289
2/21/2024,12:50:20,-13.34183,-102.490289
2/21/2024,12:50:20,-13.33183,-102.480289
2/21/2024,12:50:21,-13.34183,-102.470289
2/21/2024,12:50:21,-13.34183,-102.470289
2/21/2024,12:50:21,-13.33183,-102.460289
2/21/2024,12:50:21,-13.33183,-102.470289
2/21/2024,12:50:21,-13.33183,-102.480289
2/21/2024,12:50:22,-13.34183,-102.480289
2/21/2024,12:50:22,-13.34183,-102.490289
2/21/2024,12:50:22,-13.34183,-102.490289
2/21/2024,12:50:22,-13.34183,-102.490289
2/21/2024,12:50:22,-13.33183,-102.490289
2/21/2024,12:50:23,-13.33183,-102.480289
2/21/2024,12:50:23,-13.32183,-102.480289
2/21/2024,12:50:23,-13.33183,-102.480289
2/21/2024,12:50:23,-13.32183,-102.490289
2/21/2024,12:50:23,-13.32183,-102.500289
2/21/2024,12:50:24,-13.32183,-102.500289
2/21/2024,12:50:24,-13.32183,-102.510289
2/21/2024,12:50:24,-13.32183,-102.520289
2/21/2024,12:50:24,-13.32183,-102.520289
2/21/2024,12:50:24,-13.31183,-102.520289
2/21/2024,12:50:25,-13.31183,-102.510289
2/21/2024,12:50:25,-13.31183,-102.510289
2/21/2024,12:50:25,-13.30183,-102.510289
2/21/2024,12:50:25,-13.30183,-102.510289
2/21/2024,12:50:25,-13.30183,-102.520289
2/21/2024,12:50:26,-13.30183,-102.520289
2/21/2024,12:50:26,-13.29183,-102.520289
2/21/2024,12:50:26,-13.29183,-102.520289
2/21/2024,12:50:26,-13.29183,-102.520289
2/21/2024,12:50:26,-13.29183,-102.520289
2/21/2024,12:50:27,-13.29183,-102.520289
2/21/2024,12:50:27,-13.29183,-102.520289
2/21/2024,12:50:27,-13.29183,-102.530289
2/21/2024,12:50:27,-13.29183,-102.530289
2/21/2024,12:50:27,-13.29183,-102.530289
2/21/2024,12:50:28,-13.29183,-102.530289
2/21/2024,12:50:28,-13.29183,-102.520289
2/21/2024,12:50:28,-13.30183,-102.510289
2/21/2024,12:50:28,-13.30183,-102.500289
2/21/2024,12:50:28,-13.29183,-102.510289
2/21/2024,12:50:29,-13.29183,-102.510289
2/21/2024,12:50:29,-13.30183,-102.530289
2/21/2024,12:50:29,-13.31183,-102.530289
2/21/2024,12:50:29,-13.31183,-102.540289
2/21/2024,12:50:29,-13.31183,-102.540289
2/21/2024,12:50:30,-13.31183,-102.540289
2/21/2024,12:50:30,-13.31183,-102.530289
2/21/2024,12:50:30,-13.31183,-102.530289
2/21/2024,12:50:30,-13.31183,-102.520289
2/21/2024,12:50:30,-13.30183,-102.520289
2/21/2024,12:50:31,-13.31183,-102.520289
2/21/2024,12:50:31,-13.31183,-102.510289
2/21/2024,12:50:31,-13.31183,-102.520289
2/21/2024,12:50:31,-13.31183,-102.530289
2/21/2024,12:50:31,-13.31183,-102.540289
2/21/2024,12:50:32,-13.32183,-102.550289
2/21/2024,12:50:32,-13.33183,-102.560289
2/21/2024,12:50:32,-13.33183,-102.560289
2/21/2024,12:50:32,-13.32183,-102.550289
2/21/2024,12:50:32,-13.32183,-102.530289
2/21/2024,12:50:33,-13.31183,-102.520289
2/21/2024,12:50:33,-13.31183,-102.530289
2/21/2024,12:50:33,-13.30183,-102.530289
2/21/2024,12:50:33,-13.31183,-102.540289
2/21/2024,12:50:33,-13.31183,-102.550289
2/21/2024,12:50:34,-13.31183,-102.560289
2/21/2024,12:50:34,-13.31183,-102.570289
2/21/2024,12:50:34,-13.32183,-102.580289
2/21/2024,12:50:34,-13.31183,-102.580289
2/21/2024,12:50:34,-13.30183,-102.580289
2/21/2024,12:50:35,-13.30183,-102.570289
2/21/2024,12:50:35,-13.30183,-102.560289
2/21/2024,12:50:35,-13.30183,-102.560289
2/21/2024,12:50:35,-13.29183,-102.560289
2/21/2024,12:50:35,-13.29183,-102.570289
2/21/2024,12:50:36,-13.29183,-102.570289
2/21/2024,12:50:36,-13.30183,-102.580289
2/21/2024,12:50:36,-13.30183,-102.580289
2/21/2024,12:50:36,-13.30183,-102.590289
2/21/2024,12:50:36,-13.30183,-102.590289
2/21/2024,12:50:37,-13.30183,-102.590289
2/21/2024,12:50:37,-13.30183,-102.590289
2/21/2024,12:50:37,-13.30183,-102.580289
2/21/2024,12:50:37,-13.30183,-102.580289
2/21/2024,12:50:37,-13.29183,-102.580289
2/21/2024,12:50:38,-13.29183,-102.580289
2/21/2024,12:50:38,-13.29183,-102.580289
2/21/2024,12:50:38,-13.30183,-102.580289
2/21/2024,12:50:38,-13.29183,-102.570289
2/21/2024,12:50:38,-13.30183,-102.580289
2/21/2024,12:50:39,-13.30183,-102.580289
2/21/2024,12:50:39,-13.30183,-102.590289
2/21/2024,12:50:39,-13.31183,-102.590289
2/21/2024,12:50:39,-13.31183,-102.590289
2/21/2024,12:50:39,-13.32183,-102.590289
2/21/2024,12:50:40,-13.31183,-102.590289
2/21/2024,12:50:40,-13.30183,-102.580289
2/21/2024,12:50:40,-13.30183,-102.580289
2/21/2024,12:50:40,-13.31183,-102.580289
2/21/2024,12:50:40,-13.31183,-102.570289
2/21/2024,12:50:41,-13.31183,-102.570289
2/21/2024,12:50:41,-13.31183,-102.570289
2/21/2024,12:50:41,-13.32183,-102.580289
2/21/2024,12:50:41,-13.33183,-102.590289
2/21/2024,12:50:41,-13.34183,-102.600289
2/21/2024,12:50:42,-13.34183,-102.610289
2/21/2024,12:50:42,-13.34183,-102.600289
2/21/2024,12:50:42,-13.33183,-102.590289
2/21/2024,12:50:42,-13.33183,-102.580289
2/21/2024,12:50:42,-13.32183,-102.580289
2/21/2024,12:50:43,-13.33183,-102.580289
2/21/2024,12:50:43,-13.33183,-102.580289
2/21/2024,12:50:43,-13.34183,-102.570289
2/21/2024,12:50:43,-13.34183,-102.580289
2/21/2024,12:50:43,-13.34183,-102.580289
2/21/2024,12:50:44,-13.36183,-102.600289
2/21/2024,12:50:44,-13.37183,-102.600289
2/21/2024,12:50:44,-13.37183,-102.610289
2/21/2024,12:50:44,-13.36183,-102.600289
2/21/2024,12:50:44,-13.36183,-102.590289
2/21/2024,12:50:45,-13.36183,-102.580289
2/21/2024,12:50:45,-13.36183,-102.580289
2/21/2024,12:50:45,-13.36183,-102.590289
2/21/2024,12:50:45,-13.36183,-102.590289
2/21/2024,12:50:45,-13.36183,-102.580289
2/21/2024,12:50:46,-13.36183,-102.580289
2/21/2024,12:50:46,-13.36183,-102.590289
2/21/2024,12:50:46,-13.36183,-102.590289
2/21/2024,12:50:46,-13.36183,-102.600289
2/21/2024,12:50:46,-13.36183,-102.610289
2/21/2024,12:50:47,-13.36183,-102.610289
2/21/2024,12:50:47,-13.36183,-102.610289
2/21/2024,12:50:47,-13.35183,-102.610289
2/21/2024,12:50:47,-13.35183,-102.600289
2/21/2024,12:50:47,-13.34183,-102.600289
2/21/2024,12:50:48,-13.34183,-102.600289
2/21/2024,12:50:48,-13.34183,-102.590289
2/21/2024,12:50:48,-13.34183,-102.600289
2/21/2024,12:50:48,-13.34183,-102.600289
2/21/2024,12:50:48,-13.35183,-102.610289
2/21/2024,12:50:49,-13.36183,-102.630289
2/21/2024,12:50:49,-13.36183,-102.630289
2/21/2024,12:50:49,-13.36183,-102.630289
2/21/2024,12:50:49,-13.36183,-102.630289
2/21/2024,12:50:49,-13.35183,-102.620289
2/21/2024,12:50:50,-13.35183,-102.610289
2/21/2024,12:50:50,-13.34183,-102.620289
2/21/2024,12:50:50,-13.34183,-102.620289
2/21/2024,12:50:50,-13.35183,-102.630289
2/21/2024,12:50:50,-13.34183,-102.620289
2/21/2024,12:50:51,-13.34183,-102.630289
2/21/2024,12:50:51,-13.35183,-102.630289
2/21/2024,12:50:51,-13.35183,-102.640289
2/21/2024,12:50:51,-13.36183,-102.640289
2/21/2024,12:50:51,-13.36183,-102.650289
2/21/2024,12:50:52,-13.35183,-102.640289
2/21/2024,12:50:52,-13.35183,-102.640289
2/21/2024,12:50:52,-13.35183,-102.640289
2/21/2024,12:50:52,-13.35183,-102.650289
2/21/2024,12:50:52,-13.34183,-102.650289
2/21/2024,12:50:53,-13.34183,-102.660289
2/21/2024,12:50:53,-13.35183,-102.660289
2/21/2024,12:50:53,-13.34183,-102.650289
2/21/2024,12:50:53,-13.33183,-102.650289
2/21/2024,12:50:53,-13.33183,-102.650289
2/21/2024,12:50:54,-13.33183,-102.650289
2/21/2024,12:50:54,-13.33183,-102.670289
2/21/2024,12:50:54,-13.34183,-102.680289
2/21/2024,12:50:54,-13.35183,-102.690289
2/21/2024,12:50:54,-13.35183,-102.690289
2/21/2024,12:50:55,-13.35183,-102.700289
2/21/2024,12:50:55,-13.34183,-102.700289
2/21/2024,12:50:55,-13.34183,-102.690289
2/21/2024,12:50:55,-13.33183,-102.690289
2/21/2024,12:50:55,-13.33183,-102.690289
2/21/2024,12:50:56,-13.32183,-102.680289
2/21/2024,12:50:56,-13.32183,-102.690289
2/21/2024,12:50:56,-13.32183,-102.700289
2/21/2024,12:50:56,-13.32183,-102.710289
2/21/2024,12:50:56,-13.33183,-102.720289
2/21/2024,12:50:57,-13.33183,-102.730289
2/21/2024,12:50:57,-13.33183,-102.730289
2/21/2024,12:50:57,-13.32183,-102.720289
2/21/2024,12:50:57,-13.32183,-102.710289
2/21/2024,12:50:57,-13.31183,-102.700289
2/21/2024,12:50:58,-13.31183,-102.700289
2/21/2024,12:50:58,-13.30183,-102.710289
2/21/2024,12:50:58,-13.31183,-102.710289
2/21/2024,12:50:58,-13.31183,-102.720289
2/21/2024,12:50:58,-13.31183,-102.720289
2/21/2024,12:50:59,-13.31183,-102.730289
2/21/2024,12:50:59,-13.31183,-102.730289
2/21/2024,12:50:59,-13.31183,-102.730289
2/21/2024,12:50:59,-13.31183,-102.730289
2/21/2024,12:50:59,-13.31183,-102.720289
2/21/2024,12:51:00,-13.30183,-102.720289
2/21/2024,12:51:00,-13.31183,-102.710289
2/21/2024,12:51:00,-13.30183,-102.700289
2/21/2024,12:51:00,-13.30183,-102.700289
2/21/2024,12:51:00,-13.30183,-102.700289
2/21/2024,12:51:01,-13.31183,-102.710289
2/21/2024,12:51:01,-13.30183,-102.710289
2/21/2024,12:51:01,-13.31183,-102.710289
2/21/2024,12:51:01,-13.31183,-102.710289
2/21/2024,12:51:01,-13.31183,-102.710289
2/21/2024,12:51:02,-13.31183,-102.700289
2/21/2024,12:51:02,-13.31183,-102.690289
2/21/2024,12:51:02,-13.32183,-102.680289
2/21/2024,12:51:02,-13.31183,-102.670289
2/21/2024,12:51:02,-13.31183,-102.670289
2/21/2024,12:51:03,-13.32183,-102.670289
2/21/2024,12:51:03,-13.32183,-102.680289
2/21/2024,12:51:03,-13.33183,-102.680289
2/21/2024,12:51:03,-13.33183,-102.680289
2/21/2024,12:51:03,-13.33183,-102.670289
2/21/2024,12:51:04,-13.33183,-102.670289
2/21/2024,12:51:04,-13.33183,-102.670289
2/21/2024,12:51:04,-13.33183,-102.660289
2/21/2024,12:51:04,-13.33183,-102.670289
2/21/2024,12:51:04,-13.33183,-102.670289
2/21/2024,12:51:05,-13.32183,-102.670289
2/21/2024,12:51:05,-13.32183,-102.670289
2/21/2024,12:51:05,-13.32183,-102.670289
2/21/2024,12:51:05,-13.32183,-102.670289
2/21/2024,12:51:05,-13.31183,-102.670289
2/21/2024,12:51:06,-13.31183,-102.670289
2/21/2024,12:51:06,-13.31183,-102.660289
2/21/2024,12:51:06,-13.30183,-102.660289
2/21/2024,12:51:06,-13.30183,-102.660289
2/21/2024,12:51:06,-13.30183,-102.660289
2/21/2024,12:51:07,-13.31183,-102.670289
2/21/2024,12:51:07,-13.31183,-102.680289
2/21/2024,12:51:07,-13.32183,-102.680289
2/21/2024,12:51:07,-13.32183,-102.680289
2/21/2024,12:51:07,-13.32183,-102.670289
2/21/2024,12:51:08,-13.31183,-102.670289
2/21/2024,12:51:08,-13.31183,-102.660289
2/21/2024,12:51:08,-13.31183,-102.660289
2/21/2024,12:51:08,-13.31183,-102.660289
2/21/2024,12:51:08,-13.31183,-102.660289
2/21/2024,12:51:09,-13.32183,-102.660289
2/21/2024,12:51:09,-13.32183,-102.660289
2/21/2024,12:51:09,-13.32183,-102.670289
2/21/2024,12:51:09,-13.33183,-102.670289
2/21/2024,12:51:09,-13.33183,-102.680289
2/21/2024,12:51:10,-13.33183,-102.680289
2/21/2024,12:51:10,-13.33183,-102.670289
2/21/2024,12:51:10,-13.32183,-102.660289
2/21/2024,12:51:10,-13.32183,-102.660289
2/21/2024,12:51:10,-13.32183,-102.660289
2/21/2024,12:51:11,-13.32183,-102.660289
2/21/2024,12:51:11,-13.32183,-102.660289
2/21/2024,12:51:11,-13.32183,-102.660289
2/21/2024,12:51:11,-13.32183,-102.660289
2/21/2024,12:51:11,-13.33183,-102.660289
2/21/2024,12:51:12,-13.33183,-102.660289
2/21/2024,12:51:12,-13.33183,-102.660289
2/21/2024,12:51:12,-13.33183,-102.660289
2/21/2024,12:51:12,-13.33183,-102.650289
2/21/2024,12:51:12,-13.33183,-102.650289
2/21/2024,12:51:13,-13.32183,-102.650289
2/21/2024,12:51:13,-13.32183,-102.650289
2/21/2024,12:51:13,-13.32183,-102.650289
2/21/2024,12:51:13,-13.32183,-102.650289
2/21/2024,12:51:13,-13.32183,-102.650289
2/21/2024,12:51:14,-13.32183,-102.640289
2/21/2024,12:51:14,-13.32183,-102.640289
2/21/2024,12:51:14,-13.31183,-102.630289
2/21/2024,12:51:14,-13.31183,-102.630289
2/21/2024,12:51:14,-13.32183,-102.640289
2/21/2024,12:51:15,-13.32183,-102.640289
2/21/2024,12:51:15,-13.32183,-102.640289
2/21/2024,12:51:15,-13.33183,-102.650289
2/21/2024,12:51:15,-13.33183,-102.640289
2/21/2024,12:51:15,-13.33183,-102.630289
2/21/2024,12:51:16,-13.33183,-102.620289
2/21/2024,12:51:16,-13.33183,-102.620289
2/21/2024,12:51:16,-13.34183,-102.620289
2/21/2024,12:51:16,-13.35183,-102.620289
2/21/2024,12:51:16,-13.35183,-102.620289
2/21/2024,12:51:17,-13.36183,-102.620289
2/21/2024,12:51:17,-13.36183,-102.630289
2/21/2024,12:51:17,-13.37183,-102.640289
2/21/2024,12:51:17,-13.38183,-102.640289
2/21/2024,12:51:17,-13.38183,-102.630289
2/21/2024,12:51:18,-13.38183,-102.620289
2/21/2024,12:51:18,-13.38183,-102.610289
2/21/2024,12:51:18,-13.38183,-102.610289
2/21/2024,12:51:18,-13.38183,-102.620289
2/21/2024,12:51:18,-13.38183,-102.620289
2/21/2024,12:51:19,-13.38183,-102.630289
2/21/2024,12:51:19,-13.38183,-102.630289
2/21/2024,12:51:19,-13.38183,-102.640289
2/21/2024,12:51:19,-13.38183,-102.640289
2/21/2024,12:51:19,-13.38183,-102.630289
2/21/2024,12:51:20,-13.38183,-102.630289
2/21/2024,12:51:20,-13.38183,-102.630289
2/21/2024,12:51:20,-13.38183,-102.630289
2/21/2024,12:51:20,-13.38183,-102.620289
2/21/2024,12:51:20,-13.38183,-102.620289
2/21/2024,12:51:21,-13.38183,-102.620289
2/21/2024,12:51:21,-13.38183,-102.630289
2/21/2024,12:51:21,-13.38183,-102.640289
2/21/2024,12:51:21,-13.39183,-102.650289
2/21/2024,12:51:21,-13.39183,-102.650289
2/21/2024,12:51:22,-13.39183,-102.650289
2/21/2024,12:51:22,-13.38183,-102.640289
2/21/2024,12:51:22,-13.38183,-102.620289
2/21/2024,12:51:22,-13.38183,-102.620289
2/21/2024,12:51:22,-13.38183,-102.620289
2/21/2024,12:51:23,-13.37183,-102.630289
2/21/2024,12:51:23,-13.37183,-102.640289
2/21/2024,12:51:23,-13.37183,-102.650289
2/21/2024,12:51:23,-13.37183,-102.660289
2/21/2024,12:51:23,-13.37183,-102.660289
2/21/2024,12:51:24,-13.36183,-102.650289
2/21/2024,12:51:24,-13.36183,-102.650289
2/21/2024,12:51:24,-13.35183,-102.640289
2/21/2024,12:51:24,-13.35183,-102.640289
2/21/2024,12:51:24,-13.34183,-102.650289
2/21/2024,12:51:25,-13.34183,-102.650289
2/21/2024,12:51:25,-13.34183,-102.650289
2/21/2024,12:51:25,-13.34183,-102.660289
2/21/2024,12:51:25,-13.34183,-102.660289
2/21/2024,12:51:25,-13.34183,-102.660289
2/21/2024,12:51:26,-13.34183,-102.660289
2/21/2024,12:51:26,-13.34183,-102.660289
2/21/2024,12:51:26,-13.33183,-102.660289
2/21/2024,12:51:26,-13.33183,-102.660289
2/21/2024,12:51:26,-13.33183,-102.660289
2/21/2024,12:51:27,-13.32183,-102.660289
2/21/2024,12:51:27,-13.32183,-102.660289
2/21/2024,12:51:27,-13.33183,-102.650289
2/21/2024,12:51:27,-13.33183,-102.650289
2/21/2024,12:51:27,-13.33183,-102.660289
2/21/2024,12:51:28,-13.33183,-102.660289
2/21/2024,12:51:28,-13.34183,-102.670289
2/21/2024,12:51:28,-13.35183,-102.680289
2/21/2024,12:51:28,-13.35183,-102.670289
2/21/2024,12:51:28,-13.34183,-102.670289
2/21/2024,12:51:29,-13.34183,-102.660289
2/21/2024,12:51:29,-13.34183,-102.650289
2/21/2024,12:51:29,-13.34183,-102.660289
2/21/2024,12:51:29,-13.34183,-102.670289
2/21/2024,12:51:29,-13.35183,-102.680289
2/21/2024,12:51:30,-13.35183,-102.680289
2/21/2024,12:51:30,-13.34183,-102.690289
2/21/2024,12:51:30,-13.34183,-102.690289
2/21/2024,12:51:30,-13.34183,-102.680289
2/21/2024,12:51:30,-13.33183,-102.680289
2/21/2024,12:51:31,-13.33183,-102.680289
2/21/2024,12:51:31,-13.33183,-102.690289
2/21/2024,12:51:31,-13.33183,-102.690289
2/21/2024,12:51:31,-13.33183,-102.700289
2/21/2024,12:51:31,-13.32183,-102.700289
2/21/2024,12:51:32,-13.32183,-102.710289
2/21/2024,12:51:32,-13.32183,-102.710289
2/21/2024,12:51:32,-13.32183,-102.720289
2/21/2024,12:51:32,-13.31183,-102.720289
2/21/2024,12:51:32,-13.31183,-102.710289
2/21/2024,12:51:33,-13.31183,-102.710289
2/21/2024,12:51:33,-13.30183,-102.710289
2/21/2024,12:51:33,-13.30183,-102.710289
2/21/2024,12:51:33,-13.29183,-102.710289
2/21/2024,12:51:33,-13.29183,-102.720289
2/21/2024,12:51:34,-13.30183,-102.730289
2/21/2024,12:51:34,-13.30183,-102.740289
2/21/2024,12:51:34,-13.31183,-102.740289
2/21/2024,12:51:34,-13.31183,-102.740289
2/21/2024,12:51:34,-13.30183,-102.730289
2/21/2024,12:51:35,-13.30183,-102.720289
2/21/2024,12:51:35,-13.30183,-102.720289
2/21/2024,12:51:35,-13.30183,-102.720289
2/21/2024,12:51:35,-13.30183,-102.720289
2/21/2024,12:51:35,-13.30183,-102.720289
2/21/2024,12:51:36,-13.31183,-102.730289
2/21/2024,12:51:36,-13.31183,-102.730289
2/21/2024,12:51:36,-13.32183,-102.740289
2/21/2024,12:51:36,-13.33183,-102.740289
2/21/2024,12:51:36,-13.33183,-102.740289
2/21/2024,12:51:37,-13.32183,-102.730289
2/21/2024,12:51:37,-13.32183,-102.720289
2/21/2024,12:51:37,-13.32183,-102.720289
2/21/2024,12:51:37,-13.31183,-102.720289
2/21/2024,12:51:37,-13.31183,-102.720289
2/21/2024,12:51:38,-13.32183,-102.710289
2/21/2024,12:51:38,-13.32183,-102.710289
2/21/2024,12:51:38,-13.33183,-102.710289
2/21/2024,12:51:38,-13.33183,-102.720289
2/21/2024,12:51:38,-13.33183,-102.720289
2/21/2024,12:51:39,-13.33183,-102.710289
2/21/2024,12:51:39,-13.33183,-102.710289
2/21/2024,12:51:39,-13.33183,-102.700289
2/21/2024,12:51:39,-13.33183,-102.700289
2/21/2024,12:51:39,-13.32183,-102.700289
2/21/2024,12:51:40,-13.33183,-102.690289
2/21/2024,12:51:40,-13.33183,-102.690289
2/21/2024,12:51:40,-13.33183,-102.690289
2/21/2024,12:51:40,-13.32183,-102.680289
2/21/2024,12:51:40,-13.32183,-102.690289
2/21/2024,12:51:41,-13.32183,-102.690289
2/21/2024,12:51:41,-13.32183,-102.690289
2/21/2024,12:51:41,-13.32183,-102.690289
2/21/2024,12:51:41,-13.32183,-102.690289
2/21/2024,12:51:41,-13.31183,-102.680289
2/21/2024,12:51:42,-13.31183,-102.670289
2/21/2024,12:51:42,-13.31183,-102.670289
2/21/2024,12:51:42,-13.30183,-102.670289
2/21/2024,12:51:42,-13.31183,-102.680289
2/21/2024,12:51:42,-13.31183,-102.680289
2/21/2024,12:51:43,-13.31183,-102.680289
2/21/2024,12:51:43,-13.31183,-102.670289
2/21/2024,12:51:43,-13.32183,-102.670289
2/21/2024,12:51:43,-13.32183,-102.660289
2/21/2024,12:51:43,-13.32183,-102.660289
2/21/2024,12:51:44,-13.32183,-102.660289
2/21/2024,12:51:44,-13.32183,-102.660289
2/21/2024,12:51:44,-13.32183,-102.660289
2/21/2024,12:51:44,-13.32183,-102.660289
2/21/2024,12:51:44,-13.32183,-102.660289
2/21/2024,12:51:45,-13.32183,-102.660289
2/21/2024,12:51:45,-13.33183,-102.660289
2/21/2024,12:51:45,-13.33183,-102.670289
2/21/2024,12:51:45,-13.32183,-102.660289
2/21/2024,12:51:45,-13.33183,-102.650289
2/21/2024,12:51:46,-13.32183,-102.630289
2/21/2024,12:51:46,-13.31183,-102.630289
2/21/2024,12:51:46,-13.31183,-102.640289
2/21/2024,12:51:46,-13.32183,-102.650289
2/21/2024,12:51:46,-13.33183,-102.650289
2/21/2024,12:51:47,-13.33183,-102.650289
2/21/2024,12:51:47,-13.33183,-102.650289
2/21/2024,12:51:47,-13.33183,-102.640289
2/21/2024,12:51:47,-13.33183,-102.620289
2/21/2024,12:51:47,-13.32183,-102.620289
2/21/2024,12:51:48,-13.31183,-102.620289
2/21/2024,12:51:48,-13.31183,-102.620289
2/21/2024,12:51:48,-13.32183,-102.630289
2/21/2024,12:51:48,-13.32183,-102.630289
2/21/2024,12:51:48,-13.32183,-102.630289
2/21/2024,12:51:49,-13.32183,-102.620289
2/21/2024,12:51:49,-13.32183,-102.610289
2/21/2024,12:51:49,-13.32183,-102.600289
2/21/2024,12:51:49,-13.32183,-102.600289
2/21/2024,12:51:49,-13.31183,-102.590289
2/21/2024,12:51:50,-13.31183,-102.600289
2/21/2024,12:51:50,-13.32183,-102.600289
2/21/2024,12:51:50,-13.32183,-102.600289
2/21/2024,12:51:50,-13.32183,-102.610289
2/21/2024,12:51:50,-13.32183,-102.600289
2/21/2024,12:51:51,-13.32183,-102.600289
2/21/2024,12:51:51,-13.31183,-102.580289
2/21/2024,12:51:51,-13.31183,-102.580289
2/21/2024,12:51:51,-13.31183,-102.570289
2/21/2024,12:51:51,-13.31183,-102.570289
2/21/2024,12:51:52,-13.31183,-102.580289
2/21/2024,12:51:52,-13.32183,-102.580289
2/21/2024,12:51:52,-13.32183,-102.580289
2/21/2024,12:51:52,-13.33183,-102.580289
2/21/2024,12:51:52,-13.33183,-102.580289
2/21/2024,12:51:53,-13.33183,-102.570289
2/21/2024,12:51:53,-13.32183,-102.560289
2/21/2024,12:51:53,-13.32183,-102.560289
2/21/2024,12:51:53,-13.31183,-102.560289
2/21/2024,12:51:53,-13.31183,-102.550289
2/21/2024,12:51:54,-13.31183,-102.550289
2/21/2024,12:51:54,-13.31183,-102.550289
2/21/2024,12:51:54,-13.32183,-102.550289
2/21/2024,12:51:54,-13.32183,-102.550289
2/21/2024,12:51:54,-13.32183,-102.550289
2/21/2024,12:51:55,-13.31183,-102.550289
2/21/2024,12:51:55,-13.31183,-102.550289
2/21/2024,12:51:55,-13.31183,-102.540289
2/21/2024,12:51:55,-13.31183,-102.530289
2/21/2024,12:51:55,-13.30183,-102.520289
2/21/2024,12:51:56,-13.30183,-102.530289
2/21/2024,12:51:56,-13.31183,-102.530289
2/21/2024,12:51:56,-13.31183,-102.530289
2/21/2024,12:51:56,-13.31183,-102.530289
2/21/2024,12:51:56,-13.31183,-102.520289
2/21/2024,12:51:57,-13.31183,-102.510289
2/21/2024,12:51:57,-13.31183,-102.500289
2/21/2024,12:51:57,-13.31183,-102.500289
2/21/2024,12:51:57,-13.32183,-102.500289
2/21/2024,12:51:57,-13.32183,-102.500289
2/21/2024,12:51:58,-13.32183,-102.500289
2/21/2024,12:51:58,-13.32183,-102.500289
2/21/2024,12:51:58,-13.32183,-102.490289
2/21/2024,12:51:58,-13.32183,-102.490289
2/21/2024,12:51:58,-13.32183,-102.490289
2/21/2024,12:51:59,-13.32183,-102.490289
2/21/2024,12:51:59,-13.33183,-102.480289
2/21/2024,12:51:59,-13.33183,-102.480289
2/21/2024,12:51:59,-13.34183,-102.470289
2/21/2024,12:51:59,-13.34183,-102.460289
2/21/2024,12:52:00,-13.34183,-102.460289
2/21/2024,12:52:00,-13.34183,-102.470289
2/21/2024,12:52:00,-13.35183,-102.470289
2/21/2024,12:52:00,-13.35183,-102.470289
2/21/2024,12:52:00,-13.35183,-102.470289
2/21/2024,12:52:01,-13.35183,-102.460289
2/21/2024,12:52:01,-13.35183,-102.450289
2/21/2024,12:52:01,-13.35183,-102.450289
2/21/2024,12:52:01,-13.35183,-102.450289
2/21/2024,12:52:01,-13.34183,-102.460289
2/21/2024,12:52:02,-13.34183,-102.460289
2/21/2024,12:52:02,-13.33183,-102.460289
2/21/2024,12:52:02,-13.33183,-102.460289
2/21/2024,12:52:02,-13.33183,-102.460289
2/21/2024,12:52:02,-13.33183,-102.460289
2/21/2024,12:52:03,-13.32183,-102.450289
2/21/2024,12:52:03,-13.32183,-102.450289
2/21/2024,12:52:03,-13.32183,-102.450289
2/21/2024,12:52:03,-13.31183,-102.450289
2/21/2024,12:52:03,-13.30183,-102.460289
2/21/2024,12:52:04,-13.30183,-102.460289
2/21/2024,12:52:04,-13.30183,-102.460289
2/21/2024,12:52:04,-13.30183,-102.460289
2/21/2024,12:52:04,-13.30183,-102.460289
2/21/2024,12:52:04,-13.29183,-102.450289
2/21/2024,12:52:05,-13.29183,-102.440289
2/21/2024,12:52:05,-13.28183,-102.440289
2/21/2024,12:52:05,-13.28183,-102.430289
2/21/2024,12:52:05,-13.28183,-102.440289
2/21/2024,12:52:05,-13.29183,-102.440289
2/21/2024,12:52:06,-13.29183,-102.450289
2/21/2024,12:52:06,-13.29183,-102.450289
2/21/2024,12:52:06,-13.30183,-102.460289
2/21/2024,12:52:06,-13.30183,-102.450289
2/21/2024,12:52:06,-13.30183,-102.440289
2/21/2024,12:52:07,-13.29183,-102.430289
2/21/2024,12:52:07,-13.29183,-102.420289
2/21/2024,12:52:07,-13.29183,-102.420289
2/21/2024,12:52:07,-13.29183,-102.410289
2/21/2024,12:52:07,-13.29183,-102.410289
2/21/2024,12:52:08,-13.29183,-102.420289
2/21/2024,12:52:08,-13.31183,-102.440289
2/21/2024,12:52:08,-13.32183,-102.450289
2/21/2024,12:52:08,-13.33183,-102.450289
2/21/2024,12:52:08,-13.32183,-102.440289
2/21/2024,12:52:09,-13.31183,-102.420289
2/21/2024,12:52:09,-13.31183,-102.400289
2/21/2024,12:52:09,-13.31183,-102.400289
2/21/2024,12:52:09,-13.30183,-102.400289
2/21/2024,12:52:09,-13.30183,-102.400289
2/21/2024,12:52:10,-13.31183,-102.400289
2/21/2024,12:52:10,-13.31183,-102.410289
2/21/2024,12:52:10,-13.32183,-102.430289
2/21/2024,12:52:10,-13.32183,-102.440289
2/21/2024,12:52:10,-13.32183,-102.450289
2/21/2024,12:52:11,-13.32183,-102.440289
2/21/2024,12:52:11,-13.30183,-102.420289
2/21/2024,12:52:11,-13.30183,-102.400289
2/21/2024,12:52:11,-13.30183,-102.390289
2/21/2024,12:52:11,-13.30183,-102.400289
2/21/2024,12:52:12,-13.30183,-102.400289
2/21/2024,12:52:12,-13.30183,-102.410289
2/21/2024,12:52:12,-13.31183,-102.420289
2/21/2024,12:52:12,-13.31183,-102.430289
2/21/2024,12:52:12,-13.31183,-102.440289
2/21/2024,12:52:13,-13.31183,-102.440289
2/21/2024,12:52:13,-13.31183,-102.430289
2/21/2024,12:52:13,-13.31183,-102.420289
2/21/2024,12:52:13,-13.31183,-102.410289
2/21/2024,12:52:13,-13.31183,-102.410289
2/21/2024,12:52:14,-13.30183,-102.410289
2/21/2024,12:52:14,-13.30183,-102.420289
2/21/2024,12:52:14,-13.32183,-102.440289
2/21/2024,12:52:14,-13.32183,-102.440289
2/21/2024,12:52:14,-13.32183,-102.450289
2/21/2024,12:52:15,-13.32183,-102.440289
2/21/2024,12:52:15,-13.32183,-102.440289
2/21/2024,12:52:15,-13.32183,-102.430289
2/21/2024,12:52:15,-13.32183,-102.420289
2/21/2024,12:52:15,-13.31183,-102.430289
2/21/2024,12:52:16,-13.31183,-102.430289
2/21/2024,12:52:16,-13.30183,-102.430289
2/21/2024,12:52:16,-13.30183,-102.430289
2/21/2024,12:52:16,-13.31183,-102.440289
2/21/2024,12:52:16,-13.31183,-102.440289
2/21/2024,12:52:17,-13.31183,-102.450289
2/21/2024,12:52:17,-13.31183,-102.450289
2/21/2024,12:52:17,-13.31183,-102.440289
2/21/2024,12:52:17,-13.30183,-102.430289
2/21/2024,12:52:17,-13.30183,-102.430289
2/21/2024,12:52:18,-13.29183,-102.430289
2/21/2024,12:52:18,-13.30183,-102.440289
2/21/2024,12:52:18,-13.31183,-102.440289
2/21/2024,12:52:18,-13.31183,-102.440289
2/21/2024,12:52:18,-13.32183,-102.440289
2/21/2024,12:52:19,-13.32183,-102.450289
2/21/2024,12:52:19,-13.32183,-102.450289
2/21/2024,12:52:19,-13.32183,-102.450289
2/21/2024,12:52:19,-13.32183,-102.460289
2/21/2024,12:52:19,-13.32183,-102.460289
2/21/2024,12:52:20,-13.31183,-102.460289
2/21/2024,12:52:20,-13.31183,-102.450289
2/21/2024,12:52:20,-13.31183,-102.450289
2/21/2024,12:52:20,-13.31183,-102.450289
2/21/2024,12:52:20,-13.31183,-102.450289
2/21/2024,12:52:21,-13.30183,-102.460289
2/21/2024,12:52:21,-13.31183,-102.470289
2/21/2024,12:52:21,-13.31183,-102.490289
2/21/2024,12:52:21,-13.31183,-102.500289
2/21/2024,12:52:21,-13.31183,-102.500289
2/21/2024,12:52:22,-13.30183,-102.490289
2/21/2024,12:52:22,-13.30183,-102.490289
2/21/2024,12:52:22,-13.29183,-102.490289
2/21/2024,12:52:22,-13.29183,-102.490289
2/21/2024,12:52:22,-13.29183,-102.500289
2/21/2024,12:52:23,-13.29183,-102.500289
2/21/2024,12:52:23,-13.29183,-102.510289
2/21/2024,12:52:23,-13.30183,-102.520289
2/21/2024,12:52:23,-13.30183,-102.530289
2/21/2024,12:52:23,-13.31183,-102.540289
2/21/2024,12:52:24,-13.31183,-102.540289
2/21/2024,12:52:24,-13.31183,-102.540289
2/21/2024,12:52:24,-13.30183,-102.540289
2/21/2024,12:52:24,-13.30183,-102.550289
2/21/2024,12:52:24,-13.30183,-102.550289
2/21/2024,12:52:25,-13.30183,-102.560289
2/21/2024,12:52:25,-13.30183,-102.570289
2/21/2024,12:52:25,-13.31183,-102.580289
2/21/2024,12:52:25,-13.31183,-102.580289
2/21/2024,12:52:25,-13.30183,-102.580289
2/21/2024,12:52:26,-13.30183,-102.580289
2/21/2024,12:52:26,-13.30183,-102.590289
2/21/2024,12:52:26,-13.30183,-102.590289
2/21/2024,12:52:26,-13.30183,-102.600289
2/21/2024,12:52:26,-13.30183,-102.610289
2/21/2024,12:52:27,-13.30183,-102.630289
2/21/2024,12:52:27,-13.31183,-102.640289
2/21/2024,12:52:27,-13.31183,-102.650289
2/21/2024,12:52:27,-13.30183,-102.650289
2/21/2024,12:52:27,-13.30183,-102.640289
2/21/2024,12:52:28,-13.29183,-102.640289
2/21/2024,12:52:28,-13.29183,-102.640289
2/21/2024,12:52:28,-13.28183,-102.650289
2/21/2024,12:52:28,-13.28183,-102.660289
2/21/2024,12:52:28,-13.29183,-102.670289
2/21/2024,12:52:29,-13.29183,-102.680289
2/21/2024,12:52:29,-13.29183,-102.680289
2/21/2024,12:52:29,-13.30183,-102.700289
2/21/2024,12:52:29,-13.30183,-102.700289
2/21/2024,12:52:29,-13.29183,-102.700289
2/21/2024,12:52:30,-13.28183,-102.700289
2/21/2024,12:52:30,-13.28183,-102.700289
2/21/2024,12:52:30,-13.28183,-102.700289
2/21/2024,12:52:30,-13.28183,-102.710289
2/21/2024,12:52:30,-13.29183,-102.710289
2/21/2024,12:52:31,-13.29183,-102.710289
2/21/2024,12:52:31,-13.29183,-102.720289
2/21/2024,12:52:31,-13.29183,-102.720289
2/21/2024,12:52:31,-13.30183,-102.730289
2/21/2024,12:52:31,-13.30183,-102.730289
2/21/2024,12:52:32,-13.31183,-102.740289
2/21/2024,12:52:32,-13.31183,-102.740289
2/21/2024,12:52:32,-13.31183,-102.740289
2/21/2024,12:52:32,-13.30183,-102.730289
2/21/2024,12:52:32,-13.30183,-102.730289
2/21/2024,12:52:33,-13.30183,-102.730289
2/21/2024,12:52:33,-13.30183,-102.740289
2/21/2024,12:52:33,-13.31183,-102.750289
2/21/2024,12:52:33,-13.31183,-102.760289
2/21/2024,12:52:33,-13.31183,-102.750289
2/21/2024,12:52:34,-13.31183,-102.750289
2/21/2024,12:52:34,-13.31183,-102.750289
2/21/2024,12:52:34,-13.31183,-102.740289
2/21/2024,12:52:34,-13.31183,-102.740289
2/21/2024,12:52:34,-13.31183,-102.740289
2/21/2024,12:52:35,-13.31183,-102.750289
2/21/2024,12:52:35,-13.32183,-102.750289
2/21/2024,12:52:35,-13.32183,-102.750289
2/21/2024,12:52:35,-13.33183,-102.750289
2/21/2024,12:52:35,-13.33183,-102.750289
2/21/2024,12:52:36,-13.33183,-102.740289
2/21/2024,12:52:36,-13.33183,-102.740289
2/21/2024,12:52:36,-13.33183,-102.730289
2/21/2024,12:52:36,-13.33183,-102.730289
2/21/2024,12:52:36,-13.34183,-102.730289
2/21/2024,12:52:37,-13.34183,-102.720289
2/21/2024,12:52:37,-13.35183,-102.720289
2/21/2024,12:52:37,-13.35183,-102.720289
2/21/2024,12:52:37,-13.36183,-102.720289
2/21/2024,12:52:37,-13.36183,-102.720289
2/21/2024,12:52:38,-13.36183,-102.720289
2/21/2024,12:52:38,-13.36183,-102.720289
2/21/2024,12:52:38,-13.36183,-102.710289
2/21/2024,12:52:38,-13.35183,-102.700289
2/21/2024,12:52:38,-13.35183,-102.690289
2/21/2024,12:52:39,-13.35183,-102.680289
2/21/2024,12:52:39,-13.35183,-102.680289
2/21/2024,12:52:39,-13.36183,-102.680289
2/21/2024,12:52:39,-13.36183,-102.690289
2/21/2024,12:52:39,-13.36183,-102.690289
2/21/2024,12:52:40,-13.36183,-102.690289
2/21/2024,12:52:40,-13.36183,-102.690289
2/21/2024,12:52:40,-13.35183,-102.680289
2/21/2024,12:52:40,-13.34183,-102.660289
2/21/2024,12:52:40,-13.34183,-102.650289
2/21/2024,12:52:41,-13.33183,-102.640289
2/21/2024,12:52:41,-13.33183,-102.640289
2/21/2024,12:52:41,-13.33183,-102.640289
2/21/2024,12:52:41,-13.33183,-102.640289
2/21/2024,12:52:41,-13.33183,-102.650289
2/21/2024,12:52:42,-13.33183,-102.650289
2/21/2024,12:52:42,-13.33183,-102.650289
2/21/2024,12:52:42,-13.32183,-102.640289
2/21/2024,12:52:42,-13.31183,-102.630289
2/21/2024,12:52:42,-13.31183,-102.610289
2/21/2024,12:52:43,-13.30183,-102.600289
2/21/2024,12:52:43,-13.29183,-102.600289
2/21/2024,12:52:43,-13.29183,-102.610289
2/21/2024,12:52:43,-13.30183,-102.610289
2/21/2024,12:52:43,-13.30183,-102.610289
2/21/2024,12:52:44,-13.29183,-102.600289
2/21/2024,12:52:44,-13.29183,-102.590289
2/21/2024,12:52:44,-13.29183,-102.580289
2/21/2024,12:52:44,-13.29183,-102.580289
2/21/2024,12:52:44,-13.30183,-102.580289
2/21/2024,12:52:45,-13.30183,-102.580289
2/21/2024,12:52:45,-13.30183,-102.580289
2/21/2024,12:52:45,-13.30183,-102.570289
2/21/2024,12:52:45,-13.30183,-102.560289
2/21/2024,12:52:45,-13.30183,-102.540289
2/21/2024,12:52:46,-13.30183,-102.540289
2/21/2024,12:52:46,-13.30183,-102.540289
2/21/2024,12:52:46,-13.31183,-102.540289
2/21/2024,12:52:46,-13.32183,-102.540289
2/21/2024,12:52:46,-13.32183,-102.540289
2/21/2024,12:52:47,-13.32183,-102.540289
2/21/2024,12:52:47,-13.32183,-102.530289
2/21/2024,12:52:47,-13.32183,-102.520289
2/21/2024,12:52:47,-13.32183,-102.510289
2/21/2024,12:52:47,-13.31183,-102.510289
2/21/2024,12:52:48,-13.31183,-102.510289
2/21/2024,12:52:48,-13.31183,-102.500289
2/21/2024,12:52:48,-13.31183,-102.500289
2/21/2024,12:52:48,-13.31183,-102.500289
2/21/2024,12:52:48,-13.32183,-102.490289
2/21/2024,12:52:49,-13.32183,-102.500289
2/21/2024,12:52:49,-13.33183,-102.500289
2/21/2024,12:52:49,-13.33183,-102.500289
2/21/2024,12:52:49,-13.33183,-102.490289
2/21/2024,12:52:49,-13.32183,-102.480289
2/21/2024,12:52:50,-13.32183,-102.470289
2/21/2024,12:52:50,-13.32183,-102.460289
2/21/2024,12:52:50,-13.32183,-102.460289
2/21/2024,12:52:50,-13.32183,-102.460289
2/21/2024,12:52:50,-13.32183,-102.460289
2/21/2024,12:52:51,-13.32183,-102.460289
2/21/2024,12:52:51,-13.32183,-102.460289
2/21/2024,12:52:51,-13.32183,-102.470289
2/21/2024,12:52:51,-13.32183,-102.470289
2/21/2024,12:52:51,-13.32183,-102.470289
2/21/2024,12:52:52,-13.32183,-102.460289
2/21/2024,12:52:52,-13.31183,-102.450289
2/21/2024,12:52:52,-13.31183,-102.440289
2/21/2024,12:52:52,-13.31183,-102.440289
2/21/2024,12:52:52,-13.31183,-102.440289
2/21/2024,12:52:53,-13.31183,-102.440289
2/21/2024,12:52:53,-13.31183,-102.440289
2/21/2024,12:52:53,-13.31183,-102.440289
2/21/2024,12:52:53,-13.31183,-102.440289
2/21/2024,12:52:53,-13.31183,-102.430289
2/21/2024,12:52:54,-13.32183,-102.430289
2/21/2024,12:52:54,-13.32183,-102.430289
2/21/2024,12:52:54,-13.31183,-102.420289
2/21/2024,12:52:54,-13.31183,-102.420289
2/21/2024,12:52:54,-13.31183,-102.410289
2/21/2024,12:52:55,-13.31183,-102.410289
2/21/2024,12:52:55,-13.32183,-102.410289
2/21/2024,12:52:55,-13.32183,-102.410289
2/21/2024,12:52:55,-13.32183,-102.410289
2/21/2024,12:52:55,-13.32183,-102.400289
2/21/2024,12:52:56,-13.32183,-102.390289
2/21/2024,12:52:56,-13.32183,-102.390289
2/21/2024,12:52:56,-13.32183,-102.390289
2/21/2024,12:52:56,-13.32183,-102.400289
2/21/2024,12:52:56,-13.32183,-102.410289
2/21/2024,12:52:57,-13.32183,-102.410289
2/21/2024,12:52:57,-13.32183,-102.410289
2/21/2024,12:52:57,-13.32183,-102.410289
2/21/2024,12:52:57,-13.33183,-102.400289
2/21/2024,12:52:57,-13.32183,-102.400289
2/21/2024,12:52:58,-13.32183,-102.400289
2/21/2024,12:52:58,-13.32183,-102.400289
2/21/2024,12:52:58,-13.32183,-102.400289
2/21/2024,12:52:58,-13.31183,-102.390289
2/21/2024,12:52:58,-13.31183,-102.390289
2/21/2024,12:52:59,-13.30183,-102.390289
2/21/2024,12:52:59,-13.31183,-102.400289
2/21/2024,12:52:59,-13.32183,-102.410289
2/21/2024,12:52:59,-13.32183,-102.420289
2/21/2024,12:52:59,-13.32183,-102.420289
2/21/2024,12:53:00,-13.31183,-102.410289
2/21/2024,12:53:00,-13.31183,-102.390289
2/21/2024,12:53:00,-13.30183,-102.380289
2/21/2024,12:53:00,-13.30183,-102.390289
2/21/2024,12:53:00,-13.30183,-102.390289
2/21/2024,12:53:01,-13.30183,-102.390289
2/21/2024,12:53:01,-13.30183,-102.390289
2/21/2024,12:53:01,-13.30183,-102.400289
2/21/2024,12:53:01,-13.31183,-102.400289
2/21/2024,12:53:01,-13.32183,-102.410289
2/21/2024,12:53:02,-13.32183,-102.410289
2/21/2024,12:53:02,-13.31183,-102.410289
2/21/2024,12:53:02,-13.31183,-102.400289
2/21/2024,12:53:02,-13.31183,-102.380289
2/21/2024,12:53:02,-13.31183,-102.380289
2/21/2024,12:53:03,-13.31183,-102.380289
2/21/2024,12:53:03,-13.31183,-102.390289
2/21/2024,12:53:03,-13.32183,-102.390289
2/21/2024,12:53:03,-13.32183,-102.390289
2/21/2024,12:53:03,-13.32183,-102.390289
2/21/2024,12:53:04,-13.32183,-102.380289
2/21/2024,12:53:04,-13.32183,-102.380289
2/21/2024,12:53:04,-13.33183,-102.380289
2/21/2024,12:53:04,-13.33183,-102.380289
2/21/2024,12:53:04,-13.33183,-102.380289
2/21/2024,12:53:05,-13.33183,-102.380289
2/21/2024,12:53:05,-13.33183,-102.370289
2/21/2024,12:53:05,-13.33183,-102.370289
2/21/2024,12:53:05,-13.33183,-102.360289
2/21/2024,12:53:05,-13.33183,-102.360289
2/21/2024,12:53:06,-13.34183,-102.370289
2/21/2024,12:53:06,-13.34183,-102.370289
2/21/2024,12:53:06,-13.35183,-102.370289
2/21/2024,12:53:06,-13.35183,-102.370289
2/21/2024,12:53:06,-13.34183,-102.360289
2/21/2024,12:53:07,-13.34183,-102.360289
2/21/2024,12:53:07,-13.34183,-102.350289
2/21/2024,12:53:07,-13.34183,-102.360289
2/21/2024,12:53:07,-13.34183,-102.360289
2/21/2024,12:53:07,-13.34183,-102.370289
2/21/2024,12:53:08,-13.35183,-102.380289
2/21/2024,12:53:08,-13.35183,-102.380289
2/21/2024,12:53:08,-13.35183,-102.380289
2/21/2024,12:53:08,-13.34183,-102.380289
2/21/2024,12:53:08,-13.34183,-102.370289
2/21/2024,12:53:09,-13.34183,-102.370289
2/21/2024,12:53:09,-13.34183,-102.370289
2/21/2024,12:53:09,-13.34183,-102.370289
2/21/2024,12:53:09,-13.34183,-102.370289
2/21/2024,12:53:09,-13.34183,-102.380289
2/21/2024,12:53:10,-13.34183,-102.380289
2/21/2024,12:53:10,-13.34183,-102.380289
2/21/2024,12:53:10,-13.35183,-102.390289
2/21/2024,12:53:10,-13.35183,-102.390289
2/21/2024,12:53:10,-13.35183,-102.390289
2/21/2024,12:53:11,-13.36183,-102.390289
2/21/2024,12:53:11,-13.35183,-102.390289
2/21/2024,12:53:11,-13.35183,-102.390289
2/21/2024,12:53:11,-13.35183,-102.380289
2/21/2024,12:53:11,-13.35183,-102.370289
2/21/2024,12:53:12,-13.35183,-102.370289
2/21/2024,12:53:12,-13.35183,-102.360289
2/21/2024,12:53:12,-13.35183,-102.370289
2/21/2024,12:53:12,-13.35183,-102.390289
2/21/2024,12:53:12,-13.36183,-102.400289
2/21/2024,12:53:13,-13.36183,-102.420289
2/21/2024,12:53:13,-13.36183,-102.430289
2/21/2024,12:53:13,-13.36183,-102.420289
2/21/2024,12:53:13,-13.35183,-102.410289
2/21/2024,12:53:13,-13.34183,-102.390289
2/21/2024,12:53:14,-13.33183,-102.380289
2/21/2024,12:53:14,-13.32183,-102.380289
2/21/2024,12:53:14,-13.32183,-102.380289
2/21/2024,12:53:14,-13.33183,-102.390289
2/21/2024,12:53:14,-13.34183,-102.410289
2/21/2024,12:53:15,-13.34183,-102.440289
2/21/2024,12:53:15,-13.35183,-102.450289
2/21/2024,12:53:15,-13.35183,-102.450289
2/21/2024,12:53:15,-13.35183,-102.440289
2/21/2024,12:53:15,-13.34183,-102.420289
2/21/2024,12:53:16,-13.33183,-102.410289
2/21/2024,12:53:16,-13.32183,-102.410289
2/21/2024,12:53:16,-13.32183,-102.410289
2/21/2024,12:53:16,-13.32183,-102.420289
2/21/2024,12:53:16,-13.33183,-102.430289
2/21/2024,12:53:17,-13.33183,-102.440289
2/21/2024,12:53:17,-13.34183,-102.450289
2/21/2024,12:53:17,-13.34183,-102.460289
2/21/2024,12:53:17,-13.33183,-102.450289
2/21/2024,12:53:17,-13.33183,-102.440289
2/21/2024,12:53:18,-13.32183,-102.440289
2/21/2024,12:53:18,-13.32183,-102.440289
2/21/2024,12:53:18,-13.32183,-102.440289
2/21/2024,12:53:18,-13.32183,-102.450289
2/21/2024,12:53:18,-13.32183,-102.450289
2/21/2024,12:53:19,-13.32183,-102.450289
2/21/2024,12:53:19,-13.32183,-102.450289
2/21/2024,12:53:19,-13.32183,-102.450289
2/21/2024,12:53:19,-13.32183,-102.450289
2/21/2024,12:53:19,-13.32183,-102.460289
2/21/2024,12:53:20,-13.32183,-102.460289
2/21/2024,12:53:20,-13.32183,-102.470289
2/21/2024,12:53:20,-13.32183,-102.470289
2/21/2024,12:53:20,-13.32183,-102.480289
2/21/2024,12:53:20,-13.32183,-102.480289
2/21/2024,12:53:21,-13.31183,-102.480289
2/21/2024,12:53:21,-13.31183,-102.470289
2/21/2024,12:53:21,-13.30183,-102.470289
2/21/2024,12:53:21,-13.30183,-102.470289
2/21/2024,12:53:21,-13.30183,-102.470289
2/21/2024,12:53:22,-13.30183,-102.470289
2/21/2024,12:53:22,-13.30183,-102.480289
2/21/2024,12:53:22,-13.30183,-102.480289
2/21/2024,12:53:22,-13.31183,-102.490289
2/21/2024,12:53:22,-13.31183,-102.490289
2/21/2024,12:53:23,-13.31183,-102.500289
2/21/2024,12:53:23,-13.31183,-102.500289
2/21/2024,12:53:23,-13.31183,-102.490289
2/21/2024,12:53:23,-13.31183,-102.480289
2/21/2024,12:53:23,-13.31183,-102.480289
2/21/2024,12:53:24,-13.31183,-102.480289
2/21/2024,12:53:24,-13.32183,-102.480289
2/21/2024,12:53:24,-13.32183,-102.490289
2/21/2024,12:53:24,-13.32183,-102.490289
2/21/2024,12:53:24,-13.32183,-102.500289
2/21/2024,12:53:25,-13.33183,-102.510289
2/21/2024,12:53:25,-13.34183,-102.520289
2/21/2024,12:53:25,-13.34183,-102.530289
2/21/2024,12:53:25,-13.34183,-102.530289
2/21/2024,12:53:25,-13.33183,-102.520289
2/21/2024,12:53:26,-13.32183,-102.510289
2/21/2024,12:53:26,-13.32183,-102.510289
2/21/2024,12:53:26,-13.32183,-102.510289
2/21/2024,12:53:26,-13.32183,-102.520289
2/21/2024,12:53:26,-13.32183,-102.520289
2/21/2024,12:53:27,-13.32183,-102.520289
2/21/2024,12:53:27,-13.32183,-102.530289
2/21/2024,12:53:27,-13.33183,-102.540289
2/21/2024,12:53:27,-13.33183,-102.540289
2/21/2024,12:53:27,-13.33183,-102.550289
2/21/2024,12:53:28,-13.33183,-102.550289
2/21/2024,12:53:28,-13.33183,-102.540289
2/21/2024,12:53:28,-13.32183,-102.530289
2/21/2024,12:53:28,-13.32183,-102.530289
2/21/2024,12:53:28,-13.32183,-102.530289
2/21/2024,12:53:29,-13.32183,-102.540289
2/21/2024,12:53:29,-13.32183,-102.540289
2/21/2024,12:53:29,-13.32183,-102.550289
2/21/2024,12:53:29,-13.32183,-102.550289
2/21/2024,12:53:29,-13.32183,-102.550289
2/21/2024,12:53:30,-13.32183,-102.550289
2/21/2024,12:53:30,-13.32183,-102.550289
2/21/2024,12:53:30,-13.32183,-102.540289
2/21/2024,12:53:30,-13.31183,-102.530289
2/21/2024,12:53:30,-13.31183,-102.530289
2/21/2024,12:53:31,-13.31183,-102.540289
2/21/2024,12:53:31,-13.31183,-102.540289
2/21/2024,12:53:31,-13.32183,-102.550289
2/21/2024,12:53:31,-13.33183,-102.550289
2/21/2024,12:53:31,-13.33183,-102.550289
2/21/2024,12:53:32,-13.33183,-102.540289
2/21/2024,12:53:32,-13.33183,-102.530289
2/21/2024,12:53:32,-13.33183,-102.520289
2/21/2024,12:53:32,-13.34183,-102.520289
2/21/2024,12:53:32,-13.34183,-102.530289
2/21/2024,12:53:33,-13.35183,-102.530289
2/21/2024,12:53:33,-13.36183,-102.540289
2/21/2024,12:53:33,-13.37183,-102.550289
2/21/2024,12:53:33,-13.37183,-102.560289
2/21/2024,12:53:33,-13.38183,-102.570289
2/21/2024,12:53:34,-13.38183,-102.560289
2/21/2024,12:53:34,-13.37183,-102.550289
2/21/2024,12:53:34,-13.37183,-102.530289
2/21/2024,12:53:34,-13.37183,-102.530289
2/21/2024,12:53:34,-13.37183,-102.530289
2/21/2024,12:53:35,-13.37183,-102.530289
2/21/2024,12:53:35,-13.37183,-102.530289
2/21/2024,12:53:35,-13.37183,-102.550289
2/21/2024,12:53:35,-13.38183,-102.560289
2/21/2024,12:53:35,-13.39183,-102.570289
2/21/2024,12:53:36,-13.39183,-102.570289
2/21/2024,12:53:36,-13.39183,-102.570289
2/21/2024,12:53:36,-13.38183,-102.560289
2/21/2024,12:53:36,-13.38183,-102.550289
2/21/2024,12:53:36,-13.37183,-102.550289
2/21/2024,12:53:37,-13.36183,-102.550289
2/21/2024,12:53:37,-13.37183,-102.550289
2/21/2024,12:53:37,-13.37183,-102.550289
2/21/2024,12:53:37,-13.37183,-102.550289
2/21/2024,12:53:37,-13.36183,-102.550289
2/21/2024,12:53:38,-13.37183,-102.550289
2/21/2024,12:53:38,-13.37183,-102.560289
2/21/2024,12:53:38,-13.38183,-102.560289
2/21/2024,12:53:38,-13.38183,-102.570289
2/21/2024,12:53:38,-13.38183,-102.570289
2/21/2024,12:53:39,-13.37183,-102.560289
2/21/2024,12:53:39,-13.35183,-102.550289
2/21/2024,12:53:39,-13.35183,-102.540289
2/21/2024,12:53:39,-13.34183,-102.530289
2/21/2024,12:53:39,-13.34183,-102.520289
2/21/2024,12:53:40,-13.34183,-102.520289
2/21/2024,12:53:40,-13.34183,-102.520289
2/21/2024,12:53:40,-13.34183,-102.530289
2/21/2024,12:53:40,-13.35183,-102.550289
2/21/2024,12:53:40,-13.36183,-102.560289
2/21/2024,12:53:41,-13.36183,-102.560289
2/21/2024,12:53:41,-13.35183,-102.550289
2/21/2024,12:53:41,-13.34183,-102.530289
2/21/2024,12:53:41,-13.34183,-102.510289
2/21/2024,12:53:41,-13.33183,-102.490289
2/21/2024,12:53:42,-13.32183,-102.500289
2/21/2024,12:53:42,-13.33183,-102.500289
2/21/2024,12:53:42,-13.34183,-102.510289
2/21/2024,12:53:42,-13.36183,-102.520289
2/21/2024,12:53:42,-13.36183,-102.540289
2/21/2024,12:53:43,-13.36183,-102.550289
2/21/2024,12:53:43,-13.36183,-102.540289
2/21/2024,12:53:43,-13.35183,-102.520289
2/21/2024,12:53:43,-13.35183,-102.500289
2/21/2024,12:53:43,-13.34183,-102.500289
2/21/2024,12:53:44,-13.33183,-102.500289
2/21/2024,12:53:44,-13.33183,-102.500289
2/21/2024,12:53:44,-13.33183,-102.510289
2/21/2024,12:53:44,-13.34183,-102.520289
2/21/2024,12:53:44,-13.35183,-102.530289
2/21/2024,12:53:45,-13.35183,-102.540289
2/21/2024,12:53:45,-13.35183,-102.540289
2/21/2024,12:53:45,-13.35183,-102.540289
2/21/2024,12:53:45,-13.34183,-102.530289
2/21/2024,12:53:45,-13.33183,-102.510289
2/21/2024,12:53:46,-13.32183,-102.510289
2/21/2024,12:53:46,-13.32183,-102.510289
2/21/2024,12:53:46,-13.32183,-102.510289
2/21/2024,12:53:46,-13.32183,-102.510289
2/21/2024,12:53:46,-13.33183,-102.520289
2/21/2024,12:53:47,-13.33183,-102.530289
2/21/2024,12:53:47,-13.34183,-102.540289
2/21/2024,12:53:47,-13.34183,-102.540289
2/21/2024,12:53:47,-13.33183,-102.530289
2/21/2024,12:53:47,-13.32183,-102.520289
2/21/2024,12:53:48,-13.31183,-102.510289
2/21/2024,12:53:48,-13.31183,-102.510289
2/21/2024,12:53:48,-13.31183,-102.520289
2/21/2024,12:53:48,-13.31183,-102.520289
2/21/2024,12:53:48,-13.31183,-102.520289
2/21/2024,12:53:49,-13.31183,-102.520289
2/21/2024,12:53:49,-13.30183,-102.520289
2/21/2024,12:53:49,-13.30183,-102.510289
2/21/2024,12:53:49,-13.30183,-102.510289
2/21/2024,12:53:49,-13.30183,-102.520289
2/21/2024,12:53:50,-13.30183,-102.520289
2/21/2024,12:53:50,-13.30183,-102.520289
2/21/2024,12:53:50,-13.30183,-102.530289
2/21/2024,12:53:50,-13.30183,-102.520289
2/21/2024,12:53:50,-13.30183,-102.520289
2/21/2024,12:53:51,-13.30183,-102.510289
2/21/2024,12:53:51,-13.29183,-102.500289
2/21/2024,12:53:51,-13.30183,-102.500289
2/21/2024,12:53:51,-13.30183,-102.500289
2/21/2024,12:53:51,-13.30183,-102.500289
2/21/2024,12:53:52,-13.30183,-102.500289
2/21/2024,12:53:52,-13.31183,-102.510289
2/21/2024,12:53:52,-13.32183,-102.510289
2/21/2024,12:53:52,-13.33183,-102.510289
2/21/2024,12:53:52,-13.33183,-102.510289
2/21/2024,12:53:53,-13.32183,-102.500289
2/21/2024,12:53:53,-13.31183,-102.490289
2/21/2024,12:53:53,-13.31183,-102.480289
2/21/2024,12:53:53,-13.31183,-102.470289
2/21/2024,12:53:53,-13.32183,-102.470289
2/21/2024,12:53:54,-13.32183,-102.480289
2/21/2024,12:53:54,-13.33183,-102.480289
2/21/2024,12:53:54,-13.33183,-102.480289
2/21/2024,12:53:54,-13.34183,-102.480289
2/21/2024,12:53:54,-13.34183,-102.470289
2/21/2024,12:53:55,-13.34183,-102.470289
2/21/2024,12:53:55,-13.34183,-102.460289
2/21/2024,12:53:55,-13.34183,-102.460289
2/21/2024,12:53:55,-13.34183,-102.460289
2/21/2024,12:53:55,-13.34183,-102.460289
2/21/2024,12:53:56,-13.34183,-102.460289
2/21/2024,12:53:56,-13.34183,-102.470289
2/21/2024,12:53:56,-13.34183,-102.470289
2/21/2024,12:53:56,-13.34183,-102.460289
2/21/2024,12:53:56,-13.33183,-102.460289
2/21/2024,12:53:57,-13.33183,-102.470289
2/21/2024,12:53:57,-13.33183,-102.470289
2/21/2024,12:53:57,-13.33183,-102.470289
2/21/2024,12:53:57,-13.33183,-102.480289
2/21/2024,12:53:57,-13.33183,-102.470289
2/21/2024,12:53:58,-13.33183,-102.470289
2/21/2024,12:53:58,-13.32183,-102.470289
2/21/2024,12:53:58,-13.32183,-102.470289
2/21/2024,12:53:58,-13.32183,-102.470289
2/21/2024,12:53:58,-13.32183,-102.470289
2/21/2024,12:53:59,-13.32183,-102.470289
2/21/2024,12:53:59,-13.32183,-102.470289
2/21/2024,12:53:59,-13.32183,-102.470289
2/21/2024,12:53:59,-13.32183,-102.470289
2/21/2024,12:53:59,-13.32183,-102.470289
2/21/2024,12:54:00,-13.32183,-102.470289
2/21/2024,12:54:00,-13.31183,-102.460289
2/21/2024,12:54:00,-13.31183,-102.460289
2/21/2024,12:54:00,-13.31183,-102.470289
2/21/2024,12:54:00,-13.31183,-102.470289
2/21/2024,12:54:01,-13.31183,-102.470289
2/21/2024,12:54:01,-13.31183,-102.470289
2/21/2024,12:54:01,-13.30183,-102.470289
2/21/2024,12:54:01,-13.29183,-102.470289
2/21/2024,12:54:01,-13.29183,-102.460289
2/21/2024,12:54:02,-13.29183,-102.460289
2/21/2024,12:54:02,-13.29183,-102.460289
2/21/2024,12:54:02,-13.31183,-102.470289
2/21/2024,12:54:02,-13.31183,-102.470289
2/21/2024,12:54:02,-13.31183,-102.480289
2/21/2024,12:54:03,-13.31183,-102.480289
2/21/2024,12:54:03,-13.31183,-102.480289
2/21/2024,12:54:03,-13.31183,-102.470289
2/21/2024,12:54:03,-13.30183,-102.460289
2/21/2024,12:54:03,-13.30183,-102.450289
2/21/2024,12:54:04,-13.30183,-102.450289
2/21/2024,12:54:04,-13.30183,-102.450289
2/21/2024,12:54:04,-13.31183,-102.460289
2/21/2024,12:54:04,-13.31183,-102.470289
2/21/2024,12:54:04,-13.32183,-102.480289
2/21/2024,12:54:05,-13.32183,-102.490289
2/21/2024,12:54:05,-13.32183,-102.500289
2/21/2024,12:54:05,-13.32183,-102.490289
2/21/2024,12:54:05,-13.31183,-102.480289
2/21/2024,12:54:05,-13.30183,-102.470289
2/21/2024,12:54:06,-13.30183,-102.460289
2/21/2024,12:54:06,-13.29183,-102.470289
2/21/2024,12:54:06,-13.30183,-102.480289
2/21/2024,12:54:06,-13.30183,-102.480289
2/21/2024,12:54:06,-13.31183,-102.490289
2/21/2024,12:54:07,-13.31183,-102.510289
2/21/2024,12:54:07,-13.31183,-102.510289
2/21/2024,12:54:07,-13.31183,-102.500289
2/21/2024,12:54:07,-13.30183,-102.490289
2/21/2024,12:54:07,-13.29183,-102.480289
2/21/2024,12:54:08,-13.29183,-102.470289
2/21/2024,12:54:08,-13.29183,-102.480289
2/21/2024,12:54:08,-13.30183,-102.490289
2/21/2024,12:54:08,-13.30183,-102.500289
2/21/2024,12:54:08,-13.31183,-102.510289
2/21/2024,12:54:09,-13.32183,-102.520289
2/21/2024,12:54:09,-13.31183,-102.520289
2/21/2024,12:54:09,-13.31183,-102.510289
2/21/2024,12:54:09,-13.30183,-102.500289
2/21/2024,12:54:09,-13.30183,-102.480289
2/21/2024,12:54:10,-13.30183,-102.480289
2/21/2024,12:54:10,-13.29183,-102.480289
2/21/2024,12:54:10,-13.30183,-102.490289
2/21/2024,12:54:10,-13.31183,-102.500289
2/21/2024,12:54:10,-13.32183,-102.510289
2/21/2024,12:54:11,-13.32183,-102.520289
2/21/2024,12:54:11,-13.32183,-102.520289
2/21/2024,12:54:11,-13.31183,-102.510289
2/21/2024,12:54:11,-13.31183,-102.500289
2/21/2024,12:54:11,-13.30183,-102.490289
2/21/2024,12:54:12,-13.30183,-102.480289
2/21/2024,12:54:12,-13.29183,-102.480289
2/21/2024,12:54:12,-13.30183,-102.480289
2/21/2024,12:54:12,-13.30183,-102.490289
2/21/2024,12:54:12,-13.30183,-102.500289
2/21/2024,12:54:13,-13.31183,-102.510289
2/21/2024,12:54:13,-13.31183,-102.510289
2/21/2024,12:54:13,-13.31183,-102.520289
2/21/2024,12:54:13,-13.29183,-102.510289
2/21/2024,12:54:13,-13.28183,-102.490289
2/21/2024,12:54:14,-13.28183,-102.480289
2/21/2024,12:54:14,-13.29183,-102.470289
2/21/2024,12:54:14,-13.29183,-102.480289
2/21/2024,12:54:14,-13.30183,-102.490289
2/21/2024,12:54:14,-13.32183,-102.490289
2/21/2024,12:54:15,-13.33183,-102.500289
2/21/2024,12:54:15,-13.33183,-102.510289
2/21/2024,12:54:15,-13.33183,-102.500289
2/21/2024,12:54:15,-13.33183,-102.480289
2/21/2024,12:54:15,-13.32183,-102.470289
2/21/2024,12:54:16,-13.32183,-102.460289
2/21/2024,12:54:16,-13.32183,-102.460289
2/21/2024,12:54:16,-13.32183,-102.470289
2/21/2024,12:54:16,-13.33183,-102.480289
2/21/2024,12:54:16,-13.34183,-102.490289
2/21/2024,12:54:17,-13.35183,-102.500289
2/21/2024,12:54:17,-13.35183,-102.490289
2/21/2024,12:54:17,-13.34183,-102.480289
2/21/2024,12:54:17,-13.34183,-102.470289
2/21/2024,12:54:17,-13.33183,-102.460289
2/21/2024,12:54:18,-13.33183,-102.460289
2/21/2024,12:54:18,-13.32183,-102.460289
2/21/2024,12:54:18,-13.32183,-102.470289
2/21/2024,12:54:18,-13.33183,-102.490289
2/21/2024,12:54:18,-13.34183,-102.500289
2/21/2024,12:54:19,-13.33183,-102.500289
2/21/2024,12:54:19,-13.33183,-102.510289
2/21/2024,12:54:19,-13.32183,-102.500289
2/21/2024,12:54:19,-13.32183,-102.490289
2/21/2024,12:54:19,-13.31183,-102.480289
2/21/2024,12:54:20,-13.30183,-102.480289
2/21/2024,12:54:20,-13.30183,-102.480289
2/21/2024,12:54:20,-13.30183,-102.490289
2/21/2024,12:54:20,-13.31183,-102.510289
2/21/2024,12:54:20,-13.31183,-102.520289
2/21/2024,12:54:21,-13.31183,-102.530289
2/21/2024,12:54:21,-13.31183,-102.520289
2/21/2024,12:54:21,-13.30183,-102.520289
2/21/2024,12:54:21,-13.29183,-102.510289
2/21/2024,12:54:21,-13.28183,-102.500289
2/21/2024,12:54:22,-13.28183,-102.500289
2/21/2024,12:54:22,-13.27183,-102.510289
2/21/2024,12:54:22,-13.28183,-102.520289
2/21/2024,12:54:22,-13.29183,-102.520289
2/21/2024,12:54:22,-13.29183,-102.530289
2/21/2024,12:54:23,-13.29183,-102.540289
2/21/2024,12:54:23,-13.28183,-102.530289
2/21/2024,12:54:23,-13.29183,-102.530289
2/21/2024,12:54:23,-13.28183,-102.520289
2/21/2024,12:54:23,-13.27183,-102.520289
2/21/2024,12:54:24,-13.27183,-102.520289
2/21/2024,12:54:24,-13.27183,-102.520289
2/21/2024,12:54:24,-13.28183,-102.530289
2/21/2024,12:54:24,-13.28183,-102.530289
2/21/2024,12:54:24,-13.28183,-102.530289
2/21/2024,12:54:25,-13.28183,-102.530289
2/21/2024,12:54:25,-13.29183,-102.530289
2/21/2024,12:54:25,-13.29183,-102.530289
2/21/2024,12:54:25,-13.29183,-102.530289
2/21/2024,12:54:25,-13.29183,-102.530289
2/21/2024,12:54:26,-13.28183,-102.530289
2/21/2024,12:54:26,-13.28183,-102.520289
2/21/2024,12:54:26,-13.28183,-102.520289
2/21/2024,12:54:26,-13.29183,-102.510289
2/21/2024,12:54:26,-13.30183,-102.520289
2/21/2024,12:54:27,-13.30183,-102.520289
2/21/2024,12:54:27,-13.31183,-102.530289
2/21/2024,12:54:27,-13.32183,-102.530289
2/21/2024,12:54:27,-13.32183,-102.530289
2/21/2024,12:54:27,-13.32183,-102.530289
2/21/2024,12:54:28,-13.31183,-102.510289
2/21/2024,12:54:28,-13.31183,-102.510289
2/21/2024,12:54:28,-13.32183,-102.500289
2/21/2024,12:54:28,-13.32183,-102.510289
2/21/2024,12:54:28,-13.32183,-102.510289
2/21/2024,12:54:29,-13.33183,-102.520289
2/21/2024,12:54:29,-13.33183,-102.520289
2/21/2024,12:54:29,-13.33183,-102.520289
2/21/2024,12:54:29,-13.33183,-102.510289
2/21/2024,12:54:29,-13.33183,-102.510289
2/21/2024,12:54:30,-13.33183,-102.500289
2/21/2024,12:54:30,-13.32183,-102.500289
2/21/2024,12:54:30,-13.33183,-102.500289
2/21/2024,12:54:30,-13.33183,-102.510289
2/21/2024,12:54:30,-13.34183,-102.520289
2/21/2024,12:54:31,-13.34183,-102.520289
2/21/2024,12:54:31,-13.34183,-102.520289
2/21/2024,12:54:31,-13.33183,-102.520289
2/21/2024,12:54:31,-13.32183,-102.510289
2/21/2024,12:54:31,-13.32183,-102.500289
2/21/2024,12:54:32,-13.31183,-102.500289
2/21/2024,12:54:32,-13.31183,-102.510289
2/21/2024,12:54:32,-13.32183,-102.520289
2/21/2024,12:54:32,-13.33183,-102.530289
2/21/2024,12:54:32,-13.33183,-102.530289
2/21/2024,12:54:33,-13.33183,-102.540289
2/21/2024,12:54:33,-13.33183,-102.530289
2/21/2024,12:54:33,-13.32183,-102.520289
2/21/2024,12:54:33,-13.32183,-102.510289
2/21/2024,12:54:33,-13.32183,-102.510289
2/21/2024,12:54:34,-13.31183,-102.520289
2/21/2024,12:54:34,-13.32183,-102.520289
2/21/2024,12:54:34,-13.32183,-102.530289
2/21/2024,12:54:34,-13.32183,-102.530289
2/21/2024,12:54:34,-13.33183,-102.530289
2/21/2024,12:54:35,-13.32183,-102.530289
2/21/2024,12:54:35,-13.32183,-102.530289
2/21/2024,12:54:35,-13.32183,-102.520289
2/21/2024,12:54:35,-13.31183,-102.520289
2/21/2024,12:54:35,-13.31183,-102.510289
2/21/2024,12:54:36,-13.31183,-102.510289
2/21/2024,12:54:36,-13.32183,-102.520289
2/21/2024,12:54:36,-13.33183,-102.530289
2/21/2024,12:54:36,-13.34183,-102.530289
2/21/2024,12:54:36,-13.34183,-102.530289
2/21/2024,12:54:37,-13.33183,-102.530289
2/21/2024,12:54:37,-13.33183,-102.520289
2/21/2024,12:54:37,-13.33183,-102.510289
2/21/2024,12:54:37,-13.33183,-102.510289
2/21/2024,12:54:37,-13.33183,-102.500289
2/21/2024,12:54:38,-13.33183,-102.510289
2/21/2024,12:54:38,-13.33183,-102.520289
2/21/2024,12:54:38,-13.34183,-102.520289
2/21/2024,12:54:38,-13.34183,-102.530289
2/21/2024,12:54:38,-13.34183,-102.530289
2/21/2024,12:54:39,-13.33183,-102.530289
2/21/2024,12:54:39,-13.33183,-102.520289
2/21/2024,12:54:39,-13.33183,-102.520289
2/21/2024,12:54:39,-13.32183,-102.510289
2/21/2024,12:54:39,-13.32183,-102.510289
2/21/2024,12:54:40,-13.33183,-102.510289
2/21/2024,12:54:40,-13.33183,-102.520289
2/21/2024,12:54:40,-13.34183,-102.530289
2/21/2024,12:54:40,-13.34183,-102.530289
2/21/2024,12:54:40,-13.34183,-102.530289
2/21/2024,12:54:41,-13.33183,-102.520289
2/21/2024,12:54:41,-13.32183,-102.520289
2/21/2024,12:54:41,-13.32183,-102.510289
2/21/2024,12:54:41,-13.33183,-102.510289
2/21/2024,12:54:41,-13.33183,-102.510289
2/21/2024,12:54:42,-13.33183,-102.520289
2/21/2024,12:54:42,-13.34183,-102.520289
2/21/2024,12:54:42,-13.35183,-102.530289
2/21/2024,12:54:42,-13.35183,-102.530289
2/21/2024,12:54:42,-13.35183,-102.530289
2/21/2024,12:54:43,-13.35183,-102.520289
2/21/2024,12:54:43,-13.34183,-102.520289
2/21/2024,12:54:43,-13.34183,-102.510289
2/21/2024,12:54:43,-13.34183,-102.510289
2/21/2024,12:54:43,-13.34183,-102.510289
2/21/2024,12:54:44,-13.34183,-102.510289
2/21/2024,12:54:44,-13.34183,-102.510289
2/21/2024,12:54:44,-13.36183,-102.520289
2/21/2024,12:54:44,-13.36183,-102.530289
2/21/2024,12:54:44,-13.36183,-102.530289
2/21/2024,12:54:45,-13.36183,-102.530289
2/21/2024,12:54:45,-13.35183,-102.520289
2/21/2024,12:54:45,-13.35183,-102.510289
2/21/2024,12:54:45,-13.34183,-102.510289
2/21/2024,12:54:45,-13.34183,-102.510289
2/21/2024,12:54:46,-13.34183,-102.510289
2/21/2024,12:54:46,-13.35183,-102.520289
2/21/2024,12:54:46,-13.35183,-102.520289
2/21/2024,12:54:46,-13.35183,-102.530289
2/21/2024,12:54:46,-13.35183,-102.530289
2/21/2024,12:54:47,-13.34183,-102.520289
2/21/2024,12:54:47,-13.33183,-102.510289
2/21/2024,12:54:47,-13.34183,-102.510289
2/21/2024,12:54:47,-13.33183,-102.510289
2/21/2024,12:54:47,-13.33183,-102.510289
2/21/2024,12:54:48,-13.34183,-102.510289
2/21/2024,12:54:48,-13.34183,-102.520289
2/21/2024,12:54:48,-13.34183,-102.520289
2/21/2024,12:54:48,-13.34183,-102.520289
2/21/2024,12:54:48,-13.34183,-102.510289
2/21/2024,12:54:49,-13.33183,-102.490289
2/21/2024,12:54:49,-13.32183,-102.480289
2/21/2024,12:54:49,-13.32183,-102.480289
2/21/2024,12:54:49,-13.32183,-102.480289
2/21/2024,12:54:49,-13.32183,-102.480289
2/21/2024,12:54:50,-13.33183,-102.490289
2/21/2024,12:54:50,-13.33183,-102.500289
2/21/2024,12:54:50,-13.33183,-102.500289
2/21/2024,12:54:50,-13.33183,-102.500289
2/21/2024,12:54:50,-13.33183,-102.490289
2/21/2024,12:54:51,-13.32183,-102.470289
2/21/2024,12:54:51,-13.32183,-102.450289
2/21/2024,12:54:51,-13.31183,-102.440289
2/21/2024,12:54:51,-13.32183,-102.440289
2/21/2024,12:54:51,-13.32183,-102.450289
2/21/2024,12:54:52,-13.34183,-102.460289
2/21/2024,12:54:52,-13.34183,-102.480289
2/21/2024,12:54:52,-13.35183,-102.490289
2/21/2024,12:54:52,-13.35183,-102.490289
2/21/2024,12:54:52,-13.35183,-102.480289
2/21/2024,12:54:53,-13.33183,-102.460289
2/21/2024,12:54:53,-13.32183,-102.440289
2/21/2024,12:54:53,-13.32183,-102.430289
2/21/2024,12:54:53,-13.32183,-102.430289
2/21/2024,12:54:53,-13.33183,-102.440289
2/21/2024,12:54:54,-13.35183,-102.460289
2/21/2024,12:54:54,-13.36183,-102.470289
2/21/2024,12:54:54,-13.36183,-102.490289
2/21/2024,12:54:54,-13.37183,-102.490289
2/21/2024,12:54:54,-13.37183,-102.470289
2/21/2024,12:54:55,-13.36183,-102.450289
2/21/2024,12:54:55,-13.36183,-102.440289
2/21/2024,12:54:55,-13.35183,-102.440289
2/21/2024,12:54:55,-13.35183,-102.440289
2/21/2024,12:54:55,-13.36183,-102.440289
2/21/2024,12:54:56,-13.37183,-102.450289
2/21/2024,12:54:56,-13.37183,-102.460289
2/21/2024,12:54:56,-13.38183,-102.460289
2/21/2024,12:54:56,-13.38183,-102.460289
2/21/2024,12:54:56,-13.38183,-102.460289
2/21/2024,12:54:57,-13.38183,-102.460289
2/21/2024,12:54:57,-13.38183,-102.450289
2/21/2024,12:54:57,-13.38183,-102.450289
2/21/2024,12:54:57,-13.37183,-102.450289
2/21/2024,12:54:57,-13.37183,-102.440289
2/21/2024,12:54:58,-13.37183,-102.440289
2/21/2024,12:54:58,-13.37183,-102.440289
2/21/2024,12:54:58,-13.38183,-102.440289
2/21/2024,12:54:58,-13.38183,-102.440289
2/21/2024,12:54:58,-13.38183,-102.450289
2/21/2024,12:54:59,-13.39183,-102.460289
2/21/2024,12:54:59,-13.39183,-102.460289
2/21/2024,12:54:59,-13.39183,-102.460289
2/21/2024,12:54:59,-13.39183,-102.460289
2/21/2024,12:54:59,-13.38183,-102.450289
2/21/2024,12:55:00,-13.38183,-102.440289
2/21/2024,12:55:00,-13.37183,-102.440289
2/21/2024,12:55:00,-13.37183,-102.440289
2/21/2024,12:55:00,-13.37183,-102.430289
2/21/2024,12:55:00,-13.37183,-102.430289
2/21/2024,12:55:01,-13.37183,-102.430289
2/21/2024,12:55:01,-13.37183,-102.440289
2/21/2024,12:55:01,-13.38183,-102.450289
2/21/2024,12:55:01,-13.38183,-102.450289
2/21/2024,12:55:01,-13.38183,-102.460289
2/21/2024,12:55:02,-13.38183,-102.460289
2/21/2024,12:55:02,-13.37183,-102.450289
2/21/2024,12:55:02,-13.36183,-102.430289
2/21/2024,12:55:02,-13.35183,-102.420289
2/21/2024,12:55:02,-13.34183,-102.410289
2/21/2024,12:55:03,-13.34183,-102.410289
2/21/2024,12:55:03,-13.34183,-102.410289
2/21/2024,12:55:03,-13.35183,-102.420289
2/21/2024,12:55:03,-13.35183,-102.430289
2/21/2024,12:55:03,-13.36183,-102.440289
2/21/2024,12:55:04,-13.36183,-102.450289
2/21/2024,12:55:04,-13.36183,-102.450289
2/21/2024,12:55:04,-13.36183,-102.440289
2/21/2024,12:55:04,-13.35183,-102.430289
2/21/2024,12:55:04,-13.34183,-102.420289
2/21/2024,12:55:05,-13.34183,-102.410289
2/21/2024,12:55:05,-13.34183,-102.410289
2/21/2024,12:55:05,-13.35183,-102.410289
2/21/2024,12:55:05,-13.35183,-102.420289
2/21/2024,12:55:05,-13.35183,-102.430289
2/21/2024,12:55:06,-13.36183,-102.440289
2/21/2024,12:55:06,-13.36183,-102.460289
2/21/2024,12:55:06,-13.37183,-102.470289
2/21/2024,12:55:06,-13.37183,-102.460289
2/21/2024,12:55:06,-13.37183,-102.460289
2/21/2024,12:55:07,-13.35183,-102.440289
2/21/2024,12:55:07,-13.34183,-102.440289
2/21/2024,12:55:07,-13.34183,-102.440289
2/21/2024,12:55:07,-13.34183,-102.440289
2/21/2024,12:55:07,-13.34183,-102.440289
2/21/2024,12:55:08,-13.34183,-102.450289
2/21/2024,12:55:08,-13.34183,-102.460289
2/21/2024,12:55:08,-13.35183,-102.480289
2/21/2024,12:55:08,-13.36183,-102.480289
2/21/2024,12:55:08,-13.35183,-102.490289
2/21/2024,12:55:09,-13.35183,-102.480289
2/21/2024,12:55:09,-13.34183,-102.480289
2/21/2024,12:55:09,-13.33183,-102.470289
2/21/2024,12:55:09,-13.33183,-102.470289
2/21/2024,12:55:09,-13.32183,-102.480289
2/21/2024,12:55:10,-13.32183,-102.480289
2/21/2024,12:55:10,-13.32183,-102.480289
2/21/2024,12:55:10,-13.32183,-102.490289
2/21/2024,12:55:10,-13.31183,-102.480289
2/21/2024,12:55:10,-13.31183,-102.480289
2/21/2024,12:55:11,-13.30183,-102.480289
2/21/2024,12:55:11,-13.30183,-102.490289
2/21/2024,12:55:11,-13.31183,-102.500289
2/21/2024,12:55:11,-13.31183,-102.510289
2/21/2024,12:55:11,-13.31183,-102.510289
2/21/2024,12:55:12,-13.31183,-102.510289
2/21/2024,12:55:12,-13.30183,-102.510289
2/21/2024,12:55:12,-13.29183,-102.500289
2/21/2024,12:55:12,-13.28183,-102.500289
2/21/2024,12:55:12,-13.28183,-102.490289
2/21/2024,12:55:13,-13.28183,-102.490289
2/21/2024,12:55:13,-13.28183,-102.490289
2/21/2024,12:55:13,-13.29183,-102.490289
2/21/2024,12:55:13,-13.30183,-102.510289
2/21/2024,12:55:13,-13.31183,-102.520289
2/21/2024,12:55:14,-13.31183,-102.530289
2/21/2024,12:55:14,-13.32183,-102.540289
2/21/2024,12:55:14,-13.32183,-102.530289
2/21/2024,12:55:14,-13.31183,-102.510289
2/21/2024,12:55:14,-13.31183,-102.500289
2/21/2024,12:55:15,-13.30183,-102.500289
2/21/2024,12:55:15,-13.30183,-102.490289
2/21/2024,12:55:15,-13.30183,-102.490289
2/21/2024,12:55:15,-13.31183,-102.490289
2/21/2024,12:55:15,-13.31183,-102.510289
2/21/2024,12:55:16,-13.32183,-102.520289
2/21/2024,12:55:16,-13.33183,-102.520289
2/21/2024,12:55:16,-13.33183,-102.520289
2/21/2024,12:55:16,-13.32183,-102.510289
2/21/2024,12:55:16,-13.31183,-102.500289
2/21/2024,12:55:17,-13.31183,-102.490289
2/21/2024,12:55:17,-13.31183,-102.490289
2/21/2024,12:55:17,-13.31183,-102.500289
2/21/2024,12:55:17,-13.32183,-102.500289
2/21/2024,12:55:17,-13.33183,-102.500289
2/21/2024,12:55:18,-13.33183,-102.500289
2/21/2024,12:55:18,-13.34183,-102.510289
2/21/2024,12:55:18,-13.35183,-102.510289
2/21/2024,12:55:18,-13.35183,-102.500289
2/21/2024,12:55:18,-13.35183,-102.490289
2/21/2024,12:55:19,-13.35183,-102.490289
2/21/2024,12:55:19,-13.36183,-102.480289
2/21/2024,12:55:19,-13.36183,-102.490289
2/21/2024,12:55:19,-13.37183,-102.490289
2/21/2024,12:55:19,-13.37183,-102.500289
2/21/2024,12:55:20,-13.38183,-102.500289
2/21/2024,12:55:20,-13.37183,-102.490289
2/21/2024,12:55:20,-13.37183,-102.490289
2/21/2024,12:55:20,-13.37183,-102.480289
2/21/2024,12:55:20,-13.37183,-102.480289
2/21/2024,12:55:21,-13.37183,-102.490289
2/21/2024,12:55:21,-13.38183,-102.500289
2/21/2024,12:55:21,-13.39183,-102.510289
2/21/2024,12:55:21,-13.39183,-102.510289
2/21/2024,12:55:21,-13.38183,-102.510289
2/21/2024,12:55:22,-13.37183,-102.500289
2/21/2024,12:55:22,-13.36183,-102.490289
2/21/2024,12:55:22,-13.36183,-102.490289
2/21/2024,12:55:22,-13.35183,-102.500289
2/21/2024,12:55:22,-13.35183,-102.510289
2/21/2024,12:55:23,-13.36183,-102.520289
2/21/2024,12:55:23,-13.36183,-102.530289
2/21/2024,12:55:23,-13.36183,-102.540289
2/21/2024,12:55:23,-13.36183,-102.540289
2/21/2024,12:55:23,-13.35183,-102.530289
2/21/2024,12:55:24,-13.34183,-102.520289
2/21/2024,12:55:24,-13.33183,-102.510289
2/21/2024,12:55:24,-13.33183,-102.520289
2/21/2024,12:55:24,-13.33183,-102.520289
2/21/2024,12:55:24,-13.34183,-102.530289
2/21/2024,12:55:25,-13.34183,-102.540289
2/21/2024,12:55:25,-13.34183,-102.550289
2/21/2024,12:55:25,-13.34183,-102.550289
2/21/2024,12:55:25,-13.34183,-102.550289
2/21/2024,12:55:25,-13.33183,-102.540289
2/21/2024,12:55:26,-13.33183,-102.530289
2/21/2024,12:55:26,-13.32183,-102.530289
2/21/2024,12:55:26,-13.33183,-102.530289
2/21/2024,12:55:26,-13.33183,-102.540289
2/21/2024,12:55:26,-13.33183,-102.540289
2/21/2024,12:55:27,-13.34183,-102.550289
2/21/2024,12:55:27,-13.34183,-102.550289
2/21/2024,12:55:27,-13.34183,-102.550289
2/21/2024,12:55:27,-13.34183,-102.550289
2/21/2024,12:55:27,-13.34183,-102.550289
2/21/2024,12:55:28,-13.34183,-102.550289
2/21/2024,12:55:28,-13.34183,-102.550289
2/21/2024,12:55:28,-13.34183,-102.550289
2/21/2024,12:55:28,-13.34183,-102.550289
2/21/2024,12:55:28,-13.34183,-102.550289
2/21/2024,12:55:29,-13.34183,-102.550289
2/21/2024,12:55:29,-13.34183,-102.550289
2/21/2024,12:55:29,-13.34183,-102.550289
2/21/2024,12:55:29,-13.34183,-102.560289
2/21/2024,12:55:29,-13.35183,-102.560289
2/21/2024,12:55:30,-13.35183,-102.570289
2/21/2024,12:55:30,-13.35183,-102.580289
2/21/2024,12:55:30,-13.35183,-102.580289
2/21/2024,12:55:30,-13.34183,-102.570289
2/21/2024,12:55:30,-13.33183,-102.570289
2/21/2024,12:55:31,-13.32183,-102.560289
2/21/2024,12:55:31,-13.32183,-102.560289
2/21/2024,12:55:31,-13.32183,-102.570289
2/21/2024,12:55:31,-13.32183,-102.570289
2/21/2024,12:55:31,-13.32183,-102.580289
2/21/2024,12:55:32,-13.32183,-102.590289
2/21/2024,12:55:32,-13.32183,-102.590289
2/21/2024,12:55:32,-13.32183,-102.590289
2/21/2024,12:55:32,-13.32183,-102.590289
2/21/2024,12:55:32,-13.31183,-102.590289
2/21/2024,12:55:33,-13.31183,-102.590289
2/21/2024,12:55:33,-13.30183,-102.590289
2/21/2024,12:55:33,-13.30183,-102.590289
2/21/2024,12:55:33,-13.30183,-102.590289
2/21/2024,12:55:33,-13.30183,-102.590289
2/21/2024,12:55:34,-13.29183,-102.590289
2/21/2024,12:55:34,-13.29183,-102.590289
2/21/2024,12:55:34,-13.30183,-102.590289
2/21/2024,12:55:34,-13.30183,-102.590289
2/21/2024,12:55:34,-13.31183,-102.600289
2/21/2024,12:55:35,-13.31183,-102.610289
2/21/2024,12:55:35,-13.31183,-102.610289
2/21/2024,12:55:35,-13.31183,-102.610289
2/21/2024,12:55:35,-13.30183,-102.600289
2/21/2024,12:55:35,-13.30183,-102.580289
2/21/2024,12:55:36,-13.29183,-102.580289
2/21/2024,12:55:36,-13.29183,-102.580289
2/21/2024,12:55:36,-13.29183,-102.580289
2/21/2024,12:55:36,-13.30183,-102.590289
2/21/2024,12:55:36,-13.31183,-102.600289
2/21/2024,12:55:37,-13.31183,-102.610289
2/21/2024,12:55:37,-13.32183,-102.610289
2/21/2024,12:55:37,-13.31183,-102.600289
2/21/2024,12:55:37,-13.31183,-102.590289
2/21/2024,12:55:37,-13.31183,-102.580289
2/21/2024,12:55:38,-13.31183,-102.580289
2/21/2024,12:55:38,-13.31183,-102.590289
2/21/2024,12:55:38,-13.31183,-102.590289
2/21/2024,12:55:38,-13.31183,-102.600289
2/21/2024,12:55:38,-13.31183,-102.600289
2/21/2024,12:55:39,-13.31183,-102.590289
2/21/2024,12:55:39,-13.31183,-102.590289
2/21/2024,12:55:39,-13.31183,-102.580289
2/21/2024,12:55:39,-13.31183,-102.580289
2/21/2024,12:55:39,-13.31183,-102.590289
2/21/2024,12:55:40,-13.31183,-102.590289
2/21/2024,12:55:40,-13.32183,-102.600289
2/21/2024,12:55:40,-13.31183,-102.600289
2/21/2024,12:55:40,-13.31183,-102.590289
2/21/2024,12:55:40,-13.30183,-102.580289
2/21/2024,12:55:41,-13.30183,-102.570289
2/21/2024,12:55:41,-13.29183,-102.570289
2/21/2024,12:55:41,-13.30183,-102.570289
2/21/2024,12:55:41,-13.29183,-102.570289
2/21/2024,12:55:41,-13.30183,-102.580289
2/21/2024,12:55:42,-13.31183,-102.580289
2/21/2024,12:55:42,-13.31183,-102.580289
2/21/2024,12:55:42,-13.31183,-102.590289
2/21/2024,12:55:42,-13.31183,-102.590289
2/21/2024,12:55:42,-13.31183,-102.580289
2/21/2024,12:55:43,-13.31183,-102.570289
2/21/2024,12:55:43,-13.30183,-102.560289
2/21/2024,12:55:43,-13.30183,-102.560289
2/21/2024,12:55:43,-13.30183,-102.560289
2/21/2024,12:55:43,-13.30183,-102.560289
2/21/2024,12:55:44,-13.30183,-102.560289
2/21/2024,12:55:44,-13.31183,-102.560289
2/21/2024,12:55:44,-13.31183,-102.570289
2/21/2024,12:55:44,-13.32183,-102.570289
2/21/2024,12:55:44,-13.33183,-102.580289
2/21/2024,12:55:45,-13.33183,-102.580289
2/21/2024,12:55:45,-13.33183,-102.580289
2/21/2024,12:55:45,-13.32183,-102.570289
2/21/2024,12:55:45,-13.31183,-102.560289
2/21/2024,12:55:45,-13.31183,-102.550289
2/21/2024,12:55:46,-13.31183,-102.550289
2/21/2024,12:55:46,-13.31183,-102.550289
2/21/2024,12:55:46,-13.32183,-102.550289
2/21/2024,12:55:46,-13.32183,-102.560289
2/21/2024,12:55:46,-13.33183,-102.570289
2/21/2024,12:55:47,-13.34183,-102.580289
2/21/2024,12:55:47,-13.34183,-102.590289
2/21/2024,12:55:47,-13.35183,-102.590289
2/21/2024,12:55:47,-13.34183,-102.580289
2/21/2024,12:55:47,-13.33183,-102.560289
2/21/2024,12:55:48,-13.33183,-102.540289
2/21/2024,12:55:48,-13.32183,-102.540289
2/21/2024,12:55:48,-13.33183,-102.540289
2/21/2024,12:55:48,-13.34183,-102.550289
2/21/2024,12:55:48,-13.35183,-102.560289
2/21/2024,12:55:49,-13.36183,-102.570289
2/21/2024,12:55:49,-13.37183,-102.580289
2/21/2024,12:55:49,-13.38183,-102.580289
2/21/2024,12:55:49,-13.38183,-102.570289
2/21/2024,12:55:49,-13.38183,-102.560289
2/21/2024,12:55:50,-13.37183,-102.540289
2/21/2024,12:55:50,-13.37183,-102.540289
2/21/2024,12:55:50,-13.37183,-102.540289
2/21/2024,12:55:50,-13.37183,-102.540289
2/21/2024,12:55:50,-13.38183,-102.540289
2/21/2024,12:55:51,-13.38183,-102.540289
2/21/2024,12:55:51,-13.38183,-102.540289
2/21/2024,12:55:51,-13.38183,-102.540289
2/21/2024,12:55:51,-13.39183,-102.550289
2/21/2024,12:55:51,-13.39183,-102.550289
2/21/2024,12:55:52,-13.39183,-102.540289
2/21/2024,12:55:52,-13.39183,-102.540289
2/21/2024,12:55:52,-13.38183,-102.540289
2/21/2024,12:55:52,-13.38183,-102.530289
2/21/2024,12:55:52,-13.37183,-102.530289
2/21/2024,12:55:53,-13.37183,-102.530289
2/21/2024,12:55:53,-13.37183,-102.530289
2/21/2024,12:55:53,-13.37183,-102.530289
2/21/2024,12:55:53,-13.37183,-102.530289
2/21/2024,12:55:53,-13.37183,-102.530289
2/21/2024,12:55:54,-13.37183,-102.530289
2/21/2024,12:55:54,-13.37183,-102.540289
2/21/2024,12:55:54,-13.38183,-102.550289
2/21/2024,12:55:54,-13.37183,-102.550289
2/21/2024,12:55:54,-13.36183,-102.540289
2/21/2024,12:55:55,-13.35183,-102.530289
2/21/2024,12:55:55,-13.35183,-102.520289
2/21/2024,12:55:55,-13.34183,-102.520289
2/21/2024,12:55:55,-13.34183,-102.520289
2/21/2024,12:55:55,-13.35183,-102.530289
2/21/2024,12:55:56,-13.35183,-102.530289
2/21/2024,12:55:56,-13.36183,-102.540289
2/21/2024,12:55:56,-13.36183,-102.550289
2/21/2024,12:55:56,-13.36183,-102.540289
2/21/2024,12:55:56,-13.35183,-102.540289
2/21/2024,12:55:57,-13.34183,-102.530289
2/21/2024,12:55:57,-13.34183,-102.530289
2/21/2024,12:55:57,-13.34183,-102.530289
2/21/2024,12:55:57,-13.33183,-102.530289
2/21/2024,12:55:57,-13.33183,-102.530289
2/21/2024,12:55:58,-13.33183,-102.540289
2/21/2024,12:55:58,-13.34183,-102.550289
2/21/2024,12:55:58,-13.34183,-102.550289
2/21/2024,12:55:58,-13.34183,-102.550289
2/21/2024,12:55:58,-13.33183,-102.540289
2/21/2024,12:55:59,-13.32183,-102.540289
2/21/2024,12:55:59,-13.32183,-102.530289
2/21/2024,12:55:59,-13.32183,-102.530289
2/21/2024,12:55:59,-13.32183,-102.540289
2/21/2024,12:55:59,-13.32183,-102.550289
2/21/2024,12:56:00,-13.32183,-102.550289
2/21/2024,12:56:00,-13.32183,-102.560289
2/21/2024,12:56:00,-13.32183,-102.560289
2/21/2024,12:56:00,-13.31183,-102.550289
2/21/2024,12:56:00,-13.31183,-102.550289
2/21/2024,12:56:01,-13.30183,-102.550289
2/21/2024,12:56:01,-13.30183,-102.560289
2/21/2024,12:56:01,-13.30183,-102.560289
2/21/2024,12:56:01,-13.31183,-102.560289
2/21/2024,12:56:01,-13.30183,-102.560289
2/21/2024,12:56:02,-13.31183,-102.560289
2/21/2024,12:56:02,-13.31183,-102.560289
2/21/2024,12:56:02,-13.31183,-102.570289
2/21/2024,12:56:02,-13.31183,-102.570289
2/21/2024,12:56:02,-13.32183,-102.570289
2/21/2024,12:56:03,-13.31183,-102.570289
2/21/2024,12:56:03,-13.30183,-102.570289
2/21/2024,12:56:03,-13.30183,-102.560289
2/21/2024,12:56:03,-13.30183,-102.550289
2/21/2024,12:56:03,-13.30183,-102.560289
2/21/2024,12:56:04,-13.30183,-102.560289
2/21/2024,12:56:04,-13.30183,-102.570289
2/21/2024,12:56:04,-13.31183,-102.580289
2/21/2024,12:56:04,-13.32183,-102.580289
2/21/2024,12:56:04,-13.32183,-102.580289
2/21/2024,12:56:05,-13.31183,-102.580289
2/21/2024,12:56:05,-13.31183,-102.560289
2/21/2024,12:56:05,-13.30183,-102.560289
2/21/2024,12:56:05,-13.30183,-102.550289
2/21/2024,12:56:05,-13.30183,-102.550289
2/21/2024,12:56:06,-13.30183,-102.550289
2/21/2024,12:56:06,-13.31183,-102.550289
2/21/2024,12:56:06,-13.32183,-102.560289
2/21/2024,12:56:06,-13.33183,-102.570289
2/21/2024,12:56:06,-13.34183,-102.580289
2/21/2024,12:56:07,-13.34183,-102.580289
2/21/2024,12:56:07,-13.34183,-102.570289
2/21/2024,12:56:07,-13.33183,-102.560289
2/21/2024,12:56:07,-13.33183,-102.550289
2/21/2024,12:56:07,-13.32183,-102.540289
2/21/2024,12:56:08,-13.32183,-102.540289
2/21/2024,12:56:08,-13.33183,-102.540289
2/21/2024,12:56:08,-13.33183,-102.540289
2/21/2024,12:56:08,-13.33183,-102.550289
2/21/2024,12:56:08,-13.34183,-102.560289
2/21/2024,12:56:09,-13.35183,-102.570289
2/21/2024,12:56:09,-13.36183,-102.580289
2/21/2024,12:56:09,-13.36183,-102.580289
2/21/2024,12:56:09,-13.35183,-102.570289
2/21/2024,12:56:09,-13.34183,-102.550289
2/21/2024,12:56:10,-13.34183,-102.550289
2/21/2024,12:56:10,-13.33183,-102.550289
2/21/2024,12:56:10,-13.33183,-102.550289
2/21/2024,12:56:10,-13.33183,-102.550289
2/21/2024,12:56:10,-13.34183,-102.550289
2/21/2024,12:56:11,-13.35183,-102.570289
2/21/2024,12:56:11,-13.36183,-102.580289
2/21/2024,12:56:11,-13.36183,-102.580289
2/21/2024,12:56:11,-13.36183,-102.580289
2/21/2024,12:56:11,-13.36183,-102.580289
2/21/2024,12:56:12,-13.35183,-102.570289
2/21/2024,12:56:12,-13.35183,-102.560289
2/21/2024,12:56:12,-13.35183,-102.570289
2/21/2024,12:56:12,-13.35183,-102.570289
2/21/2024,12:56:12,-13.35183,-102.570289
2/21/2024,12:56:13,-13.35183,-102.570289
2/21/2024,12:56:13,-13.35183,-102.570289
2/21/2024,12:56:13,-13.35183,-102.580289
2/21/2024,12:56:13,-13.35183,-102.580289
2/21/2024,12:56:13,-13.36183,-102.590289
2/21/2024,12:56:14,-13.36183,-102.590289
2/21/2024,12:56:14,-13.36183,-102.600289
2/21/2024,12:56:14,-13.37183,-102.600289
2/21/2024,12:56:14,-13.36183,-102.600289
2/21/2024,12:56:14,-13.35183,-102.590289
2/21/2024,12:56:15,-13.35183,-102.580289
2/21/2024,12:56:15,-13.34183,-102.580289
2/21/2024,12:56:15,-13.34183,-102.580289
2/21/2024,12:56:15,-13.34183,-102.580289
2/21/2024,12:56:15,-13.34183,-102.580289
2/21/2024,12:56:16,-13.34183,-102.590289
2/21/2024,12:56:16,-13.35183,-102.600289
2/21/2024,12:56:16,-13.36183,-102.610289
2/21/2024,12:56:16,-13.36183,-102.610289
2/21/2024,12:56:16,-13.36183,-102.610289
2/21/2024,12:56:17,-13.36183,-102.600289
2/21/2024,12:56:17,-13.35183,-102.590289
2/21/2024,12:56:17,-13.34183,-102.580289
2/21/2024,12:56:17,-13.33183,-102.580289
2/21/2024,12:56:17,-13.33183,-102.580289
2/21/2024,12:56:18,-13.33183,-102.580289
2/21/2024,12:56:18,-13.33183,-102.570289
2/21/2024,12:56:18,-13.33183,-102.580289
2/21/2024,12:56:18,-13.34183,-102.590289
2/21/2024,12:56:18,-13.35183,-102.600289
2/21/2024,12:56:19,-13.35183,-102.610289
2/21/2024,12:56:19,-13.35183,-102.610289
2/21/2024,12:56:19,-13.35183,-102.610289
2/21/2024,12:56:19,-13.35183,-102.590289
2/21/2024,12:56:19,-13.33183,-102.580289
2/21/2024,12:56:20,-13.32183,-102.570289
2/21/2024,12:56:20,-13.32183,-102.570289
2/21/2024,12:56:20,-13.33183,-102.560289
2/21/2024,12:56:20,-13.34183,-102.570289
2/21/2024,12:56:20,-13.34183,-102.580289
2/21/2024,12:56:21,-13.35183,-102.590289
2/21/2024,12:56:21,-13.35183,-102.610289
2/21/2024,12:56:21,-13.36183,-102.620289
2/21/2024,12:56:21,-13.36183,-102.620289
2/21/2024,12:56:21,-13.36183,-102.600289
2/21/2024,12:56:22,-13.35183,-102.590289
2/21/2024,12:56:22,-13.34183,-102.580289
2/21/2024,12:56:22,-13.34183,-102.580289
2/21/2024,12:56:22,-13.34183,-102.590289
2/21/2024,12:56:22,-13.34183,-102.590289
2/21/2024,12:56:23,-13.34183,-102.600289
2/21/2024,12:56:23,-13.35183,-102.610289
2/21/2024,12:56:23,-13.35183,-102.620289
2/21/2024,12:56:23,-13.36183,-102.620289
2/21/2024,12:56:23,-13.35183,-102.620289
2/21/2024,12:56:24,-13.34183,-102.610289
2/21/2024,12:56:24,-13.34183,-102.600289
2/21/2024,12:56:24,-13.33183,-102.590289
2/21/2024,12:56:24,-13.33183,-102.590289
2/21/2024,12:56:24,-13.32183,-102.600289
2/21/2024,12:56:25,-13.32183,-102.600289
2/21/2024,12:56:25,-13.33183,-102.600289
2/21/2024,12:56:25,-13.33183,-102.610289
2/21/2024,12:56:25,-13.32183,-102.610289
2/21/2024,12:56:25,-13.32183,-102.610289
2/21/2024,12:56:26,-13.31183,-102.610289
2/21/2024,12:56:26,-13.30183,-102.600289
2/21/2024,12:56:26,-13.30183,-102.600289
2/21/2024,12:56:26,-13.30183,-102.600289
2/21/2024,12:56:26,-13.30183,-102.600289
2/21/2024,12:56:27,-13.31183,-102.600289
2/21/2024,12:56:27,-13.31183,-102.600289
2/21/2024,12:56:27,-13.32183,-102.600289
2/21/2024,12:56:27,-13.32183,-102.600289
2/21/2024,12:56:27,-13.31183,-102.590289
2/21/2024,12:56:28,-13.31183,-102.580289
2/21/2024,12:56:28,-13.30183,-102.580289
2/21/2024,12:56:28,-13.31183,-102.580289
2/21/2024,12:56:28,-13.31183,-102.580289
2/21/2024,12:56:28,-13.32183,-102.580289
2/21/2024,12:56:29,-13.32183,-102.580289
2/21/2024,12:56:29,-13.32183,-102.590289
2/21/2024,12:56:29,-13.33183,-102.580289
2/21/2024,12:56:29,-13.33183,-102.580289
2/21/2024,12:56:29,-13.33183,-102.570289
2/21/2024,12:56:30,-13.32183,-102.570289
2/21/2024,12:56:30,-13.32183,-102.560289
2/21/2024,12:56:30,-13.32183,-102.550289
2/21/2024,12:56:30,-13.33183,-102.550289
2/21/2024,12:56:30,-13.33183,-102.550289
2/21/2024,12:56:31,-13.34183,-102.550289
2/21/2024,12:56:31,-13.34183,-102.560289
2/21/2024,12:56:31,-13.35183,-102.560289
2/21/2024,12:56:31,-13.35183,-102.560289
2/21/2024,12:56:31,-13.35183,-102.560289
2/21/2024,12:56:32,-13.35183,-102.550289
2/21/2024,12:56:32,-13.34183,-102.540289
2/21/2024,12:56:32,-13.34183,-102.530289
2/21/2024,12:56:32,-13.34183,-102.530289
2/21/2024,12:56:32,-13.34183,-102.530289
2/21/2024,12:56:33,-13.34183,-102.530289
2/21/2024,12:56:33,-13.35183,-102.530289
2/21/2024,12:56:33,-13.35183,-102.540289
2/21/2024,12:56:33,-13.35183,-102.540289
2/21/2024,12:56:33,-13.35183,-102.540289
2/21/2024,12:56:34,-13.35183,-102.540289
2/21/2024,12:56:34,-13.34183,-102.540289
2/21/2024,12:56:34,-13.33183,-102.530289
2/21/2024,12:56:34,-13.33183,-102.520289
2/21/2024,12:56:34,-13.32183,-102.520289
2/21/2024,12:56:35,-13.32183,-102.530289
2/21/2024,12:56:35,-13.32183,-102.530289
2/21/2024,12:56:35,-13.33183,-102.540289
2/21/2024,12:56:35,-13.33183,-102.540289
2/21/2024,12:56:35,-13.33183,-102.540289
2/21/2024,12:56:36,-13.33183,-102.550289
2/21/2024,12:56:36,-13.33183,-102.550289
2/21/2024,12:56:36,-13.32183,-102.540289
2/21/2024,12:56:36,-13.32183,-102.530289
2/21/2024,12:56:36,-13.31183,-102.520289
2/21/2024,12:56:37,-13.31183,-102.520289
2/21/2024,12:56:37,-13.31183,-102.520289
2/21/2024,12:56:37,-13.32183,-102.530289
2/21/2024,12:56:37,-13.33183,-102.540289
2/21/2024,12:56:37,-13.33183,-102.540289
2/21/2024,12:56:38,-13.33183,-102.550289
2/21/2024,12:56:38,-13.33183,-102.550289
2/21/2024,12:56:38,-13.33183,-102.540289
2/21/2024,12:56:38,-13.32183,-102.520289
2/21/2024,12:56:38,-13.32183,-102.510289
2/21/2024,12:56:39,-13.31183,-102.510289
2/21/2024,12:56:39,-13.32183,-102.510289
2/21/2024,12:56:39,-13.32183,-102.520289
2/21/2024,12:56:39,-13.33183,-102.530289
2/21/2024,12:56:39,-13.33183,-102.540289
2/21/2024,12:56:40,-13.33183,-102.540289
2/21/2024,12:56:40,-13.33183,-102.540289
2/21/2024,12:56:40,-13.33183,-102.530289
2/21/2024,12:56:40,-13.33183,-102.520289
2/21/2024,12:56:40,-13.32183,-102.510289
2/21/2024,12:56:41,-13.32183,-102.510289
2/21/2024,12:56:41,-13.32183,-102.510289
2/21/2024,12:56:41,-13.33183,-102.510289
2/21/2024,12:56:41,-13.33183,-102.510289
2/21/2024,12:56:41,-13.33183,-102.520289
2/21/2024,12:56:42,-13.34183,-102.520289
2/21/2024,12:56:42,-13.34183,-102.520289
2/21/2024,12:56:42,-13.35183,-102.530289
2/21/2024,12:56:42,-13.35183,-102.530289
2/21/2024,12:56:42,-13.35183,-102.520289
2/21/2024,12:56:43,-13.34183,-102.520289
2/21/2024,12:56:43,-13.34183,-102.510289
2/21/2024,12:56:43,-13.34183,-102.510289
2/21/2024,12:56:43,-13.34183,-102.510289
2/21/2024,12:56:43,-13.34183,-102.510289
2/21/2024,12:56:44,-13.34183,-102.510289
2/21/2024,12:56:44,-13.35183,-102.520289
2/21/2024,12:56:44,-13.35183,-102.530289
2/21/2024,12:56:44,-13.35183,-102.530289
2/21/2024,12:56:44,-13.35183,-102.540289
2/21/2024,12:56:45,-13.35183,-102.530289
2/21/2024,12:56:45,-13.35183,-102.530289
2/21/2024,12:56:45,-13.35183,-102.530289
2/21/2024,12:56:45,-13.35183,-102.520289
2/21/2024,12:56:45,-13.35183,-102.520289
2/21/2024,12:56:46,-13.35183,-102.520289
2/21/2024,12:56:46,-13.35183,-102.520289
2/21/2024,12:56:46,-13.34183,-102.520289
2/21/2024,12:56:46,-13.35183,-102.530289
2/21/2024,12:56:46,-13.35183,-102.540289
2/21/2024,12:56:47,-13.35183,-102.550289
2/21/2024,12:56:47,-13.35183,-102.550289
2/21/2024,12:56:47,-13.35183,-102.560289
2/21/2024,12:56:47,-13.34183,-102.550289
2/21/2024,12:56:47,-13.33183,-102.530289
2/21/2024,12:56:48,-13.32183,-102.510289
2/21/2024,12:56:48,-13.32183,-102.510289
2/21/2024,12:56:48,-13.32183,-102.520289
2/21/2024,12:56:48,-13.33183,-102.530289
2/21/2024,12:56:48,-13.34183,-102.540289
2/21/2024,12:56:49,-13.35183,-102.560289
2/21/2024,12:56:49,-13.35183,-102.570289
2/21/2024,12:56:49,-13.35183,-102.560289
2/21/2024,12:56:49,-13.36183,-102.550289
2/21/2024,12:56:49,-13.34183,-102.530289
2/21/2024,12:56:50,-13.33183,-102.520289
2/21/2024,12:56:50,-13.33183,-102.520289
2/21/2024,12:56:50,-13.34183,-102.520289
2/21/2024,12:56:50,-13.34183,-102.520289
2/21/2024,12:56:50,-13.34183,-102.530289
2/21/2024,12:56:51,-13.35183,-102.550289
2/21/2024,12:56:51,-13.35183,-102.560289
2/21/2024,12:56:51,-13.36183,-102.570289
2/21/2024,12:56:51,-13.36183,-102.570289
2/21/2024,12:56:51,-13.35183,-102.560289
2/21/2024,12:56:52,-13.34183,-102.540289
2/21/2024,12:56:52,-13.34183,-102.530289
2/21/2024,12:56:52,-13.33183,-102.540289
2/21/2024,12:56:52,-13.33183,-102.540289
2/21/2024,12:56:52,-13.33183,-102.540289
2/21/2024,12:56:53,-13.33183,-102.540289
2/21/2024,12:56:53,-13.34183,-102.560289
2/21/2024,12:56:53,-13.35183,-102.570289
2/21/2024,12:56:53,-13.35183,-102.580289
2/21/2024,12:56:53,-13.35183,-102.580289
2/21/2024,12:56:54,-13.35183,-102.580289
2/21/2024,12:56:54,-13.34183,-102.560289
2/21/2024,12:56:54,-13.33183,-102.550289
2/21/2024,12:56:54,-13.32183,-102.540289
2/21/2024,12:56:54,-13.32183,-102.550289
2/21/2024,12:56:55,-13.32183,-102.550289
2/21/2024,12:56:55,-13.33183,-102.560289
2/21/2024,12:56:55,-13.34183,-102.580289
2/21/2024,12:56:55,-13.34183,-102.590289
2/21/2024,12:56:55,-13.34183,-102.590289
2/21/2024,12:56:56,-13.35183,-102.580289
2/21/2024,12:56:56,-13.34183,-102.580289
2/21/2024,12:56:56,-13.33183,-102.570289
2/21/2024,12:56:56,-13.32183,-102.560289
2/21/2024,12:56:56,-13.32183,-102.570289
2/21/2024,12:56:57,-13.32183,-102.570289
2/21/2024,12:56:57,-13.32183,-102.580289
2/21/2024,12:56:57,-13.32183,-102.580289
2/21/2024,12:56:57,-13.32183,-102.590289
2/21/2024,12:56:57,-13.32183,-102.590289
2/21/2024,12:56:58,-13.32183,-102.600289
2/21/2024,12:56:58,-13.33183,-102.600289
2/21/2024,12:56:58,-13.32183,-102.600289
2/21/2024,12:56:58,-13.32183,-102.600289
2/21/2024,12:56:58,-13.32183,-102.600289
2/21/2024,12:56:59,-13.31183,-102.600289
2/21/2024,12:56:59,-13.30183,-102.600289
2/21/2024,12:56:59,-13.30183,-102.600289
2/21/2024,12:56:59,-13.30183,-102.590289
2/21/2024,12:56:59,-13.30183,-102.590289
2/21/2024,12:57:00,-13.30183,-102.600289
2/21/2024,12:57:00,-13.31183,-102.610289
2/21/2024,12:57:00,-13.32183,-102.620289
2/21/2024,12:57:00,-13.32183,-102.630289
2/21/2024,12:57:00,-13.32183,-102.630289
2/21/2024,12:57:01,-13.31183,-102.620289
2/21/2024,12:57:01,-13.30183,-102.610289
2/21/2024,12:57:01,-13.30183,-102.600289
2/21/2024,12:57:01,-13.30183,-102.600289
2/21/2024,12:57:01,-13.31183,-102.610289
2/21/2024,12:57:02,-13.32183,-102.610289
2/21/2024,12:57:02,-13.33183,-102.620289
2/21/2024,12:57:02,-13.33183,-102.630289
2/21/2024,12:57:02,-13.34183,-102.630289
2/21/2024,12:57:02,-13.34183,-102.630289
2/21/2024,12:57:03,-13.34183,-102.630289
2/21/2024,12:57:03,-13.34183,-102.620289
2/21/2024,12:57:03,-13.34183,-102.620289
2/21/2024,12:57:03,-13.34183,-102.620289
2/21/2024,12:57:03,-13.34183,-102.610289
2/21/2024,12:57:04,-13.33183,-102.610289
2/21/2024,12:57:04,-13.33183,-102.610289
2/21/2024,12:57:04,-13.34183,-102.620289
2/21/2024,12:57:04,-13.35183,-102.620289
2/21/2024,12:57:04,-13.36183,-102.630289
2/21/2024,12:57:05,-13.36183,-102.630289
2/21/2024,12:57:05,-13.36183,-102.630289
2/21/2024,12:57:05,-13.37183,-102.630289
2/21/2024,12:57:05,-13.37183,-102.630289
2/21/2024,12:57:05,-13.36183,-102.620289
2/21/2024,12:57:06,-13.35183,-102.620289
2/21/2024,12:57:06,-13.35183,-102.620289
2/21/2024,12:57:06,-13.35183,-102.620289
2/21/2024,12:57:06,-13.36183,-102.620289
2/21/2024,12:57:06,-13.36183,-102.630289
2/21/2024,12:57:07,-13.37183,-102.630289
2/21/2024,12:57:07,-13.37183,-102.640289
2/21/2024,12:57:07,-13.38183,-102.640289
2/21/2024,12:57:07,-13.37183,-102.640289
2/21/2024,12:57:07,-13.36183,-102.630289
2/21/2024,12:57:08,-13.36183,-102.630289
2/21/2024,12:57:08,-13.35183,-102.630289
2/21/2024,12:57:08,-13.35183,-102.630289
2/21/2024,12:57:08,-13.35183,-102.630289
2/21/2024,12:57:08,-13.34183,-102.640289
2/21/2024,12:57:09,-13.34183,-102.640289
2/21/2024,12:57:09,-13.34183,-102.640289
2/21/2024,12:57:09,-13.34183,-102.650289
2/21/2024,12:57:09,-13.34183,-102.650289
2/21/2024,12:57:09,-13.34183,-102.660289
2/21/2024,12:57:10,-13.33183,-102.660289
2/21/2024,12:57:10,-13.32183,-102.650289
2/21/2024,12:57:10,-13.32183,-102.650289
2/21/2024,12:57:10,-13.31183,-102.650289
2/21/2024,12:57:10,-13.32183,-102.650289
2/21/2024,12:57:11,-13.32183,-102.660289
2/21/2024,12:57:11,-13.32183,-102.660289
2/21/2024,12:57:11,-13.33183,-102.670289
2/21/2024,12:57:11,-13.33183,-102.670289
2/21/2024,12:57:11,-13.32183,-102.660289
2/21/2024,12:57:12,-13.32183,-102.650289
2/21/2024,12:57:12,-13.31183,-102.660289
2/21/2024,12:57:12,-13.31183,-102.660289
2/21/2024,12:57:12,-13.32183,-102.670289
2/21/2024,12:57:12,-13.32183,-102.670289
2/21/2024,12:57:13,-13.32183,-102.680289
2/21/2024,12:57:13,-13.32183,-102.680289
2/21/2024,12:57:13,-13.32183,-102.670289
2/21/2024,12:57:13,-13.32183,-102.680289
2/21/2024,12:57:13,-13.31183,-102.680289
2/21/2024,12:57:14,-13.31183,-102.670289
2/21/2024,12:57:14,-13.30183,-102.670289
2/21/2024,12:57:14,-13.30183,-102.670289
2/21/2024,12:57:14,-13.30183,-102.660289
2/21/2024,12:57:14,-13.30183,-102.670289
2/21/2024,12:57:15,-13.30183,-102.680289
2/21/2024,12:57:15,-13.31183,-102.690289
2/21/2024,12:57:15,-13.31183,-102.700289
2/21/2024,12:57:15,-13.31183,-102.700289
2/21/2024,12:57:15,-13.30183,-102.690289
2/21/2024,12:57:16,-13.29183,-102.670289
2/21/2024,12:57:16,-13.28183,-102.650289
2/21/2024,12:57:16,-13.28183,-102.660289
2/21/2024,12:57:16,-13.28183,-102.670289
2/21/2024,12:57:16,-13.31183,-102.690289
2/21/2024,12:57:17,-13.31183,-102.700289
2/21/2024,12:57:17,-13.31183,-102.710289
2/21/2024,12:57:17,-13.31183,-102.710289
2/21/2024,12:57:17,-13.30183,-102.690289
2/21/2024,12:57:17,-13.30183,-102.670289
2/21/2024,12:57:18,-13.29183,-102.660289
2/21/2024,12:57:18,-13.28183,-102.670289
2/21/2024,12:57:18,-13.29183,-102.670289
2/21/2024,12:57:18,-13.30183,-102.690289
2/21/2024,12:57:18,-13.31183,-102.700289
2/21/2024,12:57:19,-13.30183,-102.700289
2/21/2024,12:57:19,-13.31183,-102.710289
2/21/2024,12:57:19,-13.31183,-102.710289
2/21/2024,12:57:19,-13.28183,-102.690289
2/21/2024,12:57:19,-13.28183,-102.680289
2/21/2024,12:57:20,-13.27183,-102.680289
2/21/2024,12:57:20,-13.27183,-102.680289
2/21/2024,12:57:20,-13.28183,-102.680289
2/21/2024,12:57:20,-13.29183,-102.680289
2/21/2024,12:57:20,-13.29183,-102.690289
2/21/2024,12:57:21,-13.29183,-102.690289
2/21/2024,12:57:21,-13.29183,-102.690289
2/21/2024,12:57:21,-13.29183,-102.690289
2/21/2024,12:57:21,-13.28183,-102.680289
2/21/2024,12:57:21,-13.27183,-102.670289
2/21/2024,12:57:22,-13.27183,-102.670289
2/21/2024,12:57:22,-13.27183,-102.670289
2/21/2024,12:57:22,-13.28183,-102.670289
2/21/2024,12:57:22,-13.29183,-102.680289
2/21/2024,12:57:22,-13.29183,-102.670289
2/21/2024,12:57:23,-13.30183,-102.670289
2/21/2024,12:57:23,-13.29183,-102.660289
2/21/2024,12:57:23,-13.29183,-102.660289
2/21/2024,12:57:23,-13.29183,-102.650289
2/21/2024,12:57:23,-13.29183,-102.650289
2/21/2024,12:57:24,-13.29183,-102.650289
2/21/2024,12:57:24,-13.31183,-102.660289
2/21/2024,12:57:24,-13.31183,-102.660289
2/21/2024,12:57:24,-13.31183,-102.660289
2/21/2024,12:57:24,-13.31183,-102.650289
2/21/2024,12:57:25,-13.31183,-102.640289
2/21/2024,12:57:25,-13.30183,-102.630289
2/21/2024,12:57:25,-13.30183,-102.630289
2/21/2024,12:57:25,-13.31183,-102.630289
2/21/2024,12:57:25,-13.31183,-102.630289
2/21/2024,12:57:26,-13.31183,-102.630289
2/21/2024,12:57:26,-13.31183,-102.630289
2/21/2024,12:57:26,-13.32183,-102.630289
2/21/2024,12:57:26,-13.32183,-102.630289
2/21/2024,12:57:26,-13.32183,-102.620289
2/21/2024,12:57:27,-13.32183,-102.620289
2/21/2024,12:57:27,-13.31183,-102.610289
2/21/2024,12:57:27,-13.31183,-102.600289
2/21/2024,12:57:27,-13.32183,-102.600289
2/21/2024,12:57:27,-13.32183,-102.600289
2/21/2024,12:57:28,-13.32183,-102.600289
2/21/2024,12:57:28,-13.33183,-102.600289
2/21/2024,12:57:28,-13.34183,-102.600289
2/21/2024,12:57:28,-13.34183,-102.600289
2/21/2024,12:57:28,-13.34183,-102.590289
2/21/2024,12:57:29,-13.34183,-102.590289
2/21/2024,12:57:29,-13.34183,-102.580289
2/21/2024,12:57:29,-13.34183,-102.580289
2/21/2024,12:57:29,-13.34183,-102.580289
2/21/2024,12:57:29,-13.33183,-102.570289
2/21/2024,12:57:30,-13.33183,-102.570289
2/21/2024,12:57:30,-13.33183,-102.580289
2/21/2024,12:57:30,-13.33183,-102.590289
2/21/2024,12:57:30,-13.34183,-102.600289
2/21/2024,12:57:30,-13.34183,-102.600289
2/21/2024,12:57:31,-13.33183,-102.600289
2/21/2024,12:57:31,-13.32183,-102.590289
2/21/2024,12:57:31,-13.32183,-102.580289
2/21/2024,12:57:31,-13.31183,-102.580289
2/21/2024,12:57:31,-13.30183,-102.580289
2/21/2024,12:57:32,-13.30183,-102.580289
2/21/2024,12:57:32,-13.31183,-102.590289
2/21/2024,12:57:32,-13.31183,-102.590289
2/21/2024,12:57:32,-13.30183,-102.600289
2/21/2024,12:57:32,-13.30183,-102.600289
2/21/2024,12:57:33,-13.30183,-102.600289
2/21/2024,12:57:33,-13.30183,-102.600289
2/21/2024,12:57:33,-13.29183,-102.600289
2/21/2024,12:57:33,-13.29183,-102.590289
2/21/2024,12:57:33,-13.29183,-102.590289
2/21/2024,12:57:34,-13.28183,-102.590289
2/21/2024,12:57:34,-13.28183,-102.590289
2/21/2024,12:57:34,-13.28183,-102.580289
2/21/2024,12:57:34,-13.28183,-102.590289
2/21/2024,12:57:34,-13.28183,-102.590289
2/21/2024,12:57:35,-13.28183,-102.590289
2/21/2024,12:57:35,-13.28183,-102.580289
2/21/2024,12:57:35,-13.28183,-102.580289
2/21/2024,12:57:35,-13.29183,-102.580289
2/21/2024,12:57:35,-13.29183,-102.580289
2/21/2024,12:57:36,-13.29183,-102.590289
2/21/2024,12:57:36,-13.29183,-102.580289
2/21/2024,12:57:36,-13.28183,-102.580289
2/21/2024,12:57:36,-13.28183,-102.570289
2/21/2024,12:57:36,-13.28183,-102.560289
2/21/2024,12:57:37,-13.28183,-102.560289
2/21/2024,12:57:37,-13.29183,-102.560289
2/21/2024,12:57:37,-13.29183,-102.560289
2/21/2024,12:57:37,-13.30183,-102.560289
2/21/2024,12:57:37,-13.30183,-102.570289
2/21/2024,12:57:38,-13.31183,-102.560289
2/21/2024,12:57:38,-13.31183,-102.570289
2/21/2024,12:57:38,-13.31183,-102.570289
2/21/2024,12:57:38,-13.31183,-102.560289
2/21/2024,12:57:38,-13.31183,-102.560289
2/21/2024,12:57:39,-13.30183,-102.550289
2/21/2024,12:57:39,-13.30183,-102.540289
2/21/2024,12:57:39,-13.30183,-102.530289
2/21/2024,12:57:39,-13.31183,-102.530289
2/21/2024,12:57:39,-13.31183,-102.530289
2/21/2024,12:57:40,-13.33183,-102.550289
2/21/2024,12:57:40,-13.34183,-102.560289
2/21/2024,12:57:40,-13.34183,-102.560289
2/21/2024,12:57:40,-13.35183,-102.550289
2/21/2024,12:57:40,-13.35183,-102.540289
2/21/2024,12:57:41,-13.34183,-102.530289
2/21/2024,12:57:41,-13.34183,-102.520289
2/21/2024,12:57:41,-13.35183,-102.530289
2/21/2024,12:57:41,-13.35183,-102.520289
2/21/2024,12:57:41,-13.35183,-102.520289
2/21/2024,12:57:42,-13.35183,-102.510289
2/21/2024,12:57:42,-13.35183,-102.510289
2/21/2024,12:57:42,-13.35183,-102.510289
2/21/2024,12:57:42,-13.37183,-102.520289
2/21/2024,12:57:42,-13.37183,-102.530289
2/21/2024,12:57:43,-13.38183,-102.540289
2/21/2024,12:57:43,-13.38183,-102.540289
2/21/2024,12:57:43,-13.38183,-102.520289
2/21/2024,12:57:43,-13.37183,-102.490289
2/21/2024,12:57:43,-13.37183,-102.480289
2/21/2024,12:57:44,-13.36183,-102.480289
2/21/2024,12:57:44,-13.36183,-102.490289
2/21/2024,12:57:44,-13.37183,-102.500289
2/21/2024,12:57:44,-13.38183,-102.510289
2/21/2024,12:57:44,-13.37183,-102.510289
2/21/2024,12:57:45,-13.37183,-102.510289
2/21/2024,12:57:45,-13.37183,-102.500289
2/21/2024,12:57:45,-13.36183,-102.490289
2/21/2024,12:57:45,-13.35183,-102.480289
2/21/2024,12:57:45,-13.35183,-102.470289
2/21/2024,12:57:46,-13.35183,-102.470289
2/21/2024,12:57:46,-13.34183,-102.470289
2/21/2024,12:57:46,-13.34183,-102.460289
2/21/2024,12:57:46,-13.34183,-102.470289
2/21/2024,12:57:46,-13.34183,-102.470289
2/21/2024,12:57:47,-13.35183,-102.480289
2/21/2024,12:57:47,-13.35183,-102.480289
2/21/2024,12:57:47,-13.35183,-102.470289
2/21/2024,12:57:47,-13.34183,-102.460289
2/21/2024,12:57:47,-13.34183,-102.440289
2/21/2024,12:57:48,-13.34183,-102.430289
2/21/2024,12:57:48,-13.34183,-102.440289
2/21/2024,12:57:48,-13.35183,-102.440289
2/21/2024,12:57:48,-13.36183,-102.450289
2/21/2024,12:57:48,-13.36183,-102.450289
2/21/2024,12:57:49,-13.36183,-102.440289
2/21/2024,12:57:49,-13.36183,-102.430289
2/21/2024,12:57:49,-13.37183,-102.430289
2/21/2024,12:57:49,-13.37183,-102.430289
2/21/2024,12:57:49,-13.37183,-102.430289
2/21/2024,12:57:50,-13.37183,-102.430289
2/21/2024,12:57:50,-13.36183,-102.420289
2/21/2024,12:57:50,-13.36183,-102.410289
2/21/2024,12:57:50,-13.35183,-102.400289
2/21/2024,12:57:50,-13.35183,-102.400289
2/21/2024,12:57:51,-13.35183,-102.420289
2/21/2024,12:57:51,-13.36183,-102.430289
2/21/2024,12:57:51,-13.37183,-102.440289
2/21/2024,12:57:51,-13.37183,-102.440289
2/21/2024,12:57:51,-13.36183,-102.440289
2/21/2024,12:57:52,-13.36183,-102.430289
2/21/2024,12:57:52,-13.35183,-102.410289
2/21/2024,12:57:52,-13.34183,-102.410289
2/21/2024,12:57:52,-13.34183,-102.420289
2/21/2024,12:57:52,-13.34183,-102.420289
2/21/2024,12:57:53,-13.34183,-102.420289
2/21/2024,12:57:53,-13.34183,-102.420289
2/21/2024,12:57:53,-13.34183,-102.430289
2/21/2024,12:57:53,-13.34183,-102.440289
2/21/2024,12:57:53,-13.34183,-102.440289
2/21/2024,12:57:54,-13.34183,-102.440289
2/21/2024,12:57:54,-13.33183,-102.430289
2/21/2024,12:57:54,-13.32183,-102.420289
2/21/2024,12:57:54,-13.32183,-102.410289
2/21/2024,12:57:54,-13.32183,-102.400289
2/21/2024,12:57:55,-13.31183,-102.400289
2/21/2024,12:57:55,-13.31183,-102.410289
2/21/2024,12:57:55,-13.32183,-102.410289
2/21/2024,12:57:55,-13.32183,-102.420289
2/21/2024,12:57:55,-13.33183,-102.430289
2/21/2024,12:57:56,-13.32183,-102.430289
2/21/2024,12:57:56,-13.32183,-102.420289
2/21/2024,12:57:56,-13.31183,-102.410289
2/21/2024,12:57:56,-13.30183,-102.400289
2/21/2024,12:57:56,-13.30183,-102.400289
2/21/2024,12:57:57,-13.30183,-102.390289
2/21/2024,12:57:57,-13.30183,-102.390289
2/21/2024,12:57:57,-13.30183,-102.390289
2/21/2024,12:57:57,-13.31183,-102.400289
2/21/2024,12:57:57,-13.31183,-102.400289
2/21/2024,12:57:58,-13.32183,-102.410289
2/21/2024,12:57:58,-13.32183,-102.400289
2/21/2024,12:57:58,-13.31183,-102.390289
2/21/2024,12:57:58,-13.31183,-102.370289
2/21/2024,12:57:58,-13.30183,-102.360289
2/21/2024,12:57:59,-13.30183,-102.360289
2/21/2024,12:57:59,-13.30183,-102.370289
2/21/2024,12:57:59,-13.31183,-102.380289
2/21/2024,12:57:59,-13.32183,-102.380289
2/21/2024,12:57:59,-13.32183,-102.390289
2/21/2024,12:58:00,-13.32183,-102.380289
2/21/2024,12:58:00,-13.32183,-102.370289
2/21/2024,12:58:00,-13.31183,-102.360289
2/21/2024,12:58:00,-13.31183,-102.370289
2/21/2024,12:58:00,-13.31183,-102.370289
2/21/2024,12:58:01,-13.32183,-102.370289
2/21/2024,12:58:01,-13.32183,-102.370289
2/21/2024,12:58:01,-13.32183,-102.360289
2/21/2024,12:58:01,-13.32183,-102.360289
2/21/2024,12:58:01,-13.33183,-102.360289
2/21/2024,12:58:02,-13.33183,-102.370289
2/21/2024,12:58:02,-13.34183,-102.380289
2/21/2024,12:58:02,-13.35183,-102.380289
2/21/2024,12:58:02,-13.34183,-102.370289
2/21/2024,12:58:02,-13.34183,-102.360289
2/21/2024,12:58:03,-13.34183,-102.350289
2/21/2024,12:58:03,-13.34183,-102.350289
2/21/2024,12:58:03,-13.34183,-102.350289
2/21/2024,12:58:03,-13.35183,-102.350289
2/21/2024,12:58:03,-13.35183,-102.350289
2/21/2024,12:58:04,-13.35183,-102.360289
2/21/2024,12:58:04,-13.35183,-102.360289
2/21/2024,12:58:04,-13.35183,-102.370289
2/21/2024,12:58:04,-13.35183,-102.380289
2/21/2024,12:58:04,-13.35183,-102.380289
2/21/2024,12:58:05,-13.35183,-102.370289
2/21/2024,12:58:05,-13.34183,-102.350289
2/21/2024,12:58:05,-13.34183,-102.340289
2/21/2024,12:58:05,-13.34183,-102.340289
2/21/2024,12:58:05,-13.34183,-102.350289
2/21/2024,12:58:06,-13.34183,-102.360289
2/21/2024,12:58:06,-13.34183,-102.370289
2/21/2024,12:58:06,-13.34183,-102.380289
2/21/2024,12:58:06,-13.35183,-102.380289
2/21/2024,12:58:06,-13.34183,-102.370289
2/21/2024,12:58:07,-13.34183,-102.370289
2/21/2024,12:58:07,-13.33183,-102.360289
2/21/2024,12:58:07,-13.33183,-102.360289
2/21/2024,12:58:07,-13.33183,-102.360289
2/21/2024,12:58:07,-13.33183,-102.360289
2/21/2024,12:58:08,-13.32183,-102.350289
2/21/2024,12:58:08,-13.32183,-102.360289
2/21/2024,12:58:08,-13.32183,-102.360289
2/21/2024,12:58:08,-13.32183,-102.360289
2/21/2024,12:58:08,-13.32183,-102.370289
2/21/2024,12:58:09,-13.32183,-102.360289
2/21/2024,12:58:09,-13.31183,-102.350289
2/21/2024,12:58:09,-13.32183,-102.350289
2/21/2024,12:58:09,-13.31183,-102.350289
2/21/2024,12:58:09,-13.31183,-102.350289
2/21/2024,12:58:10,-13.32183,-102.350289
2/21/2024,12:58:10,-13.32183,-102.350289
2/21/2024,12:58:10,-13.32183,-102.350289
2/21/2024,12:58:10,-13.32183,-102.350289
2/21/2024,12:58:10,-13.32183,-102.340289
2/21/2024,12:58:11,-13.31183,-102.340289
2/21/2024,12:58:11,-13.31183,-102.340289
2/21/2024,12:58:11,-13.32183,-102.340289
2/21/2024,12:58:11,-13.32183,-102.350289
2/21/2024,12:58:11,-13.32183,-102.350289
2/21/2024,12:58:12,-13.33183,-102.350289
2/21/2024,12:58:12,-13.33183,-102.350289
2/21/2024,12:58:12,-13.33183,-102.350289
2/21/2024,12:58:12,-13.33183,-102.350289
2/21/2024,12:58:12,-13.33183,-102.350289
2/21/2024,12:58:13,-13.32183,-102.350289
2/21/2024,12:58:13,-13.32183,-102.350289
2/21/2024,12:58:13,-13.33183,-102.350289
2/21/2024,12:58:13,-13.33183,-102.350289
2/21/2024,12:58:13,-13.33183,-102.360289
2/21/2024,12:58:14,-13.34183,-102.370289
2/21/2024,12:58:14,-13.35183,-102.380289
2/21/2024,12:58:14,-13.34183,-102.390289
2/21/2024,12:58:14,-13.34183,-102.380289
2/21/2024,12:58:14,-13.34183,-102.360289
2/21/2024,12:58:15,-13.33183,-102.350289
2/21/2024,12:58:15,-13.33183,-102.340289
2/21/2024,12:58:15,-13.33183,-102.350289
2/21/2024,12:58:15,-13.34183,-102.360289
2/21/2024,12:58:15,-13.35183,-102.370289
2/21/2024,12:58:16,-13.35183,-102.390289
2/21/2024,12:58:16,-13.35183,-102.400289
2/21/2024,12:58:16,-13.34183,-102.410289
2/21/2024,12:58:16,-13.35183,-102.410289
2/21/2024,12:58:16,-13.34183,-102.400289
2/21/2024,12:58:17,-13.34183,-102.380289
2/21/2024,12:58:17,-13.33183,-102.370289
2/21/2024,12:58:17,-13.33183,-102.380289
2/21/2024,12:58:17,-13.32183,-102.380289
2/21/2024,12:58:17,-13.33183,-102.400289
2/21/2024,12:58:18,-13.33183,-102.410289
2/21/2024,12:58:18,-13.33183,-102.420289
2/21/2024,12:58:18,-13.34183,-102.430289
2/21/2024,12:58:18,-13.34183,-102.430289
2/21/2024,12:58:18,-13.33183,-102.420289
2/21/2024,12:58:19,-13.32183,-102.400289
2/21/2024,12:58:19,-13.31183,-102.390289
2/21/2024,12:58:19,-13.30183,-102.390289
2/21/2024,12:58:19,-13.30183,-102.400289
2/21/2024,12:58:19,-13.30183,-102.400289
2/21/2024,12:58:20,-13.31183,-102.410289
2/21/2024,12:58:20,-13.31183,-102.410289
2/21/2024,12:58:20,-13.31183,-102.410289
2/21/2024,12:58:20,-13.31183,-102.420289
2/21/2024,12:58:20,-13.31183,-102.420289
2/21/2024,12:58:21,-13.32183,-102.410289
2/21/2024,12:58:21,-13.32183,-102.410289
2/21/2024,12:58:21,-13.32183,-102.410289
2/21/2024,12:58:21,-13.32183,-102.400289
2/21/2024,12:58:21,-13.31183,-102.400289
2/21/2024,12:58:22,-13.31183,-102.390289
2/21/2024,12:58:22,-13.31183,-102.390289
2/21/2024,12:58:22,-13.32183,-102.390289
2/21/2024,12:58:22,-13.32183,-102.400289
2/21/2024,12:58:22,-13.32183,-102.400289
2/21/2024,12:58:23,-13.33183,-102.410289
2/21/2024,12:58:23,-13.33183,-102.410289
2/21/2024,12:58:23,-13.34183,-102.420289
2/21/2024,12:58:23,-13.34183,-102.420289
2/21/2024,12:58:23,-13.33183,-102.410289
2/21/2024,12:58:24,-13.33183,-102.400289
2/21/2024,12:58:24,-13.32183,-102.390289
2/21/2024,12:58:24,-13.32183,-102.390289
2/21/2024,12:58:24,-13.32183,-102.400289
2/21/2024,12:58:24,-13.32183,-102.410289
2/21/2024,12:58:25,-13.33183,-102.430289
2/21/2024,12:58:25,-13.33183,-102.450289
2/21/2024,12:58:25,-13.32183,-102.450289
2/21/2024,12:58:25,-13.31183,-102.450289
2/21/2024,12:58:25,-13.31183,-102.440289
2/21/2024,12:58:26,-13.30183,-102.430289
2/21/2024,12:58:26,-13.30183,-102.430289
2/21/2024,12:58:26,-13.30183,-102.440289
2/21/2024,12:58:26,-13.30183,-102.440289
2/21/2024,12:58:26,-13.30183,-102.440289
2/21/2024,12:58:27,-13.30183,-102.460289
2/21/2024,12:58:27,-13.31183,-102.470289
2/21/2024,12:58:27,-13.32183,-102.490289
2/21/2024,12:58:27,-13.32183,-102.500289
2/21/2024,12:58:27,-13.32183,-102.500289
2/21/2024,12:58:28,-13.31183,-102.490289
2/21/2024,12:58:28,-13.31183,-102.480289
2/21/2024,12:58:28,-13.30183,-102.470289
2/21/2024,12:58:28,-13.30183,-102.480289
2/21/2024,12:58:28,-13.30183,-102.500289
2/21/2024,12:58:29,-13.31183,-102.510289
2/21/2024,12:58:29,-13.31183,-102.520289
2/21/2024,12:58:29,-13.32183,-102.530289
2/21/2024,12:58:29,-13.32183,-102.540289
2/21/2024,12:58:29,-13.31183,-102.540289
2/21/2024,12:58:30,-13.31183,-102.530289
2/21/2024,12:58:30,-13.30183,-102.520289
2/21/2024,12:58:30,-13.29183,-102.530289
2/21/2024,12:58:30,-13.29183,-102.530289
2/21/2024,12:58:30,-13.29183,-102.530289
2/21/2024,12:58:31,-13.29183,-102.540289
2/21/2024,12:58:31,-13.29183,-102.560289
2/21/2024,12:58:31,-13.30183,-102.570289
2/21/2024,12:58:31,-13.30183,-102.580289
2/21/2024,12:58:31,-13.30183,-102.590289
2/21/2024,12:58:32,-13.28183,-102.570289
2/21/2024,12:58:32,-13.28183,-102.560289
2/21/2024,12:58:32,-13.28183,-102.560289
2/21/2024,12:58:32,-13.27183,-102.570289
2/21/2024,12:58:32,-13.27183,-102.580289
2/21/2024,12:58:33,-13.28183,-102.590289
2/21/2024,12:58:33,-13.29183,-102.600289
2/21/2024,12:58:33,-13.29183,-102.610289
2/21/2024,12:58:33,-13.29183,-102.610289
2/21/2024,12:58:33,-13.29183,-102.610289
2/21/2024,12:58:34,-13.28183,-102.600289
2/21/2024,12:58:34,-13.28183,-102.600289
2/21/2024,12:58:34,-13.28183,-102.610289
2/21/2024,12:58:34,-13.28183,-102.620289
2/21/2024,12:58:34,-13.28183,-102.620289
2/21/2024,12:58:35,-13.28183,-102.630289
2/21/2024,12:58:35,-13.29183,-102.630289
2/21/2024,12:58:35,-13.29183,-102.640289
2/21/2024,12:58:35,-13.30183,-102.640289
2/21/2024,12:58:35,-13.30183,-102.650289
2/21/2024,12:58:36,-13.30183,-102.650289
2/21/2024,12:58:36,-13.29183,-102.650289
2/21/2024,12:58:36,-13.29183,-102.650289
2/21/2024,12:58:36,-13.29183,-102.660289
2/21/2024,12:58:36,-13.29183,-102.660289
2/21/2024,12:58:37,-13.30183,-102.680289
2/21/2024,12:58:37,-13.31183,-102.690289
2/21/2024,12:58:37,-13.31183,-102.700289
2/21/2024,12:58:37,-13.31183,-102.700289
2/21/2024,12:58:37,-13.30183,-102.700289
2/21/2024,12:58:38,-13.30183,-102.690289
2/21/2024,12:58:38,-13.29183,-102.680289
2/21/2024,12:58:38,-13.29183,-102.690289
2/21/2024,12:58:38,-13.29183,-102.700289
2/21/2024,12:58:38,-13.30183,-102.710289
2/21/2024,12:58:39,-13.32183,-102.720289
2/21/2024,12:58:39,-13.31183,-102.730289
2/21/2024,12:58:39,-13.32183,-102.740289
2/21/2024,12:58:39,-13.32183,-102.740289
2/21/2024,12:58:39,-13.33183,-102.750289
2/21/2024,12:58:40,-13.31183,-102.740289
2/21/2024,12:58:40,-13.31183,-102.730289
2/21/2024,12:58:40,-13.31183,-102.720289
2/21/2024,12:58:40,-13.31183,-102.720289
2/21/2024,12:58:40,-13.32183,-102.730289
2/21/2024,12:58:41,-13.33183,-102.740289
2/21/2024,12:58:41,-13.34183,-102.760289
2/21/2024,12:58:41,-13.35183,-102.770289
2/21/2024,12:58:41,-13.35183,-102.770289
2/21/2024,12:58:41,-13.35183,-102.770289
2/21/2024,12:58:42,-13.34183,-102.750289
2/21/2024,12:58:42,-13.34183,-102.740289
2/21/2024,12:58:42,-13.33183,-102.740289
2/21/2024,12:58:42,-13.33183,-102.750289
2/21/2024,12:58:42,-13.33183,-102.750289
2/21/2024,12:58:43,-13.34183,-102.750289
2/21/2024,12:58:43,-13.33183,-102.750289
2/21/2024,12:58:43,-13.34183,-102.760289
2/21/2024,12:58:43,-13.34183,-102.760289
2/21/2024,12:58:43,-13.35183,-102.760289
2/21/2024,12:58:44,-13.34183,-102.760289
2/21/2024,12:58:44,-13.34183,-102.750289
2/21/2024,12:58:44,-13.33183,-102.740289
2/21/2024,12:58:44,-13.33183,-102.730289
2/21/2024,12:58:44,-13.33183,-102.730289
2/21/2024,12:58:45,-13.32183,-102.740289
2/21/2024,12:58:45,-13.33183,-102.740289
2/21/2024,12:58:45,-13.33183,-102.740289
2/21/2024,12:58:45,-13.33183,-102.730289
2/21/2024,12:58:45,-13.32183,-102.720289
2/21/2024,12:58:46,-13.32183,-102.720289
2/21/2024,12:58:46,-13.32183,-102.710289
2/21/2024,12:58:46,-13.32183,-102.710289
2/21/2024,12:58:46,-13.33183,-102.710289
2/21/2024,12:58:46,-13.33183,-102.700289
2/21/2024,12:58:47,-13.33183,-102.700289
2/21/2024,12:58:47,-13.32183,-102.700289
2/21/2024,12:58:47,-13.32183,-102.690289
2/21/2024,12:58:47,-13.32183,-102.680289
2/21/2024,12:58:47,-13.32183,-102.680289
2/21/2024,12:58:48,-13.32183,-102.670289
2/21/2024,12:58:48,-13.32183,-102.670289
2/21/2024,12:58:48,-13.31183,-102.670289
2/21/2024,12:58:48,-13.31183,-102.670289
2/21/2024,12:58:48,-13.32183,-102.670289
2/21/2024,12:58:49,-13.32183,-102.660289
2/21/2024,12:58:49,-13.31183,-102.660289
2/21/2024,12:58:49,-13.32183,-102.650289
2/21/2024,12:58:49,-13.32183,-102.640289
2/21/2024,12:58:49,-13.31183,-102.630289
2/21/2024,12:58:50,-13.31183,-102.620289
2/21/2024,12:58:50,-13.31183,-102.620289
2/21/2024,12:58:50,-13.31183,-102.620289
2/21/2024,12:58:50,-13.31183,-102.620289
2/21/2024,12:58:50,-13.31183,-102.620289
2/21/2024,12:58:51,-13.32183,-102.620289
2/21/2024,12:58:51,-13.31183,-102.610289
2/21/2024,12:58:51,-13.30183,-102.600289
2/21/2024,12:58:51,-13.29183,-102.590289
2/21/2024,12:58:51,-13.29183,-102.580289
2/21/2024,12:58:52,-13.29183,-102.580289
2/21/2024,12:58:52,-13.29183,-102.580289
2/21/2024,12:58:52,-13.29183,-102.580289
2/21/2024,12:58:52,-13.29183,-102.570289
2/21/2024,12:58:52,-13.29183,-102.570289
2/21/2024,12:58:53,-13.29183,-102.570289
2/21/2024,12:58:53,-13.29183,-102.570289
2/21/2024,12:58:53,-13.30183,-102.570289
2/21/2024,12:58:53,-13.30183,-102.560289
2/21/2024,12:58:53,-13.29183,-102.550289
2/21/2024,12:58:54,-13.28183,-102.540289
2/21/2024,12:58:54,-13.28183,-102.530289
2/21/2024,12:58:54,-13.28183,-102.530289
2/21/2024,12:58:54,-13.29183,-102.530289
2/21/2024,12:58:54,-13.29183,-102.530289
2/21/2024,12:58:55,-13.30183,-102.530289
2/21/2024,12:58:55,-13.30183,-102.520289
2/21/2024,12:58:55,-13.30183,-102.520289
2/21/2024,12:58:55,-13.30183,-102.510289
2/21/2024,12:58:55,-13.30183,-102.510289
2/21/2024,12:58:56,-13.30183,-102.510289
2/21/2024,12:58:56,-13.30183,-102.500289
2/21/2024,12:58:56,-13.30183,-102.500289
2/21/2024,12:58:56,-13.30183,-102.490289
2/21/2024,12:58:56,-13.30183,-102.470289
2/21/2024,12:58:57,-13.30183,-102.460289
2/21/2024,12:58:57,-13.30183,-102.460289
2/21/2024,12:58:57,-13.31183,-102.470289
2/21/2024,12:58:57,-13.33183,-102.490289
2/21/2024,12:58:57,-13.33183,-102.490289
2/21/2024,12:58:58,-13.33183,-102.490289
2/21/2024,12:58:58,-13.33183,-102.480289
2/21/2024,12:58:58,-13.33183,-102.460289
2/21/2024,12:58:58,-13.33183,-102.440289
2/21/2024,12:58:58,-13.32183,-102.440289
2/21/2024,12:58:59,-13.32183,-102.440289
2/21/2024,12:58:59,-13.33183,-102.430289
2/21/2024,12:58:59,-13.33183,-102.430289
2/21/2024,12:58:59,-13.33183,-102.440289
2/21/2024,12:58:59,-13.34183,-102.450289
2/21/2024,12:59:00,-13.35183,-102.460289
2/21/2024,12:59:00,-13.35183,-102.460289
2/21/2024,12:59:00,-13.35183,-102.460289
2/21/2024,12:59:00,-13.34183,-102.430289
2/21/2024,12:59:00,-13.33183,-102.410289
2/21/2024,12:59:01,-13.33183,-102.400289
2/21/2024,12:59:01,-13.32183,-102.400289
2/21/2024,12:59:01,-13.33183,-102.400289
2/21/2024,12:59:01,-13.34183,-102.410289
2/21/2024,12:59:01,-13.34183,-102.430289
2/21/2024,12:59:02,-13.35183,-102.440289
2/21/2024,12:59:02,-13.35183,-102.430289
2/21/2024,12:59:02,-13.35183,-102.420289
2/21/2024,12:59:02,-13.34183,-102.400289
2/21/2024,12:59:02,-13.33183,-102.400289
2/21/2024,12:59:03,-13.33183,-102.390289
2/21/2024,12:59:03,-13.34183,-102.390289
2/21/2024,12:59:03,-13.34183,-102.400289
2/21/2024,12:59:03,-13.34183,-102.400289
2/21/2024,12:59:03,-13.34183,-102.390289
2/21/2024,12:59:04,-13.34183,-102.390289
2/21/2024,12:59:04,-13.34183,-102.380289
2/21/2024,12:59:04,-13.34183,-102.380289
2/21/2024,12:59:04,-13.34183,-102.390289
2/21/2024,12:59:04,-13.34183,-102.400289
2/21/2024,12:59:05,-13.35183,-102.400289
2/21/2024,12:59:05,-13.35183,-102.400289
2/21/2024,12:59:05,-13.34183,-102.390289
2/21/2024,12:59:05,-13.34183,-102.370289
2/21/2024,12:59:05,-13.33183,-102.370289
2/21/2024,12:59:06,-13.33183,-102.370289
2/21/2024,12:59:06,-13.33183,-102.380289
2/21/2024,12:59:06,-13.33183,-102.380289
2/21/2024,12:59:06,-13.33183,-102.390289
2/21/2024,12:59:06,-13.32183,-102.400289
2/21/2024,12:59:07,-13.32183,-102.400289
2/21/2024,12:59:07,-13.32183,-102.410289
2/21/2024,12:59:07,-13.32183,-102.400289
2/21/2024,12:59:07,-13.32183,-102.400289
2/21/2024,12:59:07,-13.31183,-102.380289
2/21/2024,12:59:08,-13.31183,-102.380289
2/21/2024,12:59:08,-13.31183,-102.380289
2/21/2024,12:59:08,-13.31183,-102.390289
2/21/2024,12:59:08,-13.32183,-102.400289
2/21/2024,12:59:08,-13.33183,-102.420289
2/21/2024,12:59:09,-13.33183,-102.420289
2/21/2024,12:59:09,-13.33183,-102.420289
2/21/2024,12:59:09,-13.33183,-102.410289
2/21/2024,12:59:09,-13.33183,-102.400289
2/21/2024,12:59:09,-13.32183,-102.400289
2/21/2024,12:59:10,-13.32183,-102.410289
2/21/2024,12:59:10,-13.33183,-102.410289
2/21/2024,12:59:10,-13.32183,-102.420289
2/21/2024,12:59:10,-13.32183,-102.420289
2/21/2024,12:59:10,-13.32183,-102.430289
2/21/2024,12:59:11,-13.32183,-102.440289
2/21/2024,12:59:11,-13.32183,-102.450289
2/21/2024,12:59:11,-13.32183,-102.460289
2/21/2024,12:59:11,-13.32183,-102.480289
2/21/2024,12:59:11,-13.32183,-102.480289
2/21/2024,12:59:12,-13.31183,-102.480289
2/21/2024,12:59:12,-13.30183,-102.470289
2/21/2024,12:59:12,-13.30183,-102.460289
2/21/2024,12:59:12,-13.29183,-102.460289
2/21/2024,12:59:12,-13.29183,-102.470289
2/21/2024,12:59:13,-13.29183,-102.480289
2/21/2024,12:59:13,-13.29183,-102.500289
2/21/2024,12:59:13,-13.30183,-102.510289
2/21/2024,12:59:13,-13.30183,-102.530289
2/21/2024,12:59:13,-13.30183,-102.540289
2/21/2024,12:59:14,-13.30183,-102.550289
2/21/2024,12:59:14,-13.29183,-102.540289
2/21/2024,12:59:14,-13.28183,-102.530289
2/21/2024,12:59:14,-13.28183,-102.530289
2/21/2024,12:59:14,-13.27183,-102.540289
2/21/2024,12:59:15,-13.27183,-102.540289
2/21/2024,12:59:15,-13.27183,-102.550289
2/21/2024,12:59:15,-13.28183,-102.560289
2/21/2024,12:59:15,-13.28183,-102.570289
2/21/2024,12:59:15,-13.29183,-102.590289
2/21/2024,12:59:16,-13.29183,-102.590289
2/21/2024,12:59:16,-13.29183,-102.600289
2/21/2024,12:59:16,-13.29183,-102.600289
2/21/2024,12:59:16,-13.29183,-102.590289
2/21/2024,12:59:16,-13.28183,-102.590289
2/21/2024,12:59:17,-13.27183,-102.600289
2/21/2024,12:59:17,-13.27183,-102.600289
2/21/2024,12:59:17,-13.27183,-102.600289
2/21/2024,12:59:17,-13.27183,-102.610289
2/21/2024,12:59:17,-13.28183,-102.610289
2/21/2024,12:59:18,-13.28183,-102.620289
2/21/2024,12:59:18,-13.29183,-102.630289
2/21/2024,12:59:18,-13.31183,-102.640289
2/21/2024,12:59:18,-13.31183,-102.650289
2/21/2024,12:59:18,-13.31183,-102.660289
2/21/2024,12:59:19,-13.31183,-102.650289
2/21/2024,12:59:19,-13.30183,-102.650289
2/21/2024,12:59:19,-13.29183,-102.640289
2/21/2024,12:59:19,-13.29183,-102.650289
2/21/2024,12:59:19,-13.29183,-102.650289
2/21/2024,12:59:20,-13.29183,-102.650289
2/21/2024,12:59:20,-13.30183,-102.660289
2/21/2024,12:59:20,-13.31183,-102.670289
2/21/2024,12:59:20,-13.31183,-102.680289
2/21/2024,12:59:20,-13.31183,-102.690289
2/21/2024,12:59:21,-13.31183,-102.690289
2/21/2024,12:59:21,-13.30183,-102.690289
2/21/2024,12:59:21,-13.29183,-102.690289
2/21/2024,12:59:21,-13.29183,-102.680289
2/21/2024,12:59:21,-13.29183,-102.690289
2/21/2024,12:59:22,-13.28183,-102.690289
2/21/2024,12:59:22,-13.29183,-102.700289
2/21/2024,12:59:22,-13.30183,-102.720289
2/21/2024,12:59:22,-13.31183,-102.730289
2/21/2024,12:59:22,-13.30183,-102.740289
2/21/2024,12:59:23,-13.31183,-102.740289
2/21/2024,12:59:23,-13.30183,-102.730289
2/21/2024,12:59:23,-13.29183,-102.730289
2/21/2024,12:59:23,-13.29183,-102.730289
2/21/2024,12:59:23,-13.29183,-102.740289
2/21/2024,12:59:24,-13.30183,-102.740289
2/21/2024,12:59:24,-13.30183,-102.750289
2/21/2024,12:59:24,-13.31183,-102.760289
2/21/2024,12:59:24,-13.32183,-102.770289
2/21/2024,12:59:24,-13.32183,-102.770289
2/21/2024,12:59:25,-13.32183,-102.770289
2/21/2024,12:59:25,-13.32183,-102.760289
2/21/2024,12:59:25,-13.32183,-102.760289
2/21/2024,12:59:25,-13.32183,-102.770289
2/21/2024,12:59:25,-13.32183,-102.770289
2/21/2024,12:59:26,-13.32183,-102.770289
2/21/2024,12:59:26,-13.32183,-102.770289
2/21/2024,12:59:26,-13.33183,-102.770289
2/21/2024,12:59:26,-13.33183,-102.770289
2/21/2024,12:59:26,-13.33183,-102.780289
2/21/2024,12:59:27,-13.33183,-102.770289
2/21/2024,12:59:27,-13.33183,-102.770289
2/21/2024,12:59:27,-13.33183,-102.760289
2/21/2024,12:59:27,-13.33183,-102.760289
2/21/2024,12:59:27,-13.33183,-102.750289
2/21/2024,12:59:28,-13.33183,-102.750289
2/21/2024,12:59:28,-13.33183,-102.750289
2/21/2024,12:59:28,-13.34183,-102.740289
2/21/2024,12:59:28,-13.33183,-102.730289
2/21/2024,12:59:28,-13.33183,-102.720289
2/21/2024,12:59:29,-13.33183,-102.710289
2/21/2024,12:59:29,-13.34183,-102.710289
2/21/2024,12:59:29,-13.34183,-102.710289
2/21/2024,12:59:29,-13.35183,-102.710289
2/21/2024,12:59:29,-13.36183,-102.710289
2/21/2024,12:59:30,-13.36183,-102.700289
2/21/2024,12:59:30,-13.35183,-102.690289
2/21/2024,12:59:30,-13.35183,-102.680289
2/21/2024,12:59:30,-13.34183,-102.670289
2/21/2024,12:59:30,-13.35183,-102.670289
2/21/2024,12:59:31,-13.35183,-102.670289
2/21/2024,12:59:31,-13.34183,-102.660289
2/21/2024,12:59:31,-13.35183,-102.660289
2/21/2024,12:59:31,-13.36183,-102.660289
2/21/2024,12:59:31,-13.36183,-102.660289
2/21/2024,12:59:32,-13.36183,-102.660289
2/21/2024,12:59:32,-13.36183,-102.660289
2/21/2024,12:59:32,-13.34183,-102.660289
2/21/2024,12:59:32,-13.33183,-102.640289
2/21/2024,12:59:32,-13.32183,-102.630289
2/21/2024,12:59:33,-13.32183,-102.620289
2/21/2024,12:59:33,-13.32183,-102.630289
2/21/2024,12:59:33,-13.34183,-102.640289
2/21/2024,12:59:33,-13.35183,-102.640289
2/21/2024,12:59:33,-13.35183,-102.650289
2/21/2024,12:59:34,-13.34183,-102.640289
2/21/2024,12:59:34,-13.34183,-102.640289
2/21/2024,12:59:34,-13.34183,-102.630289
2/21/2024,12:59:34,-13.34183,-102.630289
2/21/2024,12:59:34,-13.33183,-102.640289
2/21/2024,12:59:35,-13.33183,-102.640289
2/21/2024,12:59:35,-13.32183,-102.630289
2/21/2024,12:59:35,-13.32183,-102.630289
2/21/2024,12:59:35,-13.31183,-102.620289
2/21/2024,12:59:35,-13.31183,-102.620289
2/21/2024,12:59:36,-13.31183,-102.620289
2/21/2024,12:59:36,-13.31183,-102.620289
2/21/2024,12:59:36,-13.31183,-102.640289
2/21/2024,12:59:36,-13.30183,-102.650289
2/21/2024,12:59:36,-13.30183,-102.650289
2/21/2024,12:59:37,-13.29183,-102.650289
2/21/2024,12:59:37,-13.29183,-102.640289
2/21/2024,12:59:37,-13.29183,-102.630289
2/21/2024,12:59:37,-13.29183,-102.620289
2/21/2024,12:59:37,-13.28183,-102.620289
2/21/2024,12:59:38,-13.28183,-102.620289
2/21/2024,12:59:38,-13.28183,-102.620289
2/21/2024,12:59:38,-13.28183,-102.630289
2/21/2024,12:59:38,-13.29183,-102.630289
2/21/2024,12:59:38,-13.30183,-102.640289
2/21/2024,12:59:39,-13.30183,-102.650289
2/21/2024,12:59:39,-13.30183,-102.650289
2/21/2024,12:59:39,-13.30183,-102.650289
2/21/2024,12:59:39,-13.29183,-102.640289
2/21/2024,12:59:39,-13.28183,-102.630289
2/21/2024,12:59:40,-13.27183,-102.620289
2/21/2024,12:59:40,-13.26183,-102.620289
2/21/2024,12:59:40,-13.26183,-102.620289
2/21/2024,12:59:40,-13.26183,-102.630289
2/21/2024,12:59:40,-13.27183,-102.640289
2/21/2024,12:59:41,-13.28183,-102.650289
2/21/2024,12:59:41,-13.28183,-102.640289
2/21/2024,12:59:41,-13.29183,-102.640289
2/21/2024,12:59:41,-13.29183,-102.640289
2/21/2024,12:59:41,-13.28183,-102.640289
2/21/2024,12:59:42,-13.28183,-102.630289
2/21/2024,12:59:42,-13.27183,-102.620289
2/21/2024,12:59:42,-13.27183,-102.620289
2/21/2024,12:59:42,-13.27183,-102.610289
2/21/2024,12:59:42,-13.27183,-102.620289
2/21/2024,12:59:43,-13.29183,-102.640289
2/21/2024,12:59:43,-13.30183,-102.660289
2/21/2024,12:59:43,-13.30183,-102.660289
2/21/2024,12:59:43,-13.30183,-102.660289
2/21/2024,12:59:43,-13.29183,-102.640289
2/21/2024,12:59:44,-13.27183,-102.620289
2/21/2024,12:59:44,-13.27183,-102.620289
2/21/2024,12:59:44,-13.26183,-102.620289
2/21/2024,12:59:44,-13.26183,-102.620289
2/21/2024,12:59:44,-13.27183,-102.620289
2/21/2024,12:59:45,-13.27183,-102.630289
2/21/2024,12:59:45,-13.27183,-102.640289
2/21/2024,12:59:45,-13.28183,-102.650289
2/21/2024,12:59:45,-13.28183,-102.650289
2/21/2024,12:59:45,-13.28183,-102.650289
2/21/2024,12:59:46,-13.28183,-102.650289
2/21/2024,12:59:46,-13.27183,-102.640289
2/21/2024,12:59:46,-13.26183,-102.640289
2/21/2024,12:59:46,-13.26183,-102.630289
2/21/2024,12:59:46,-13.26183,-102.630289
2/21/2024,12:59:47,-13.26183,-102.630289
2/21/2024,12:59:47,-13.27183,-102.640289
2/21/2024,12:59:47,-13.28183,-102.650289
2/21/2024,12:59:47,-13.28183,-102.670289
2/21/2024,12:59:47,-13.29183,-102.670289
2/21/2024,12:59:48,-13.29183,-102.670289
2/21/2024,12:59:48,-13.29183,-102.660289
2/21/2024,12:59:48,-13.27183,-102.650289
2/21/2024,12:59:48,-13.27183,-102.640289
2/21/2024,12:59:48,-13.27183,-102.650289
2/21/2024,12:59:49,-13.27183,-102.650289
2/21/2024,12:59:49,-13.28183,-102.660289
2/21/2024,12:59:49,-13.29183,-102.670289
2/21/2024,12:59:49,-13.29183,-102.680289
2/21/2024,12:59:49,-13.29183,-102.680289
2/21/2024,12:59:50,-13.30183,-102.680289
2/21/2024,12:59:50,-13.29183,-102.670289
2/21/2024,12:59:50,-13.28183,-102.670289
2/21/2024,12:59:50,-13.27183,-102.670289
2/21/2024,12:59:50,-13.28183,-102.670289
2/21/2024,12:59:51,-13.28183,-102.670289
2/21/2024,12:59:51,-13.28183,-102.680289
2/21/2024,12:59:51,-13.28183,-102.680289
2/21/2024,12:59:51,-13.28183,-102.680289
2/21/2024,12:59:51,-13.28183,-102.690289
2/21/2024,12:59:52,-13.28183,-102.690289
2/21/2024,12:59:52,-13.28183,-102.690289
2/21/2024,12:59:52,-13.27183,-102.680289
2/21/2024,12:59:52,-13.27183,-102.680289
2/21/2024,12:59:52,-13.26183,-102.670289
2/21/2024,12:59:53,-13.26183,-102.680289
2/21/2024,12:59:53,-13.27183,-102.690289
2/21/2024,12:59:53,-13.28183,-102.700289
2/21/2024,12:59:53,-13.28183,-102.700289
2/21/2024,12:59:53,-13.28183,-102.690289
2/21/2024,12:59:54,-13.27183,-102.680289
2/21/2024,12:59:54,-13.27183,-102.670289
2/21/2024,12:59:54,-13.27183,-102.680289
2/21/2024,12:59:54,-13.28183,-102.680289
2/21/2024,12:59:54,-13.28183,-102.690289
2/21/2024,12:59:55,-13.29183,-102.690289
2/21/2024,12:59:55,-13.30183,-102.690289
2/21/2024,12:59:55,-13.29183,-102.680289
2/21/2024,12:59:55,-13.29183,-102.680289
2/21/2024,12:59:55,-13.29183,-102.680289
2/21/2024,12:59:56,-13.29183,-102.680289
2/21/2024,12:59:56,-13.29183,-102.680289
2/21/2024,12:59:56,-13.30183,-102.690289
2/21/2024,12:59:56,-13.30183,-102.690289
2/21/2024,12:59:56,-13.30183,-102.690289
2/21/2024,12:59:57,-13.30183,-102.690289
2/21/2024,12:59:57,-13.30183,-102.690289
2/21/2024,12:59:57,-13.30183,-102.690289
2/21/2024,12:59:57,-13.30183,-102.690289
2/21/2024,12:59:57,-13.30183,-102.700289
2/21/2024,12:59:58,-13.30183,-102.700289
2/21/2024,12:59:58,-13.30183,-102.700289
2/21/2024,12:59:58,-13.30183,-102.700289
2/21/2024,12:59:58,-13.30183,-102.700289
2/21/2024,12:59:58,-13.30183,-102.700289
2/21/2024,12:59:59,-13.30183,-102.710289
2/21/2024,12:59:59,-13.30183,-102.710289
2/21/2024,12:59:59,-13.30183,-102.710289
2/21/2024,12:59:59,-13.29183,-102.700289
2/21/2024,12:59:59,-13.29183,-102.700289
2/21/2024,13:00:00,-13.29183,-102.700289
2/21/2024,13:00:00,-13.29183,-102.700289
2/21/2024,13:00:00,-13.30183,-102.710289
2/21/2024,13:00:00,-13.31183,-102.710289
2/21/2024,13:00:00,-13.31183,-102.720289
2/21/2024,13:00:01,-13.31183,-102.720289
2/21/2024,13:00:01,-13.30183,-102.710289
2/21/2024,13:00:01,-13.30183,-102.710289
2/21/2024,13:00:01,-13.30183,-102.700289
2/21/2024,13:00:01,-13.29183,-102.700289
2/21/2024,13:00:02,-13.29183,-102.700289
2/21/2024,13:00:02,-13.30183,-102.700289
2/21/2024,13:00:02,-13.30183,-102.710289
2/21/2024,13:00:02,-13.30183,-102.710289
2/21/2024,13:00:02,-13.30183,-102.710289
2/21/2024,13:00:03,-13.30183,-102.710289
2/21/2024,13:00:03,-13.30183,-102.710289
2/21/2024,13:00:03,-13.30183,-102.710289
2/21/2024,13:00:03,-13.30183,-102.710289
2/21/2024,13:00:03,-13.30183,-102.700289
2/21/2024,13:00:04,-13.29183,-102.700289
2/21/2024,13:00:04,-13.29183,-102.700289
2/21/2024,13:00:04,-13.28183,-102.700289
2/21/2024,13:00:04,-13.28183,-102.690289
2/21/2024,13:00:04,-13.28183,-102.690289
2/21/2024,13:00:05,-13.28183,-102.680289
2/21/2024,13:00:05,-13.28183,-102.690289
2/21/2024,13:00:05,-13.29183,-102.690289
2/21/2024,13:00:05,-13.30183,-102.700289
2/21/2024,13:00:05,-13.30183,-102.700289
2/21/2024,13:00:06,-13.30183,-102.700289
2/21/2024,13:00:06,-13.29183,-102.690289
2/21/2024,13:00:06,-13.28183,-102.680289
2/21/2024,13:00:06,-13.28183,-102.670289
2/21/2024,13:00:06,-13.28183,-102.660289
2/21/2024,13:00:07,-13.28183,-102.670289
2/21/2024,13:00:07,-13.29183,-102.670289
2/21/2024,13:00:07,-13.29183,-102.680289
2/21/2024,13:00:07,-13.29183,-102.690289
2/21/2024,13:00:07,-13.29183,-102.690289
2/21/2024,13:00:08,-13.30183,-102.700289
2/21/2024,13:00:08,-13.29183,-102.680289
2/21/2024,13:00:08,-13.29183,-102.670289
2/21/2024,13:00:08,-13.28183,-102.670289
2/21/2024,13:00:08,-13.28183,-102.670289
2/21/2024,13:00:09,-13.27183,-102.660289
2/21/2024,13:00:09,-13.27183,-102.670289
2/21/2024,13:00:09,-13.28183,-102.680289
2/21/2024,13:00:09,-13.28183,-102.690289
2/21/2024,13:00:09,-13.29183,-102.700289
2/21/2024,13:00:10,-13.29183,-102.700289
2/21/2024,13:00:10,-13.29183,-102.700289
2/21/2024,13:00:10,-13.28183,-102.680289
2/21/2024,13:00:10,-13.27183,-102.670289
2/21/2024,13:00:10,-13.26183,-102.670289
2/21/2024,13:00:11,-13.25183,-102.670289
2/21/2024,13:00:11,-13.25183,-102.670289
2/21/2024,13:00:11,-13.27183,-102.680289
2/21/2024,13:00:11,-13.28183,-102.690289
2/21/2024,13:00:11,-13.28183,-102.700289
2/21/2024,13:00:12,-13.28183,-102.700289
2/21/2024,13:00:12,-13.28183,-102.700289
2/21/2024,13:00:12,-13.27183,-102.690289
2/21/2024,13:00:12,-13.26183,-102.690289
2/21/2024,13:00:12,-13.26183,-102.680289
2/21/2024,13:00:13,-13.25183,-102.680289
2/21/2024,13:00:13,-13.25183,-102.680289
2/21/2024,13:00:13,-13.26183,-102.690289
2/21/2024,13:00:13,-13.26183,-102.700289
2/21/2024,13:00:13,-13.27183,-102.700289
2/21/2024,13:00:14,-13.27183,-102.700289
2/21/2024,13:00:14,-13.26183,-102.700289
2/21/2024,13:00:14,-13.25183,-102.690289
2/21/2024,13:00:14,-13.24183,-102.680289
2/21/2024,13:00:14,-13.24183,-102.680289
2/21/2024,13:00:15,-13.24183,-102.680289
2/21/2024,13:00:15,-13.24183,-102.680289
2/21/2024,13:00:15,-13.25183,-102.680289
2/21/2024,13:00:15,-13.25183,-102.690289
2/21/2024,13:00:15,-13.25183,-102.690289
2/21/2024,13:00:16,-13.25183,-102.690289
2/21/2024,13:00:16,-13.25183,-102.690289
2/21/2024,13:00:16,-13.25183,-102.690289
2/21/2024,13:00:16,-13.24183,-102.680289
2/21/2024,13:00:16,-13.24183,-102.670289
2/21/2024,13:00:17,-13.24183,-102.670289
2/21/2024,13:00:17,-13.24183,-102.670289
2/21/2024,13:00:17,-13.25183,-102.670289
2/21/2024,13:00:17,-13.25183,-102.670289
2/21/2024,13:00:17,-13.25183,-102.680289
2/21/2024,13:00:18,-13.26183,-102.680289
2/21/2024,13:00:18,-13.26183,-102.680289
2/21/2024,13:00:18,-13.27183,-102.690289
2/21/2024,13:00:18,-13.27183,-102.690289
2/21/2024,13:00:18,-13.27183,-102.680289
2/21/2024,13:00:19,-13.26183,-102.670289
2/21/2024,13:00:19,-13.25183,-102.670289
2/21/2024,13:00:19,-13.25183,-102.660289
2/21/2024,13:00:19,-13.25183,-102.660289
2/21/2024,13:00:19,-13.26183,-102.660289
2/21/2024,13:00:20,-13.26183,-102.670289
2/21/2024,13:00:20,-13.27183,-102.670289
2/21/2024,13:00:20,-13.28183,-102.680289
2/21/2024,13:00:20,-13.29183,-102.680289
2/21/2024,13:00:20,-13.29183,-102.680289
2/21/2024,13:00:21,-13.28183,-102.680289
2/21/2024,13:00:21,-13.28183,-102.670289
2/21/2024,13:00:21,-13.26183,-102.660289
2/21/2024,13:00:21,-13.26183,-102.650289
2/21/2024,13:00:21,-13.26183,-102.650289
2/21/2024,13:00:22,-13.26183,-102.650289
2/21/2024,13:00:22,-13.27183,-102.660289
2/21/2024,13:00:22,-13.28183,-102.670289
2/21/2024,13:00:22,-13.29183,-102.680289
2/21/2024,13:00:22,-13.29183,-102.680289
2/21/2024,13:00:23,-13.29183,-102.680289
2/21/2024,13:00:23,-13.29183,-102.680289
2/21/2024,13:00:23,-13.29183,-102.670289
2/21/2024,13:00:23,-13.28183,-102.660289
2/21/2024,13:00:23,-13.28183,-102.650289
2/21/2024,13:00:24,-13.28183,-102.650289
2/21/2024,13:00:24,-13.28183,-102.650289
2/21/2024,13:00:24,-13.29183,-102.650289
2/21/2024,13:00:24,-13.29183,-102.660289
2/21/2024,13:00:24,-13.30183,-102.670289
2/21/2024,13:00:25,-13.31183,-102.680289
2/21/2024,13:00:25,-13.30183,-102.680289
2/21/2024,13:00:25,-13.30183,-102.680289
2/21/2024,13:00:25,-13.30183,-102.680289
2/21/2024,13:00:25,-13.29183,-102.670289
2/21/2024,13:00:26,-13.28183,-102.650289
2/21/2024,13:00:26,-13.27183,-102.650289
2/21/2024,13:00:26,-13.27183,-102.650289
2/21/2024,13:00:26,-13.27183,-102.650289
2/21/2024,13:00:26,-13.27183,-102.650289
2/21/2024,13:00:27,-13.27183,-102.660289
2/21/2024,13:00:27,-13.28183,-102.660289
2/21/2024,13:00:27,-13.29183,-102.670289
2/21/2024,13:00:27,-13.29183,-102.680289
2/21/2024,13:00:27,-13.28183,-102.680289
2/21/2024,13:00:28,-13.28183,-102.670289
2/21/2024,13:00:28,-13.28183,-102.650289
2/21/2024,13:00:28,-13.28183,-102.650289
2/21/2024,13:00:28,-13.27183,-102.650289
2/21/2024,13:00:28,-13.27183,-102.660289
2/21/2024,13:00:29,-13.28183,-102.660289
2/21/2024,13:00:29,-13.29183,-102.660289
2/21/2024,13:00:29,-13.30183,-102.660289
2/21/2024,13:00:29,-13.30183,-102.660289
2/21/2024,13:00:29,-13.31183,-102.670289
2/21/2024,13:00:30,-13.31183,-102.670289
2/21/2024,13:00:30,-13.32183,-102.680289
2/21/2024,13:00:30,-13.32183,-102.680289
2/21/2024,13:00:30,-13.31183,-102.670289
2/21/2024,13:00:30,-13.31183,-102.660289
2/21/2024,13:00:31,-13.31183,-102.660289
2/21/2024,13:00:31,-13.30183,-102.660289
2/21/2024,13:00:31,-13.31183,-102.660289
2/21/2024,13:00:31,-13.31183,-102.670289
2/21/2024,13:00:31,-13.32183,-102.680289
2/21/2024,13:00:32,-13.32183,-102.690289
2/21/2024,13:00:32,-13.32183,-102.690289
2/21/2024,13:00:32,-13.32183,-102.680289
2/21/2024,13:00:32,-13.32183,-102.680289
2/21/2024,13:00:32,-13.31183,-102.670289
2/21/2024,13:00:33,-13.30183,-102.670289
2/21/2024,13:00:33,-13.30183,-102.680289
2/21/2024,13:00:33,-13.30183,-102.680289
2/21/2024,13:00:33,-13.30183,-102.680289
2/21/2024,13:00:33,-13.30183,-102.690289
2/21/2024,13:00:34,-13.30183,-102.700289
2/21/2024,13:00:34,-13.31183,-102.700289
2/21/2024,13:00:34,-13.30183,-102.700289
2/21/2024,13:00:34,-13.30183,-102.700289
2/21/2024,13:00:34,-13.29183,-102.700289
2/21/2024,13:00:35,-13.28183,-102.690289
2/21/2024,13:00:35,-13.28183,-102.690289
2/21/2024,13:00:35,-13.29183,-102.690289
2/21/2024,13:00:35,-13.29183,-102.700289
2/21/2024,13:00:35,-13.30183,-102.710289
2/21/2024,13:00:36,-13.30183,-102.710289
2/21/2024,13:00:36,-13.30183,-102.720289
2/21/2024,13:00:36,-13.30183,-102.710289
2/21/2024,13:00:36,-13.30183,-102.700289
2/21/2024,13:00:36,-13.29183,-102.700289
2/21/2024,13:00:37,-13.28183,-102.700289
2/21/2024,13:00:37,-13.29183,-102.700289
2/21/2024,13:00:37,-13.30183,-102.700289
2/21/2024,13:00:37,-13.30183,-102.710289
2/21/2024,13:00:37,-13.31183,-102.730289
2/21/2024,13:00:38,-13.32183,-102.730289
2/21/2024,13:00:38,-13.32183,-102.740289
2/21/2024,13:00:38,-13.32183,-102.740289
2/21/2024,13:00:38,-13.32183,-102.730289
2/21/2024,13:00:38,-13.31183,-102.710289
2/21/2024,13:00:39,-13.30183,-102.710289
2/21/2024,13:00:39,-13.30183,-102.710289
2/21/2024,13:00:39,-13.31183,-102.710289
2/21/2024,13:00:39,-13.31183,-102.720289
2/21/2024,13:00:39,-13.32183,-102.730289
2/21/2024,13:00:40,-13.32183,-102.740289
2/21/2024,13:00:40,-13.32183,-102.740289
2/21/2024,13:00:40,-13.32183,-102.740289
2/21/2024,13:00:40,-13.31183,-102.730289
2/21/2024,13:00:40,-13.30183,-102.720289
2/21/2024,13:00:41,-13.29183,-102.720289
2/21/2024,13:00:41,-13.29183,-102.720289
2/21/2024,13:00:41,-13.29183,-102.720289
2/21/2024,13:00:41,-13.29183,-102.720289
2/21/2024,13:00:41,-13.30183,-102.730289
2/21/2024,13:00:42,-13.30183,-102.740289
2/21/2024,13:00:42,-13.30183,-102.740289
2/21/2024,13:00:42,-13.30183,-102.740289
2/21/2024,13:00:42,-13.29183,-102.740289
2/21/2024,13:00:42,-13.28183,-102.730289
2/21/2024,13:00:43,-13.28183,-102.720289
2/21/2024,13:00:43,-13.27183,-102.720289
2/21/2024,13:00:43,-13.27183,-102.720289
2/21/2024,13:00:43,-13.27183,-102.720289
2/21/2024,13:00:43,-13.27183,-102.720289
2/21/2024,13:00:44,-13.28183,-102.720289
2/21/2024,13:00:44,-13.28183,-102.720289
2/21/2024,13:00:44,-13.28183,-102.730289
2/21/2024,13:00:44,-13.28183,-102.730289
2/21/2024,13:00:44,-13.28183,-102.730289
2/21/2024,13:00:45,-13.27183,-102.720289
2/21/2024,13:00:45,-13.27183,-102.720289
2/21/2024,13:00:45,-13.27183,-102.720289
2/21/2024,13:00:45,-13.27183,-102.720289
2/21/2024,13:00:45,-13.27183,-102.730289
2/21/2024,13:00:46,-13.27183,-102.730289
2/21/2024,13:00:46,-13.27183,-102.730289
2/21/2024,13:00:46,-13.27183,-102.720289
2/21/2024,13:00:46,-13.27183,-102.710289
2/21/2024,13:00:46,-13.27183,-102.710289
2/21/2024,13:00:47,-13.27183,-102.710289
2/21/2024,13:00:47,-13.27183,-102.710289
2/21/2024,13:00:47,-13.28183,-102.720289
2/21/2024,13:00:47,-13.29183,-102.720289
2/21/2024,13:00:47,-13.28183,-102.720289
2/21/2024,13:00:48,-13.28183,-102.720289
2/21/2024,13:00:48,-13.27183,-102.700289
2/21/2024,13:00:48,-13.27183,-102.700289
2/21/2024,13:00:48,-13.26183,-102.700289
2/21/2024,13:00:48,-13.27183,-102.710289
2/21/2024,13:00:49,-13.28183,-102.710289
2/21/2024,13:00:49,-13.28183,-102.710289
2/21/2024,13:00:49,-13.28183,-102.710289
2/21/2024,13:00:49,-13.28183,-102.710289
2/21/2024,13:00:49,-13.28183,-102.710289
2/21/2024,13:00:50,-13.28183,-102.710289
2/21/2024,13:00:50,-13.28183,-102.710289
2/21/2024,13:00:50,-13.28183,-102.700289
2/21/2024,13:00:50,-13.28183,-102.710289
2/21/2024,13:00:50,-13.28183,-102.700289
2/21/2024,13:00:51,-13.28183,-102.700289
2/21/2024,13:00:51,-13.28183,-102.710289
2/21/2024,13:00:51,-13.28183,-102.710289
2/21/2024,13:00:51,-13.28183,-102.710289
2/21/2024,13:00:51,-13.27183,-102.710289
2/21/2024,13:00:52,-13.27183,-102.700289
2/21/2024,13:00:52,-13.26183,-102.690289
2/21/2024,13:00:52,-13.26183,-102.690289
2/21/2024,13:00:52,-13.26183,-102.700289
2/21/2024,13:00:52,-13.27183,-102.710289
2/21/2024,13:00:53,-13.28183,-102.720289
2/21/2024,13:00:53,-13.28183,-102.720289
2/21/2024,13:00:53,-13.28183,-102.720289
2/21/2024,13:00:53,-13.27183,-102.710289
2/21/2024,13:00:53,-13.26183,-102.700289
2/21/2024,13:00:54,-13.26183,-102.700289
2/21/2024,13:00:54,-13.25183,-102.700289
2/21/2024,13:00:54,-13.27183,-102.710289
2/21/2024,13:00:54,-13.28183,-102.710289
2/21/2024,13:00:54,-13.28183,-102.720289
2/21/2024,13:00:55,-13.28183,-102.720289
2/21/2024,13:00:55,-13.29183,-102.720289
2/21/2024,13:00:55,-13.29183,-102.720289
2/21/2024,13:00:55,-13.28183,-102.720289
2/21/2024,13:00:55,-13.28183,-102.710289
2/21/2024,13:00:56,-13.27183,-102.710289
2/21/2024,13:00:56,-13.27183,-102.700289
2/21/2024,13:00:56,-13.27183,-102.700289
2/21/2024,13:00:56,-13.26183,-102.700289
2/21/2024,13:00:56,-13.26183,-102.700289
2/21/2024,13:00:57,-13.27183,-102.710289
2/21/2024,13:00:57,-13.27183,-102.710289
2/21/2024,13:00:57,-13.27183,-102.720289
2/21/2024,13:00:57,-13.27183,-102.720289
2/21/2024,13:00:57,-13.27183,-102.720289
2/21/2024,13:00:58,-13.26183,-102.710289
2/21/2024,13:00:58,-13.26183,-102.710289
2/21/2024,13:00:58,-13.25183,-102.710289
2/21/2024,13:00:58,-13.25183,-102.710289
2/21/2024,13:00:58,-13.25183,-102.710289
2/21/2024,13:00:59,-13.25183,-102.700289
2/21/2024,13:00:59,-13.25183,-102.700289
2/21/2024,13:00:59,-13.25183,-102.700289
2/21/2024,13:00:59,-13.26183,-102.690289
2/21/2024,13:00:59,-13.26183,-102.700289
2/21/2024,13:01:00,-13.26183,-102.700289
2/21/2024,13:01:00,-13.27183,-102.710289
2/21/2024,13:01:00,-13.27183,-102.710289
2/21/2024,13:01:00,-13.27183,-102.700289
2/21/2024,13:01:00,-13.26183,-102.690289
2/21/2024,13:01:01,-13.26183,-102.690289
2/21/2024,13:01:01,-13.25183,-102.690289
2/21/2024,13:01:01,-13.26183,-102.700289
2/21/2024,13:01:01,-13.27183,-102.700289
2/21/2024,13:01:01,-13.27183,-102.710289
2/21/2024,13:01:02,-13.27183,-102.700289
2/21/2024,13:01:02,-13.27183,-102.700289
2/21/2024,13:01:02,-13.27183,-102.700289
2/21/2024,13:01:02,-13.27183,-102.700289
2/21/2024,13:01:02,-13.26183,-102.700289
2/21/2024,13:01:03,-13.27183,-102.700289
2/21/2024,13:01:03,-13.27183,-102.710289
2/21/2024,13:01:03,-13.27183,-102.710289
2/21/2024,13:01:03,-13.26183,-102.700289
2/21/2024,13:01:03,-13.26183,-102.700289
2/21/2024,13:01:04,-13.25183,-102.690289
2/21/2024,13:01:04,-13.25183,-102.700289
2/21/2024,13:01:04,-13.26183,-102.710289
2/21/2024,13:01:04,-13.26183,-102.710289
2/21/2024,13:01:04,-13.26183,-102.720289
2/21/2024,13:01:05,-13.26183,-102.720289
2/21/2024,13:01:05,-13.26183,-102.710289
2/21/2024,13:01:05,-13.26183,-102.710289
2/21/2024,13:01:05,-13.25183,-102.710289
2/21/2024,13:01:05,-13.25183,-102.720289
2/21/2024,13:01:06,-13.25183,-102.720289
2/21/2024,13:01:06,-13.24183,-102.710289
2/21/2024,13:01:06,-13.24183,-102.710289
2/21/2024,13:01:06,-13.24183,-102.710289
2/21/2024,13:01:06,-13.24183,-102.710289
2/21/2024,13:01:07,-13.25183,-102.720289
2/21/2024,13:01:07,-13.25183,-102.730289
2/21/2024,13:01:07,-13.25183,-102.730289
2/21/2024,13:01:07,-13.25183,-102.730289
2/21/2024,13:01:07,-13.25183,-102.720289
2/21/2024,13:01:08,-13.24183,-102.710289
2/21/2024,13:01:08,-13.23183,-102.710289
2/21/2024,13:01:08,-13.24183,-102.710289
2/21/2024,13:01:08,-13.24183,-102.710289
2/21/2024,13:01:08,-13.24183,-102.710289
2/21/2024,13:01:09,-13.25183,-102.710289
2/21/2024,13:01:09,-13.25183,-102.720289
2/21/2024,13:01:09,-13.26183,-102.720289
2/21/2024,13:01:09,-13.26183,-102.730289
2/21/2024,13:01:09,-13.26183,-102.730289
2/21/2024,13:01:10,-13.26183,-102.730289
2/21/2024,13:01:10,-13.26183,-102.720289
2/21/2024,13:01:10,-13.25183,-102.710289
2/21/2024,13:01:10,-13.25183,-102.700289
2/21/2024,13:01:10,-13.25183,-102.700289
2/21/2024,13:01:11,-13.25183,-102.710289
2/21/2024,13:01:11,-13.27183,-102.720289
2/21/2024,13:01:11,-13.28183,-102.730289
2/21/2024,13:01:11,-13.28183,-102.740289
2/21/2024,13:01:11,-13.28183,-102.730289
2/21/2024,13:01:12,-13.28183,-102.720289
2/21/2024,13:01:12,-13.27183,-102.700289
2/21/2024,13:01:12,-13.26183,-102.700289
2/21/2024,13:01:12,-13.26183,-102.700289
2/21/2024,13:01:12,-13.26183,-102.710289
2/21/2024,13:01:13,-13.27183,-102.710289
2/21/2024,13:01:13,-13.27183,-102.710289
2/21/2024,13:01:13,-13.27183,-102.710289
2/21/2024,13:01:13,-13.28183,-102.720289
2/21/2024,13:01:13,-13.28183,-102.720289
2/21/2024,13:01:14,-13.28183,-102.720289
2/21/2024,13:01:14,-13.27183,-102.710289
2/21/2024,13:01:14,-13.26183,-102.700289
2/21/2024,13:01:14,-13.26183,-102.700289
2/21/2024,13:01:14,-13.26183,-102.690289
2/21/2024,13:01:15,-13.25183,-102.700289
2/21/2024,13:01:15,-13.26183,-102.700289
2/21/2024,13:01:15,-13.27183,-102.710289
2/21/2024,13:01:15,-13.27183,-102.710289
2/21/2024,13:01:15,-13.27183,-102.710289
2/21/2024,13:01:16,-13.27183,-102.710289
2/21/2024,13:01:16,-13.26183,-102.700289
2/21/2024,13:01:16,-13.25183,-102.690289
2/21/2024,13:01:16,-13.25183,-102.690289
2/21/2024,13:01:16,-13.25183,-102.690289
2/21/2024,13:01:17,-13.25183,-102.700289
2/21/2024,13:01:17,-13.26183,-102.700289
2/21/2024,13:01:17,-13.27183,-102.710289
2/21/2024,13:01:17,-13.27183,-102.710289
2/21/2024,13:01:17,-13.26183,-102.710289
2/21/2024,13:01:18,-13.25183,-102.690289
2/21/2024,13:01:18,-13.25183,-102.680289
2/21/2024,13:01:18,-13.24183,-102.680289
2/21/2024,13:01:18,-13.25183,-102.680289
2/21/2024,13:01:18,-13.25183,-102.690289
2/21/2024,13:01:19,-13.26183,-102.700289
2/21/2024,13:01:19,-13.26183,-102.710289
2/21/2024,13:01:19,-13.27183,-102.710289
2/21/2024,13:01:19,-13.27183,-102.710289
2/21/2024,13:01:19,-13.26183,-102.690289
2/21/2024,13:01:20,-13.25183,-102.680289
2/21/2024,13:01:20,-13.24183,-102.680289
2/21/2024,13:01:20,-13.25183,-102.670289
2/21/2024,13:01:20,-13.25183,-102.680289
2/21/2024,13:01:20,-13.27183,-102.690289
2/21/2024,13:01:21,-13.28183,-102.700289
2/21/2024,13:01:21,-13.28183,-102.710289
2/21/2024,13:01:21,-13.28183,-102.710289
2/21/2024,13:01:21,-13.28183,-102.700289
2/21/2024,13:01:21,-13.27183,-102.680289
2/21/2024,13:01:22,-13.26183,-102.680289
2/21/2024,13:01:22,-13.26183,-102.670289
2/21/2024,13:01:22,-13.26183,-102.680289
2/21/2024,13:01:22,-13.27183,-102.680289
2/21/2024,13:01:22,-13.27183,-102.690289
2/21/2024,13:01:23,-13.27183,-102.700289
2/21/2024,13:01:23,-13.28183,-102.700289
2/21/2024,13:01:23,-13.28183,-102.710289
2/21/2024,13:01:23,-13.28183,-102.700289
2/21/2024,13:01:23,-13.27183,-102.690289
2/21/2024,13:01:24,-13.26183,-102.680289
2/21/2024,13:01:24,-13.26183,-102.670289
2/21/2024,13:01:24,-13.26183,-102.670289
2/21/2024,13:01:24,-13.25183,-102.670289
2/21/2024,13:01:24,-13.26183,-102.680289
2/21/2024,13:01:25,-13.27183,-102.690289
2/21/2024,13:01:25,-13.27183,-102.700289
2/21/2024,13:01:25,-13.28183,-102.710289
2/21/2024,13:01:25,-13.28183,-102.710289
2/21/2024,13:01:25,-13.27183,-102.700289
2/21/2024,13:01:26,-13.26183,-102.690289
2/21/2024,13:01:26,-13.25183,-102.680289
2/21/2024,13:01:26,-13.25183,-102.670289
2/21/2024,13:01:26,-13.25183,-102.670289
2/21/2024,13:01:26,-13.25183,-102.680289
2/21/2024,13:01:27,-13.26183,-102.690289
2/21/2024,13:01:27,-13.27183,-102.700289
2/21/2024,13:01:27,-13.28183,-102.720289
2/21/2024,13:01:27,-13.28183,-102.720289
2/21/2024,13:01:27,-13.28183,-102.720289
2/21/2024,13:01:28,-13.27183,-102.700289
2/21/2024,13:01:28,-13.26183,-102.690289
2/21/2024,13:01:28,-13.26183,-102.690289
2/21/2024,13:01:28,-13.25183,-102.690289
2/21/2024,13:01:28,-13.25183,-102.690289
2/21/2024,13:01:29,-13.26183,-102.700289
2/21/2024,13:01:29,-13.26183,-102.710289
2/21/2024,13:01:29,-13.27183,-102.720289
2/21/2024,13:01:29,-13.27183,-102.730289
2/21/2024,13:01:29,-13.26183,-102.720289
2/21/2024,13:01:30,-13.25183,-102.720289
2/21/2024,13:01:30,-13.24183,-102.710289
2/21/2024,13:01:30,-13.24183,-102.700289
2/21/2024,13:01:30,-13.24183,-102.700289
2/21/2024,13:01:30,-13.23183,-102.710289
2/21/2024,13:01:31,-13.24183,-102.710289
2/21/2024,13:01:31,-13.24183,-102.720289
2/21/2024,13:01:31,-13.25183,-102.720289
2/21/2024,13:01:31,-13.26183,-102.730289
2/21/2024,13:01:31,-13.25183,-102.730289
2/21/2024,13:01:32,-13.25183,-102.720289
2/21/2024,13:01:32,-13.24183,-102.710289
2/21/2024,13:01:32,-13.24183,-102.700289
2/21/2024,13:01:32,-13.24183,-102.700289
2/21/2024,13:01:32,-13.24183,-102.700289
2/21/2024,13:01:33,-13.24183,-102.710289
2/21/2024,13:01:33,-13.25183,-102.720289
2/21/2024,13:01:33,-13.26183,-102.720289
2/21/2024,13:01:33,-13.26183,-102.730289
2/21/2024,13:01:33,-13.25183,-102.720289
2/21/2024,13:01:34,-13.25183,-102.710289
2/21/2024,13:01:34,-13.24183,-102.690289
2/21/2024,13:01:34,-13.24183,-102.690289
2/21/2024,13:01:34,-13.24183,-102.690289
2/21/2024,13:01:34,-13.24183,-102.700289
2/21/2024,13:01:35,-13.25183,-102.710289
2/21/2024,13:01:35,-13.26183,-102.720289
2/21/2024,13:01:35,-13.26183,-102.720289
2/21/2024,13:01:35,-13.26183,-102.710289
2/21/2024,13:01:35,-13.25183,-102.700289
2/21/2024,13:01:36,-13.24183,-102.690289
2/21/2024,13:01:36,-13.24183,-102.690289
2/21/2024,13:01:36,-13.24183,-102.700289
2/21/2024,13:01:36,-13.25183,-102.710289
2/21/2024,13:01:36,-13.25183,-102.710289
2/21/2024,13:01:37,-13.25183,-102.710289
2/21/2024,13:01:37,-13.25183,-102.710289
2/21/2024,13:01:37,-13.24183,-102.700289
2/21/2024,13:01:37,-13.24183,-102.700289
2/21/2024,13:01:37,-13.23183,-102.700289
2/21/2024,13:01:38,-13.23183,-102.700289
2/21/2024,13:01:38,-13.24183,-102.710289
2/21/2024,13:01:38,-13.25183,-102.710289
2/21/2024,13:01:38,-13.25183,-102.720289
2/21/2024,13:01:38,-13.25183,-102.710289
2/21/2024,13:01:39,-13.24183,-102.710289
2/21/2024,13:01:39,-13.24183,-102.700289
2/21/2024,13:01:39,-13.23183,-102.700289
2/21/2024,13:01:39,-13.23183,-102.700289
2/21/2024,13:01:39,-13.24183,-102.700289
2/21/2024,13:01:40,-13.24183,-102.710289
2/21/2024,13:01:40,-13.25183,-102.720289
2/21/2024,13:01:40,-13.25183,-102.720289
2/21/2024,13:01:40,-13.25183,-102.720289
2/21/2024,13:01:40,-13.25183,-102.720289
2/21/2024,13:01:41,-13.24183,-102.710289
2/21/2024,13:01:41,-13.24183,-102.710289
2/21/2024,13:01:41,-13.23183,-102.700289
2/21/2024,13:01:41,-13.23183,-102.700289
2/21/2024,13:01:41,-13.24183,-102.700289
2/21/2024,13:01:42,-13.24183,-102.710289
2/21/2024,13:01:42,-13.25183,-102.710289
2/21/2024,13:01:42,-13.26183,-102.720289
2/21/2024,13:01:42,-13.27183,-102.730289
2/21/2024,13:01:42,-13.27183,-102.730289
2/21/2024,13:01:43,-13.26183,-102.720289
2/21/2024,13:01:43,-13.25183,-102.710289
2/21/2024,13:01:43,-13.25183,-102.700289
2/21/2024,13:01:43,-13.25183,-102.700289
2/21/2024,13:01:43,-13.25183,-102.700289
2/21/2024,13:01:44,-13.26183,-102.710289
2/21/2024,13:01:44,-13.27183,-102.720289
2/21/2024,13:01:44,-13.27183,-102.730289
2/21/2024,13:01:44,-13.28183,-102.730289
2/21/2024,13:01:44,-13.28183,-102.720289
2/21/2024,13:01:45,-13.27183,-102.710289
2/21/2024,13:01:45,-13.26183,-102.700289
2/21/2024,13:01:45,-13.26183,-102.700289
2/21/2024,13:01:45,-13.26183,-102.700289
2/21/2024,13:01:45,-13.26183,-102.700289
2/21/2024,13:01:46,-13.26183,-102.710289
2/21/2024,13:01:46,-13.26183,-102.710289
2/21/2024,13:01:46,-13.27183,-102.710289
2/21/2024,13:01:46,-13.26183,-102.700289
2/21/2024,13:01:46,-13.25183,-102.700289
2/21/2024,13:01:47,-13.25183,-102.690289
2/21/2024,13:01:47,-13.25183,-102.690289
2/21/2024,13:01:47,-13.26183,-102.700289
2/21/2024,13:01:47,-13.26183,-102.710289
2/21/2024,13:01:47,-13.27183,-102.710289
2/21/2024,13:01:48,-13.27183,-102.710289
2/21/2024,13:01:48,-13.26183,-102.700289
2/21/2024,13:01:48,-13.26183,-102.690289
2/21/2024,13:01:48,-13.25183,-102.680289
2/21/2024,13:01:48,-13.25183,-102.680289
2/21/2024,13:01:49,-13.26183,-102.680289
2/21/2024,13:01:49,-13.26183,-102.690289
2/21/2024,13:01:49,-13.27183,-102.690289
2/21/2024,13:01:49,-13.27183,-102.690289
2/21/2024,13:01:49,-13.27183,-102.690289
2/21/2024,13:01:50,-13.27183,-102.690289
2/21/2024,13:01:50,-13.26183,-102.690289
2/21/2024,13:01:50,-13.26183,-102.690289
2/21/2024,13:01:50,-13.26183,-102.690289
2/21/2024,13:01:50,-13.26183,-102.690289
2/21/2024,13:01:51,-13.26183,-102.690289
2/21/2024,13:01:51,-13.27183,-102.690289
2/21/2024,13:01:51,-13.27183,-102.690289
2/21/2024,13:01:51,-13.27183,-102.690289
2/21/2024,13:01:51,-13.27183,-102.690289
2/21/2024,13:01:52,-13.26183,-102.680289
2/21/2024,13:01:52,-13.26183,-102.680289
2/21/2024,13:01:52,-13.27183,-102.680289
2/21/2024,13:01:52,-13.27183,-102.690289
2/21/2024,13:01:52,-13.28183,-102.700289
2/21/2024,13:01:53,-13.28183,-102.710289
2/21/2024,13:01:53,-13.29183,-102.710289
2/21/2024,13:01:53,-13.28183,-102.700289
2/21/2024,13:01:53,-13.28183,-102.680289
2/21/2024,13:01:53,-13.28183,-102.680289
2/21/2024,13:01:54,-13.28183,-102.680289
2/21/2024,13:01:54,-13.28183,-102.680289
2/21/2024,13:01:54,-13.30183,-102.690289
2/21/2024,13:01:54,-13.30183,-102.690289
2/21/2024,13:01:54,-13.30183,-102.690289
2/21/2024,13:01:55,-13.30183,-102.690289
2/21/2024,13:01:55,-13.31183,-102.690289
2/21/2024,13:01:55,-13.31183,-102.690289
2/21/2024,13:01:55,-13.31183,-102.700289
2/21/2024,13:01:55,-13.32183,-102.700289
2/21/2024,13:01:56,-13.32183,-102.700289
2/21/2024,13:01:56,-13.31183,-102.690289
2/21/2024,13:01:56,-13.30183,-102.680289
2/21/2024,13:01:56,-13.31183,-102.680289
2/21/2024,13:01:56,-13.31183,-102.680289
2/21/2024,13:01:57,-13.31183,-102.680289
2/21/2024,13:01:57,-13.32183,-102.690289
2/21/2024,13:01:57,-13.33183,-102.700289
2/21/2024,13:01:57,-13.33183,-102.700289
2/21/2024,13:01:57,-13.33183,-102.690289
2/21/2024,13:01:58,-13.33183,-102.690289
2/21/2024,13:01:58,-13.32183,-102.680289
2/21/2024,13:01:58,-13.31183,-102.680289
2/21/2024,13:01:58,-13.31183,-102.680289
2/21/2024,13:01:58,-13.31183,-102.680289
2/21/2024,13:01:59,-13.31183,-102.680289
2/21/2024,13:01:59,-13.31183,-102.680289
2/21/2024,13:01:59,-13.32183,-102.680289
2/21/2024,13:01:59,-13.32183,-102.690289
2/21/2024,13:01:59,-13.33183,-102.700289
2/21/2024,13:02:00,-13.33183,-102.700289
2/21/2024,13:02:00,-13.32183,-102.700289
2/21/2024,13:02:00,-13.31183,-102.690289
2/21/2024,13:02:00,-13.30183,-102.680289
2/21/2024,13:02:00,-13.30183,-102.670289
2/21/2024,13:02:01,-13.29183,-102.680289
2/21/2024,13:02:01,-13.29183,-102.680289
2/21/2024,13:02:01,-13.30183,-102.690289
2/21/2024,13:02:01,-13.30183,-102.690289
2/21/2024,13:02:01,-13.29183,-102.690289
2/21/2024,13:02:02,-13.29183,-102.680289
2/21/2024,13:02:02,-13.28183,-102.680289
2/21/2024,13:02:02,-13.28183,-102.680289
2/21/2024,13:02:02,-13.27183,-102.680289
2/21/2024,13:02:02,-13.27183,-102.680289
2/21/2024,13:02:03,-13.28183,-102.680289
2/21/2024,13:02:03,-13.28183,-102.680289
2/21/2024,13:02:03,-13.28183,-102.690289
2/21/2024,13:02:03,-13.28183,-102.690289
2/21/2024,13:02:03,-13.28183,-102.700289
2/21/2024,13:02:04,-13.28183,-102.690289
2/21/2024,13:02:04,-13.27183,-102.680289
2/21/2024,13:02:04,-13.28183,-102.680289
2/21/2024,13:02:04,-13.28183,-102.670289
2/21/2024,13:02:04,-13.27183,-102.670289
2/21/2024,13:02:05,-13.28183,-102.670289
2/21/2024,13:02:05,-13.28183,-102.680289
2/21/2024,13:02:05,-13.29183,-102.690289
2/21/2024,13:02:05,-13.29183,-102.700289
2/21/2024,13:02:05,-13.29183,-102.700289
2/21/2024,13:02:06,-13.29183,-102.690289
2/21/2024,13:02:06,-13.28183,-102.680289
2/21/2024,13:02:06,-13.28183,-102.670289
2/21/2024,13:02:06,-13.28183,-102.670289
2/21/2024,13:02:06,-13.28183,-102.670289
2/21/2024,13:02:07,-13.28183,-102.670289
2/21/2024,13:02:07,-13.28183,-102.680289
2/21/2024,13:02:07,-13.29183,-102.690289
2/21/2024,13:02:07,-13.29183,-102.700289
2/21/2024,13:02:07,-13.29183,-102.710289
2/21/2024,13:02:08,-13.29183,-102.700289
2/21/2024,13:02:08,-13.27183,-102.690289
2/21/2024,13:02:08,-13.27183,-102.680289
2/21/2024,13:02:08,-13.27183,-102.680289
2/21/2024,13:02:08,-13.26183,-102.680289
2/21/2024,13:02:09,-13.26183,-102.690289
2/21/2024,13:02:09,-13.27183,-102.700289
2/21/2024,13:02:09,-13.27183,-102.710289
2/21/2024,13:02:09,-13.28183,-102.710289
2/21/2024,13:02:09,-13.27183,-102.710289
2/21/2024,13:02:10,-13.27183,-102.700289
2/21/2024,13:02:10,-13.25183,-102.690289
2/21/2024,13:02:10,-13.24183,-102.690289
2/21/2024,13:02:10,-13.24183,-102.690289
2/21/2024,13:02:10,-13.24183,-102.690289
2/21/2024,13:02:11,-13.25183,-102.700289
2/21/2024,13:02:11,-13.25183,-102.710289
2/21/2024,13:02:11,-13.26183,-102.720289
2/21/2024,13:02:11,-13.26183,-102.720289
2/21/2024,13:02:11,-13.26183,-102.710289
2/21/2024,13:02:12,-13.24183,-102.710289
2/21/2024,13:02:12,-13.23183,-102.700289
2/21/2024,13:02:12,-13.23183,-102.700289
2/21/2024,13:02:12,-13.23183,-102.700289
2/21/2024,13:02:12,-13.23183,-102.700289
2/21/2024,13:02:13,-13.24183,-102.700289
2/21/2024,13:02:13,-13.24183,-102.710289
2/21/2024,13:02:13,-13.25183,-102.720289
2/21/2024,13:02:13,-13.25183,-102.720289
2/21/2024,13:02:13,-13.25183,-102.720289
2/21/2024,13:02:14,-13.24183,-102.710289
2/21/2024,13:02:14,-13.24183,-102.700289
2/21/2024,13:02:14,-13.23183,-102.700289
2/21/2024,13:02:14,-13.23183,-102.700289
2/21/2024,13:02:14,-13.24183,-102.700289
2/21/2024,13:02:15,-13.24183,-102.700289
2/21/2024,13:02:15,-13.25183,-102.710289
2/21/2024,13:02:15,-13.25183,-102.720289
2/21/2024,13:02:15,-13.25183,-102.720289
2/21/2024,13:02:15,-13.25183,-102.720289
2/21/2024,13:02:16,-13.24183,-102.710289
2/21/2024,13:02:16,-13.24183,-102.690289
2/21/2024,13:02:16,-13.24183,-102.690289
2/21/2024,13:02:16,-13.24183,-102.690289
2/21/2024,13:02:16,-13.24183,-102.690289
2/21/2024,13:02:17,-13.24183,-102.700289
2/21/2024,13:02:17,-13.25183,-102.700289
2/21/2024,13:02:17,-13.25183,-102.710289
2/21/2024,13:02:17,-13.26183,-102.710289
2/21/2024,13:02:17,-13.25183,-102.690289
2/21/2024,13:02:18,-13.24183,-102.680289
2/21/2024,13:02:18,-13.24183,-102.670289
2/21/2024,13:02:18,-13.24183,-102.670289
2/21/2024,13:02:18,-13.25183,-102.670289
2/21/2024,13:02:18,-13.26183,-102.680289
2/21/2024,13:02:19,-13.27183,-102.690289
2/21/2024,13:02:19,-13.27183,-102.690289
2/21/2024,13:02:19,-13.28183,-102.690289
2/21/2024,13:02:19,-13.28183,-102.680289
2/21/2024,13:02:19,-13.27183,-102.670289
2/21/2024,13:02:20,-13.27183,-102.670289
2/21/2024,13:02:20,-13.26183,-102.660289
2/21/2024,13:02:20,-13.27183,-102.660289
2/21/2024,13:02:20,-13.27183,-102.660289
2/21/2024,13:02:20,-13.28183,-102.660289
2/21/2024,13:02:21,-13.28183,-102.660289
2/21/2024,13:02:21,-13.29183,-102.670289
2/21/2024,13:02:21,-13.30183,-102.670289
2/21/2024,13:02:21,-13.31183,-102.680289
2/21/2024,13:02:21,-13.31183,-102.680289
2/21/2024,13:02:22,-13.31183,-102.670289
2/21/2024,13:02:22,-13.31183,-102.660289
2/21/2024,13:02:22,-13.31183,-102.660289
2/21/2024,13:02:22,-13.30183,-102.650289
2/21/2024,13:02:22,-13.31183,-102.650289
2/21/2024,13:02:23,-13.31183,-102.650289
2/21/2024,13:02:23,-13.31183,-102.650289
2/21/2024,13:02:23,-13.31183,-102.640289
2/21/2024,13:02:23,-13.32183,-102.650289
2/21/2024,13:02:23,-13.32183,-102.660289
2/21/2024,13:02:24,-13.33183,-102.670289
2/21/2024,13:02:24,-13.32183,-102.670289
2/21/2024,13:02:24,-13.33183,-102.660289
2/21/2024,13:02:24,-13.32183,-102.650289
2/21/2024,13:02:24,-13.30183,-102.630289
2/21/2024,13:02:25,-13.30183,-102.630289
2/21/2024,13:02:25,-13.30183,-102.630289
2/21/2024,13:02:25,-13.30183,-102.630289
2/21/2024,13:02:25,-13.31183,-102.630289
2/21/2024,13:02:25,-13.31183,-102.640289
2/21/2024,13:02:26,-13.31183,-102.660289
2/21/2024,13:02:26,-13.32183,-102.670289
2/21/2024,13:02:26,-13.32183,-102.670289
2/21/2024,13:02:26,-13.32183,-102.660289
2/21/2024,13:02:26,-13.30183,-102.640289
2/21/2024,13:02:27,-13.29183,-102.620289
2/21/2024,13:02:27,-13.28183,-102.620289
2/21/2024,13:02:27,-13.29183,-102.620289
2/21/2024,13:02:27,-13.29183,-102.630289
2/21/2024,13:02:27,-13.29183,-102.630289
2/21/2024,13:02:28,-13.30183,-102.650289
2/21/2024,13:02:28,-13.30183,-102.650289
2/21/2024,13:02:28,-13.30183,-102.660289
2/21/2024,13:02:28,-13.30183,-102.650289
2/21/2024,13:02:28,-13.30183,-102.650289
2/21/2024,13:02:29,-13.29183,-102.640289
2/21/2024,13:02:29,-13.28183,-102.620289
2/21/2024,13:02:29,-13.28183,-102.620289
2/21/2024,13:02:29,-13.28183,-102.620289
2/21/2024,13:02:29,-13.29183,-102.630289
2/21/2024,13:02:30,-13.30183,-102.630289
2/21/2024,13:02:30,-13.30183,-102.640289
2/21/2024,13:02:30,-13.31183,-102.640289
2/21/2024,13:02:30,-13.31183,-102.640289
2/21/2024,13:02:30,-13.31183,-102.640289
2/21/2024,13:02:31,-13.31183,-102.630289
2/21/2024,13:02:31,-13.30183,-102.620289
2/21/2024,13:02:31,-13.30183,-102.620289
2/21/2024,13:02:31,-13.30183,-102.620289
2/21/2024,13:02:31,-13.30183,-102.620289
2/21/2024,13:02:32,-13.30183,-102.620289
2/21/2024,13:02:32,-13.30183,-102.630289
2/21/2024,13:02:32,-13.32183,-102.640289
2/21/2024,13:02:32,-13.32183,-102.640289
2/21/2024,13:02:32,-13.32183,-102.640289
2/21/2024,13:02:33,-13.31183,-102.640289
2/21/2024,13:02:33,-13.31183,-102.640289
2/21/2024,13:02:33,-13.30183,-102.630289
2/21/2024,13:02:33,-13.30183,-102.630289
2/21/2024,13:02:33,-13.30183,-102.630289
2/21/2024,13:02:34,-13.30183,-102.640289
2/21/2024,13:02:34,-13.31183,-102.650289
2/21/2024,13:02:34,-13.31183,-102.650289
2/21/2024,13:02:34,-13.30183,-102.650289
2/21/2024,13:02:34,-13.29183,-102.640289
2/21/2024,13:02:35,-13.28183,-102.630289
2/21/2024,13:02:35,-13.28183,-102.630289
2/21/2024,13:02:35,-13.27183,-102.630289
2/21/2024,13:02:35,-13.27183,-102.630289
2/21/2024,13:02:35,-13.28183,-102.640289
2/21/2024,13:02:36,-13.28183,-102.660289
2/21/2024,13:02:36,-13.28183,-102.660289
2/21/2024,13:02:36,-13.28183,-102.670289
2/21/2024,13:02:36,-13.27183,-102.660289
2/21/2024,13:02:36,-13.26183,-102.650289
2/21/2024,13:02:37,-13.26183,-102.650289
2/21/2024,13:02:37,-13.25183,-102.650289
2/21/2024,13:02:37,-13.25183,-102.650289
2/21/2024,13:02:37,-13.26183,-102.650289
2/21/2024,13:02:37,-13.26183,-102.660289
2/21/2024,13:02:38,-13.27183,-102.680289
2/21/2024,13:02:38,-13.27183,-102.690289
2/21/2024,13:02:38,-13.28183,-102.690289
2/21/2024,13:02:38,-13.27183,-102.690289
2/21/2024,13:02:38,-13.26183,-102.680289
2/21/2024,13:02:39,-13.25183,-102.670289
2/21/2024,13:02:39,-13.25183,-102.670289
2/21/2024,13:02:39,-13.25183,-102.680289
2/21/2024,13:02:39,-13.25183,-102.690289
2/21/2024,13:02:39,-13.26183,-102.690289
2/21/2024,13:02:40,-13.27183,-102.700289
2/21/2024,13:02:40,-13.27183,-102.710289
2/21/2024,13:02:40,-13.27183,-102.710289
2/21/2024,13:02:40,-13.27183,-102.700289
2/21/2024,13:02:40,-13.26183,-102.700289
2/21/2024,13:02:41,-13.26183,-102.700289
2/21/2024,13:02:41,-13.25183,-102.700289
2/21/2024,13:02:41,-13.26183,-102.700289
2/21/2024,13:02:41,-13.25183,-102.700289
2/21/2024,13:02:41,-13.25183,-102.700289
2/21/2024,13:02:42,-13.25183,-102.700289
2/21/2024,13:02:42,-13.25183,-102.700289
2/21/2024,13:02:42,-13.26183,-102.720289
2/21/2024,13:02:42,-13.27183,-102.730289
2/21/2024,13:02:42,-13.27183,-102.740289
2/21/2024,13:02:43,-13.27183,-102.740289
2/21/2024,13:02:43,-13.27183,-102.730289
2/21/2024,13:02:43,-13.26183,-102.710289
2/21/2024,13:02:43,-13.25183,-102.700289
2/21/2024,13:02:43,-13.24183,-102.710289
2/21/2024,13:02:44,-13.25183,-102.710289
2/21/2024,13:02:44,-13.25183,-102.710289
2/21/2024,13:02:44,-13.26183,-102.720289
2/21/2024,13:02:44,-13.26183,-102.730289
2/21/2024,13:02:44,-13.26183,-102.740289
2/21/2024,13:02:45,-13.27183,-102.730289
2/21/2024,13:02:45,-13.26183,-102.720289
2/21/2024,13:02:45,-13.25183,-102.710289
2/21/2024,13:02:45,-13.24183,-102.710289
2/21/2024,13:02:45,-13.24183,-102.710289
2/21/2024,13:02:46,-13.24183,-102.710289
2/21/2024,13:02:46,-13.25183,-102.710289
2/21/2024,13:02:46,-13.25183,-102.720289
2/21/2024,13:02:46,-13.26183,-102.730289
2/21/2024,13:02:46,-13.26183,-102.730289
2/21/2024,13:02:47,-13.26183,-102.730289
2/21/2024,13:02:47,-13.26183,-102.730289
2/21/2024,13:02:47,-13.25183,-102.720289
2/21/2024,13:02:47,-13.25183,-102.720289
2/21/2024,13:02:47,-13.25183,-102.720289
2/21/2024,13:02:48,-13.25183,-102.720289
2/21/2024,13:02:48,-13.25183,-102.730289
2/21/2024,13:02:48,-13.26183,-102.730289
2/21/2024,13:02:48,-13.26183,-102.740289
2/21/2024,13:02:48,-13.26183,-102.730289
2/21/2024,13:02:49,-13.26183,-102.730289
2/21/2024,13:02:49,-13.25183,-102.730289
2/21/2024,13:02:49,-13.26183,-102.730289
2/21/2024,13:02:49,-13.26183,-102.730289
2/21/2024,13:02:49,-13.26183,-102.740289
2/21/2024,13:02:50,-13.26183,-102.740289
2/21/2024,13:02:50,-13.26183,-102.740289
2/21/2024,13:02:50,-13.26183,-102.740289
2/21/2024,13:02:50,-13.26183,-102.740289
2/21/2024,13:02:50,-13.26183,-102.740289
2/21/2024,13:02:51,-13.26183,-102.750289
2/21/2024,13:02:51,-13.26183,-102.750289
2/21/2024,13:02:51,-13.27183,-102.760289
2/21/2024,13:02:51,-13.26183,-102.760289
2/21/2024,13:02:51,-13.26183,-102.760289
2/21/2024,13:02:52,-13.26183,-102.750289
2/21/2024,13:02:52,-13.26183,-102.750289
2/21/2024,13:02:52,-13.26183,-102.760289
2/21/2024,13:02:52,-13.26183,-102.760289
2/21/2024,13:02:52,-13.26183,-102.770289
2/21/2024,13:02:53,-13.26183,-102.770289
2/21/2024,13:02:53,-13.25183,-102.760289
2/21/2024,13:02:53,-13.25183,-102.740289
2/21/2024,13:02:53,-13.24183,-102.740289
2/21/2024,13:02:53,-13.25183,-102.740289
2/21/2024,13:02:54,-13.25183,-102.740289
2/21/2024,13:02:54,-13.25183,-102.750289
2/21/2024,13:02:54,-13.26183,-102.750289
2/21/2024,13:02:54,-13.26183,-102.740289
2/21/2024,13:02:54,-13.26183,-102.730289
2/21/2024,13:02:55,-13.25183,-102.720289
2/21/2024,13:02:55,-13.25183,-102.720289
2/21/2024,13:02:55,-13.25183,-102.730289
2/21/2024,13:02:55,-13.26183,-102.740289
2/21/2024,13:02:55,-13.26183,-102.730289
2/21/2024,13:02:56,-13.26183,-102.730289
2/21/2024,13:02:56,-13.25183,-102.720289
2/21/2024,13:02:56,-13.25183,-102.710289
2/21/2024,13:02:56,-13.25183,-102.710289
2/21/2024,13:02:56,-13.25183,-102.710289
2/21/2024,13:02:57,-13.25183,-102.710289
2/21/2024,13:02:57,-13.25183,-102.710289
2/21/2024,13:02:57,-13.26183,-102.710289
2/21/2024,13:02:57,-13.26183,-102.710289
2/21/2024,13:02:57,-13.27183,-102.720289
2/21/2024,13:02:58,-13.27183,-102.730289
2/21/2024,13:02:58,-13.28183,-102.730289
2/21/2024,13:02:58,-13.28183,-102.730289
2/21/2024,13:02:58,-13.27183,-102.710289
2/21/2024,13:02:58,-13.26183,-102.680289
2/21/2024,13:02:59,-13.26183,-102.670289
2/21/2024,13:02:59,-13.26183,-102.670289
2/21/2024,13:02:59,-13.27183,-102.690289
2/21/2024,13:02:59,-13.29183,-102.690289
2/21/2024,13:02:59,-13.29183,-102.690289
2/21/2024,13:03:00,-13.28183,-102.670289
2/21/2024,13:03:00,-13.29183,-102.650289
2/21/2024,13:03:00,-13.30183,-102.640289
2/21/2024,13:03:00,-13.29183,-102.640289
2/21/2024,13:03:00,-13.29183,-102.650289
2/21/2024,13:03:01,-13.30183,-102.650289
2/21/2024,13:03:01,-13.31183,-102.660289
2/21/2024,13:03:01,-13.31183,-102.660289
2/21/2024,13:03:01,-13.31183,-102.650289
2/21/2024,13:03:01,-13.30183,-102.630289
2/21/2024,13:03:02,-13.30183,-102.620289
2/21/2024,13:03:02,-13.30183,-102.620289
2/21/2024,13:03:02,-13.30183,-102.630289
2/21/2024,13:03:02,-13.31183,-102.630289
2/21/2024,13:03:02,-13.31183,-102.630289
2/21/2024,13:03:03,-13.30183,-102.620289
2/21/2024,13:03:03,-13.30183,-102.620289
2/21/2024,13:03:03,-13.31183,-102.630289
2/21/2024,13:03:03,-13.32183,-102.640289
2/21/2024,13:03:03,-13.33183,-102.640289
2/21/2024,13:03:04,-13.33183,-102.630289
2/21/2024,13:03:04,-13.32183,-102.610289
2/21/2024,13:03:04,-13.31183,-102.590289
2/21/2024,13:03:04,-13.31183,-102.570289
2/21/2024,13:03:04,-13.30183,-102.550289
2/21/2024,13:03:05,-13.30183,-102.560289
2/21/2024,13:03:05,-13.29183,-102.550289
2/21/2024,13:03:05,-13.29183,-102.540289
2/21/2024,13:03:05,-13.30183,-102.550289
2/21/2024,13:03:05,-13.32183,-102.570289
2/21/2024,13:03:06,-13.36183,-102.560289
2/21/2024,13:03:06,-13.40183,-102.550289
2/21/2024,13:03:06,-13.39183,-102.540289
2/21/2024,13:03:06,-13.39183,-102.510289
2/21/2024,13:03:06,-13.38183,-102.490289
2/21/2024,13:03:07,-13.38183,-102.470289
2/21/2024,13:03:07,-13.37183,-102.450289
2/21/2024,13:03:07,-13.37183,-102.470289
2/21/2024,13:03:07,-13.38183,-102.470289
2/21/2024,13:03:07,-13.39183,-102.500289
2/21/2024,13:03:08,-13.38183,-102.510289
2/21/2024,13:03:08,-13.37183,-102.510289
2/21/2024,13:03:08,-13.38183,-102.480289
2/21/2024,13:03:08,-13.40183,-102.450289
2/21/2024,13:03:08,-13.38183,-102.450289
2/21/2024,13:03:09,-13.34183,-102.410289
2/21/2024,13:03:09,-13.35183,-102.420289
2/21/2024,13:03:09,-13.36183,-102.330289
2/21/2024,13:03:09,-13.39183,-102.230289
2/21/2024,13:03:09,-13.49183,-102.220289
2/21/2024,13:03:10,-13.56183,-102.210289
2/21/2024,13:03:10,-13.59183,-102.280289
2/21/2024,13:03:10,-13.57183,-102.350289
2/21/2024,13:03:10,-13.60183,-102.430289
2/21/2024,13:03:10,-13.65183,-102.600289
2/21/2024,13:03:11,-13.71183,-102.820289
2/21/2024,13:03:11,-13.77183,-103.020289
2/21/2024,13:03:11,-13.80183,-103.220289
2/21/2024,13:03:11,-13.81183,-103.410289
2/21/2024,13:03:11,-13.78183,-103.580289
2/21/2024,13:03:12,-13.75183,-103.800289
2/21/2024,13:03:12,-13.71183,-104.100289
2/21/2024,13:03:12,-13.69183,-104.320289
2/21/2024,13:03:12,-13.62183,-104.470289
2/21/2024,13:03:12,-13.50183,-104.610289
2/21/2024,13:03:13,-13.35183,-104.730289
2/21/2024,13:03:13,-13.20183,-104.880289
2/21/2024,13:03:13,-13.03183,-105.080289
2/21/2024,13:03:13,-12.83183,-105.250289
2/21/2024,13:03:13,-12.62183,-105.440289
2/21/2024,13:03:14,-12.42183,-105.590289
2/21/2024,13:03:14,-12.29183,-105.670289
2/21/2024,13:03:14,-12.12183,-105.810289
2/21/2024,13:03:14,-12.01183,-105.880289
2/21/2024,13:03:14,-11.96183,-105.930289
2/21/2024,13:03:15,-11.93183,-105.940289
2/21/2024,13:03:15,-11.93183,-105.970289
2/21/2024,13:03:15,-11.91183,-105.990289
2/21/2024,13:03:15,-11.91183,-105.990289
2/21/2024,13:03:15,-11.91183,-105.960289
2/21/2024,13:03:16,-11.89183,-105.930289
2/21/2024,13:03:16,-11.89183,-105.910289
2/21/2024,13:03:16,-11.90183,-105.920289
2/21/2024,13:03:16,-11.89183,-105.910289
2/21/2024,13:03:16,-11.89183,-105.890289
2/21/2024,13:03:17,-11.87183,-105.880289
2/21/2024,13:03:17,-11.88183,-105.910289
2/21/2024,13:03:17,-11.89183,-105.990289
2/21/2024,13:03:17,-11.79183,-105.970289
2/21/2024,13:03:17,-11.76183,-105.980289
2/21/2024,13:03:18,-11.77183,-105.980289
2/21/2024,13:03:18,-11.77183,-105.990289
2/21/2024,13:03:18,-11.77183,-105.990289
2/21/2024,13:03:18,-11.77183,-105.990289
2/21/2024,13:03:18,-11.77183,-105.980289
2/21/2024,13:03:19,-11.76183,-105.980289
2/21/2024,13:03:19,-11.76183,-105.980289
2/21/2024,13:03:19,-11.75183,-105.990289
2/21/2024,13:03:19,-11.75183,-105.990289
2/21/2024,13:03:19,-11.74183,-106.000289
2/21/2024,13:03:20,-11.74183,-106.000289
2/21/2024,13:03:20,-11.74183,-106.010289
2/21/2024,13:03:20,-11.74183,-106.020289
2/21/2024,13:03:20,-11.74183,-106.020289
2/21/2024,13:03:20,-11.74183,-106.020289
2/21/2024,13:03:21,-11.74183,-106.020289
2/21/2024,13:03:21,-11.73183,-106.010289
2/21/2024,13:03:21,-11.74183,-106.020289
2/21/2024,13:03:21,-11.74183,-106.020289
2/21/2024,13:03:21,-11.74183,-106.020289
2/21/2024,13:03:22,-11.74183,-106.030289
2/21/2024,13:03:22,-11.75183,-106.030289
2/21/2024,13:03:22,-11.74183,-106.030289
2/21/2024,13:03:22,-11.74183,-106.030289
2/21/2024,13:03:22,-11.73183,-106.030289
2/21/2024,13:03:23,-11.73183,-106.030289
2/21/2024,13:03:23,-11.74183,-106.020289
2/21/2024,13:03:23,-11.74183,-106.030289
2/21/2024,13:03:23,-11.75183,-106.030289
2/21/2024,13:03:23,-11.76183,-106.040289
2/21/2024,13:03:24,-11.75183,-106.040289
2/21/2024,13:03:24,-11.75183,-106.050289
2/21/2024,13:03:24,-11.76183,-106.050289
2/21/2024,13:03:24,-11.76183,-106.050289
2/21/2024,13:03:24,-11.75183,-106.050289
2/21/2024,13:03:25,-11.75183,-106.040289
2/21/2024,13:03:25,-11.75183,-106.040289
2/21/2024,13:03:25,-11.75183,-106.050289
2/21/2024,13:03:25,-11.75183,-106.050289
2/21/2024,13:03:25,-11.75183,-106.050289
2/21/2024,13:03:26,-11.76183,-106.050289
2/21/2024,13:03:26,-11.76183,-106.050289
2/21/2024,13:03:26,-11.76183,-106.050289
2/21/2024,13:03:26,-11.77183,-106.050289
2/21/2024,13:03:26,-11.77183,-106.060289
2/21/2024,13:03:27,-11.77183,-106.060289
2/21/2024,13:03:27,-11.77183,-106.060289
2/21/2024,13:03:27,-11.77183,-106.060289
2/21/2024,13:03:27,-11.77183,-106.060289
2/21/2024,13:03:27,-11.77183,-106.050289
2/21/2024,13:03:28,-11.76183,-106.040289
2/21/2024,13:03:28,-11.77183,-106.040289
2/21/2024,13:03:28,-11.78183,-106.040289
2/21/2024,13:03:28,-11.79183,-106.040289
2/21/2024,13:03:28,-11.80183,-106.050289
2/21/2024,13:03:29,-11.81183,-106.060289
2/21/2024,13:03:29,-11.81183,-106.070289
2/21/2024,13:03:29,-11.82183,-106.070289
2/21/2024,13:03:29,-11.82183,-106.060289
2/21/2024,13:03:29,-11.82183,-106.060289
2/21/2024,13:03:30,-11.81183,-106.040289
2/21/2024,13:03:30,-11.81183,-106.030289
2/21/2024,13:03:30,-11.81183,-106.030289
2/21/2024,13:03:30,-11.81183,-106.030289
2/21/2024,13:03:30,-11.82183,-106.030289
2/21/2024,13:03:31,-11.83183,-106.040289
2/21/2024,13:03:31,-11.83183,-106.040289
2/21/2024,13:03:31,-11.84183,-106.050289
2/21/2024,13:03:31,-11.85183,-106.050289
2/21/2024,13:03:31,-11.85183,-106.050289
2/21/2024,13:03:32,-11.85183,-106.050289
2/21/2024,13:03:32,-11.85183,-106.050289
2/21/2024,13:03:32,-11.85183,-106.040289
2/21/2024,13:03:32,-11.85183,-106.030289
2/21/2024,13:03:32,-11.84183,-106.020289
2/21/2024,13:03:33,-11.84183,-106.030289
2/21/2024,13:03:33,-11.85183,-106.030289
2/21/2024,13:03:33,-11.85183,-106.040289
2/21/2024,13:03:33,-11.85183,-106.050289
2/21/2024,13:03:33,-11.85183,-106.060289
2/21/2024,13:03:34,-11.85183,-106.060289
2/21/2024,13:03:34,-11.85183,-106.070289
2/21/2024,13:03:34,-11.85183,-106.070289
2/21/2024,13:03:34,-11.85183,-106.070289
2/21/2024,13:03:34,-11.84183,-106.070289
2/21/2024,13:03:35,-11.84183,-106.070289
2/21/2024,13:03:35,-11.83183,-106.070289
2/21/2024,13:03:35,-11.83183,-106.070289
2/21/2024,13:03:35,-11.83183,-106.070289
2/21/2024,13:03:35,-11.83183,-106.080289
2/21/2024,13:03:36,-11.83183,-106.090289
2/21/2024,13:03:36,-11.82183,-106.100289
2/21/2024,13:03:36,-11.83183,-106.110289
2/21/2024,13:03:36,-11.83183,-106.110289
2/21/2024,13:03:36,-11.83183,-106.120289
2/21/2024,13:03:37,-11.83183,-106.120289
2/21/2024,13:03:37,-11.83183,-106.120289
2/21/2024,13:03:37,-11.83183,-106.110289
2/21/2024,13:03:37,-11.82183,-106.110289
2/21/2024,13:03:37,-11.82183,-106.120289
2/21/2024,13:03:38,-11.82183,-106.120289
2/21/2024,13:03:38,-11.82183,-106.130289
2/21/2024,13:03:38,-11.83183,-106.130289
2/21/2024,13:03:38,-11.83183,-106.140289
2/21/2024,13:03:38,-11.83183,-106.140289
2/21/2024,13:03:39,-11.82183,-106.140289
2/21/2024,13:03:39,-11.83183,-106.140289
2/21/2024,13:03:39,-11.83183,-106.140289
2/21/2024,13:03:39,-11.83183,-106.150289
2/21/2024,13:03:39,-11.83183,-106.150289
2/21/2024,13:03:40,-11.83183,-106.160289
2/21/2024,13:03:40,-11.83183,-106.160289
2/21/2024,13:03:40,-11.84183,-106.160289
2/21/2024,13:03:40,-11.84183,-106.160289
2/21/2024,13:03:40,-11.84183,-106.160289
2/21/2024,13:03:41,-11.84183,-106.160289
2/21/2024,13:03:41,-11.84183,-106.160289
2/21/2024,13:03:41,-11.84183,-106.160289
2/21/2024,13:03:41,-11.85183,-106.170289
2/21/2024,13:03:41,-11.85183,-106.180289
2/21/2024,13:03:42,-11.86183,-106.180289
2/21/2024,13:03:42,-11.86183,-106.190289
2/21/2024,13:03:42,-11.87183,-106.200289
2/21/2024,13:03:42,-11.87183,-106.200289
2/21/2024,13:03:42,-11.87183,-106.200289
2/21/2024,13:03:43,-11.86183,-106.200289
2/21/2024,13:03:43,-11.86183,-106.190289
2/21/2024,13:03:43,-11.86183,-106.190289
2/21/2024,13:03:43,-11.87183,-106.190289
2/21/2024,13:03:43,-11.88183,-106.200289
2/21/2024,13:03:44,-11.89183,-106.210289
2/21/2024,13:03:44,-11.89183,-106.220289
2/21/2024,13:03:44,-11.90183,-106.230289
2/21/2024,13:03:44,-11.91183,-106.240289
2/21/2024,13:03:44,-11.91183,-106.250289
2/21/2024,13:03:45,-11.91183,-106.250289
2/21/2024,13:03:45,-11.91183,-106.240289
2/21/2024,13:03:45,-11.92183,-106.230289
2/21/2024,13:03:45,-11.91183,-106.230289
2/21/2024,13:03:45,-11.92183,-106.230289
2/21/2024,13:03:46,-11.92183,-106.240289
2/21/2024,13:03:46,-11.92183,-106.250289
2/21/2024,13:03:46,-11.93183,-106.260289
2/21/2024,13:03:46,-11.94183,-106.270289
2/21/2024,13:03:46,-11.95183,-106.280289
2/21/2024,13:03:47,-11.96183,-106.280289
2/21/2024,13:03:47,-11.95183,-106.280289
2/21/2024,13:03:47,-11.95183,-106.270289
2/21/2024,13:03:47,-11.95183,-106.260289
2/21/2024,13:03:47,-11.94183,-106.260289
2/21/2024,13:03:48,-11.95183,-106.260289
2/21/2024,13:03:48,-11.95183,-106.260289
2/21/2024,13:03:48,-11.96183,-106.270289
2/21/2024,13:03:48,-11.97183,-106.280289
2/21/2024,13:03:48,-11.97183,-106.280289
2/21/2024,13:03:49,-11.98183,-106.280289
2/21/2024,13:03:49,-11.98183,-106.280289
2/21/2024,13:03:49,-11.98183,-106.270289
2/21/2024,13:03:49,-11.98183,-106.270289
2/21/2024,13:03:49,-11.97183,-106.260289
2/21/2024,13:03:50,-11.98183,-106.260289
2/21/2024,13:03:50,-11.98183,-106.260289
2/21/2024,13:03:50,-11.98183,-106.270289
2/21/2024,13:03:50,-11.98183,-106.270289
2/21/2024,13:03:50,-11.99183,-106.270289
2/21/2024,13:03:51,-11.99183,-106.270289
2/21/2024,13:03:51,-11.99183,-106.270289
2/21/2024,13:03:51,-11.99183,-106.270289
2/21/2024,13:03:51,-11.99183,-106.270289
2/21/2024,13:03:51,-11.99183,-106.270289
2/21/2024,13:03:52,-11.99183,-106.270289
2/21/2024,13:03:52,-11.99183,-106.270289
2/21/2024,13:03:52,-11.99183,-106.270289
2/21/2024,13:03:52,-11.99183,-106.270289
2/21/2024,13:03:52,-11.98183,-106.270289
2/21/2024,13:03:53,-11.98183,-106.270289
2/21/2024,13:03:53,-11.97183,-106.270289
2/21/2024,13:03:53,-11.97183,-106.270289
2/21/2024,13:03:53,-11.97183,-106.280289
2/21/2024,13:03:53,-11.97183,-106.280289
2/21/2024,13:03:54,-11.97183,-106.290289
2/21/2024,13:03:54,-11.97183,-106.290289
2/21/2024,13:03:54,-11.96183,-106.290289
2/21/2024,13:03:54,-11.96183,-106.290289
2/21/2024,13:03:54,-11.95183,-106.280289
2/21/2024,13:03:55,-11.94183,-106.280289
2/21/2024,13:03:55,-11.94183,-106.280289
2/21/2024,13:03:55,-11.94183,-106.290289
2/21/2024,13:03:55,-11.94183,-106.290289
2/21/2024,13:03:55,-11.94183,-106.300289
2/21/2024,13:03:56,-11.93183,-106.300289
2/21/2024,13:03:56,-11.93183,-106.300289
2/21/2024,13:03:56,-11.93183,-106.290289
2/21/2024,13:03:56,-11.91183,-106.280289
2/21/2024,13:03:56,-11.91183,-106.280289
2/21/2024,13:03:57,-11.91183,-106.280289
2/21/2024,13:03:57,-11.91183,-106.280289
2/21/2024,13:03:57,-11.91183,-106.280289
2/21/2024,13:03:57,-11.91183,-106.290289
2/21/2024,13:03:57,-11.91183,-106.290289
2/21/2024,13:03:58,-11.91183,-106.280289
2/21/2024,13:03:58,-11.91183,-106.280289
2/21/2024,13:03:58,-11.91183,-106.280289
2/21/2024,13:03:58,-11.90183,-106.270289
2/21/2024,13:03:58,-11.89183,-106.270289
2/21/2024,13:03:59,-11.89183,-106.260289
2/21/2024,13:03:59,-11.89183,-106.260289
2/21/2024,13:03:59,-11.89183,-106.260289
2/21/2024,13:03:59,-11.90183,-106.260289
2/21/2024,13:03:59,-11.90183,-106.260289
2/21/2024,13:04:00,-11.90183,-106.260289
2/21/2024,13:04:00,-11.90183,-106.260289
2/21/2024,13:04:00,-11.90183,-106.260289
2/21/2024,13:04:00,-11.90183,-106.260289
2/21/2024,13:04:00,-11.89183,-106.250289
2/21/2024,13:04:01,-11.89183,-106.250289
2/21/2024,13:04:01,-11.89183,-106.240289
2/21/2024,13:04:01,-11.89183,-106.240289
2/21/2024,13:04:01,-11.89183,-106.240289
2/21/2024,13:04:01,-11.89183,-106.240289
2/21/2024,13:04:02,-11.89183,-106.240289
2/21/2024,13:04:02,-11.89183,-106.240289
2/21/2024,13:04:02,-11.89183,-106.240289
2/21/2024,13:04:02,-11.89183,-106.240289
2/21/2024,13:04:02,-11.89183,-106.240289
2/21/2024,13:04:03,-11.88183,-106.240289
2/21/2024,13:04:03,-11.88183,-106.240289
2/21/2024,13:04:03,-11.88183,-106.230289
2/21/2024,13:04:03,-11.88183,-106.230289
2/21/2024,13:04:03,-11.88183,-106.230289
2/21/2024,13:04:04,-11.88183,-106.230289
2/21/2024,13:04:04,-11.88183,-106.220289
2/21/2024,13:04:04,-11.88183,-106.220289
2/21/2024,13:04:04,-11.88183,-106.220289
2/21/2024,13:04:04,-11.88183,-106.210289
2/21/2024,13:04:05,-11.88183,-106.210289
2/21/2024,13:04:05,-11.88183,-106.210289
2/21/2024,13:04:05,-11.88183,-106.220289
2/21/2024,13:04:05,-11.88183,-106.220289
2/21/2024,13:04:05,-11.88183,-106.210289
2/21/2024,13:04:06,-11.87183,-106.200289
2/21/2024,13:04:06,-11.87183,-106.190289
2/21/2024,13:04:06,-11.87183,-106.190289
2/21/2024,13:04:06,-11.87183,-106.180289
2/21/2024,13:04:06,-11.87183,-106.190289
2/21/2024,13:04:07,-11.87183,-106.190289
2/21/2024,13:04:07,-11.87183,-106.190289
2/21/2024,13:04:07,-11.88183,-106.190289
2/21/2024,13:04:07,-11.88183,-106.180289
2/21/2024,13:04:07,-11.87183,-106.180289
2/21/2024,13:04:08,-11.87183,-106.170289
2/21/2024,13:04:08,-11.87183,-106.160289
2/21/2024,13:04:08,-11.87183,-106.150289
2/21/2024,13:04:08,-11.87183,-106.160289
2/21/2024,13:04:08,-11.87183,-106.160289
2/21/2024,13:04:09,-11.88183,-106.160289
2/21/2024,13:04:09,-11.88183,-106.160289
2/21/2024,13:04:09,-11.88183,-106.160289
2/21/2024,13:04:09,-11.88183,-106.160289
2/21/2024,13:04:09,-11.88183,-106.160289
2/21/2024,13:04:10,-11.88183,-106.160289
2/21/2024,13:04:10,-11.88183,-106.160289
2/21/2024,13:04:10,-11.88183,-106.150289
2/21/2024,13:04:10,-11.88183,-106.150289
2/21/2024,13:04:10,-11.89183,-106.150289
2/21/2024,13:04:11,-11.89183,-106.150289
2/21/2024,13:04:11,-11.89183,-106.150289
2/21/2024,13:04:11,-11.89183,-106.160289
2/21/2024,13:04:11,-11.88183,-106.160289
2/21/2024,13:04:11,-11.88183,-106.160289
2/21/2024,13:04:12,-11.87183,-106.160289
2/21/2024,13:04:12,-11.88183,-106.160289
2/21/2024,13:04:12,-11.89183,-106.150289
2/21/2024,13:04:12,-11.90183,-106.160289
2/21/2024,13:04:12,-11.90183,-106.160289
2/21/2024,13:04:13,-11.89183,-106.160289
2/21/2024,13:04:13,-11.89183,-106.160289
2/21/2024,13:04:13,-11.89183,-106.170289
2/21/2024,13:04:13,-11.89183,-106.170289
2/21/2024,13:04:13,-11.89183,-106.170289
2/21/2024,13:04:14,-11.90183,-106.170289
2/21/2024,13:04:14,-11.90183,-106.170289
2/21/2024,13:04:14,-11.90183,-106.170289
2/21/2024,13:04:14,-11.90183,-106.170289
2/21/2024,13:04:14,-11.89183,-106.170289
2/21/2024,13:04:15,-11.89183,-106.170289
2/21/2024,13:04:15,-11.89183,-106.170289
2/21/2024,13:04:15,-11.90183,-106.170289
2/21/2024,13:04:15,-11.90183,-106.180289
2/21/2024,13:04:15,-11.89183,-106.190289
2/21/2024,13:04:16,-11.89183,-106.190289
2/21/2024,13:04:16,-11.89183,-106.190289
2/21/2024,13:04:16,-11.89183,-106.190289
2/21/2024,13:04:16,-11.89183,-106.190289
2/21/2024,13:04:16,-11.89183,-106.190289
2/21/2024,13:04:17,-11.89183,-106.190289
2/21/2024,13:04:17,-11.89183,-106.190289
2/21/2024,13:04:17,-11.90183,-106.190289
2/21/2024,13:04:17,-11.89183,-106.190289
2/21/2024,13:04:17,-11.89183,-106.200289
2/21/2024,13:04:18,-11.89183,-106.200289
2/21/2024,13:04:18,-11.89183,-106.190289
2/21/2024,13:04:18,-11.89183,-106.190289
2/21/2024,13:04:18,-11.89183,-106.190289
2/21/2024,13:04:18,-11.89183,-106.190289
2/21/2024,13:04:19,-11.89183,-106.200289
2/21/2024,13:04:19,-11.89183,-106.200289
2/21/2024,13:04:19,-11.89183,-106.210289
2/21/2024,13:04:19,-11.89183,-106.210289
2/21/2024,13:04:19,-11.89183,-106.200289
2/21/2024,13:04:20,-11.90183,-106.200289
2/21/2024,13:04:20,-11.90183,-106.200289
2/21/2024,13:04:20,-11.90183,-106.210289
2/21/2024,13:04:20,-11.91183,-106.220289
2/21/2024,13:04:20,-11.91183,-106.220289
2/21/2024,13:04:21,-11.92183,-106.230289
2/21/2024,13:04:21,-11.92183,-106.230289
2/21/2024,13:04:21,-11.92183,-106.230289
2/21/2024,13:04:21,-11.92183,-106.220289
2/21/2024,13:04:21,-11.91183,-106.220289
2/21/2024,13:04:22,-11.91183,-106.220289
2/21/2024,13:04:22,-11.92183,-106.220289
2/21/2024,13:04:22,-11.92183,-106.230289
2/21/2024,13:04:22,-11.93183,-106.240289
2/21/2024,13:04:22,-11.94183,-106.250289
2/21/2024,13:04:23,-11.94183,-106.260289
2/21/2024,13:04:23,-11.94183,-106.260289
2/21/2024,13:04:23,-11.94183,-106.260289
2/21/2024,13:04:23,-11.94183,-106.250289
2/21/2024,13:04:23,-11.94183,-106.250289
2/21/2024,13:04:24,-11.94183,-106.250289
2/21/2024,13:04:24,-11.94183,-106.250289
2/21/2024,13:04:24,-11.94183,-106.260289
2/21/2024,13:04:24,-11.94183,-106.260289
2/21/2024,13:04:24,-11.94183,-106.270289
2/21/2024,13:04:25,-11.94183,-106.270289
2/21/2024,13:04:25,-11.95183,-106.280289
2/21/2024,13:04:25,-11.96183,-106.290289
2/21/2024,13:04:25,-11.96183,-106.290289
2/21/2024,13:04:25,-11.96183,-106.300289
2/21/2024,13:04:26,-11.96183,-106.290289
2/21/2024,13:04:26,-11.96183,-106.290289
2/21/2024,13:04:26,-11.96183,-106.280289
2/21/2024,13:04:26,-11.96183,-106.280289
2/21/2024,13:04:26,-11.96183,-106.290289
2/21/2024,13:04:27,-11.97183,-106.300289
2/21/2024,13:04:27,-11.97183,-106.310289
2/21/2024,13:04:27,-11.97183,-106.310289
2/21/2024,13:04:27,-11.98183,-106.320289
2/21/2024,13:04:27,-11.97183,-106.320289
2/21/2024,13:04:28,-11.98183,-106.320289
2/21/2024,13:04:28,-11.98183,-106.320289
2/21/2024,13:04:28,-11.98183,-106.320289
2/21/2024,13:04:28,-11.98183,-106.320289
2/21/2024,13:04:28,-11.98183,-106.320289
2/21/2024,13:04:29,-11.98183,-106.320289
2/21/2024,13:04:29,-11.98183,-106.330289
2/21/2024,13:04:29,-11.98183,-106.340289
2/21/2024,13:04:29,-11.98183,-106.340289
2/21/2024,13:04:29,-11.99183,-106.350289
2/21/2024,13:04:30,-11.99183,-106.350289
2/21/2024,13:04:30,-11.98183,-106.350289
2/21/2024,13:04:30,-11.98183,-106.340289
2/21/2024,13:04:30,-11.99183,-106.340289
2/21/2024,13:04:30,-11.99183,-106.350289
2/21/2024,13:04:31,-11.99183,-106.350289
2/21/2024,13:04:31,-11.99183,-106.350289
2/21/2024,13:04:31,-11.99183,-106.350289
2/21/2024,13:04:31,-11.99183,-106.350289
2/21/2024,13:04:31,-11.98183,-106.340289
2/21/2024,13:04:32,-11.98183,-106.340289
2/21/2024,13:04:32,-11.98183,-106.340289
2/21/2024,13:04:32,-11.99183,-106.350289
2/21/2024,13:04:32,-11.99183,-106.350289
2/21/2024,13:04:32,-11.99183,-106.350289
2/21/2024,13:04:33,-11.99183,-106.350289
2/21/2024,13:04:33,-11.99183,-106.350289
2/21/2024,13:04:33,-11.99183,-106.350289
2/21/2024,13:04:33,-11.98183,-106.340289
2/21/2024,13:04:33,-11.98183,-106.340289
2/21/2024,13:04:34,-11.98183,-106.330289
2/21/2024,13:04:34,-11.98183,-106.330289
2/21/2024,13:04:34,-11.98183,-106.330289
2/21/2024,13:04:34,-11.99183,-106.340289
2/21/2024,13:04:34,-11.99183,-106.340289
2/21/2024,13:04:35,-11.99183,-106.340289
2/21/2024,13:04:35,-11.98183,-106.340289
2/21/2024,13:04:35,-11.98183,-106.330289
2/21/2024,13:04:35,-11.97183,-106.320289
2/21/2024,13:04:35,-11.97183,-106.310289
2/21/2024,13:04:36,-11.97183,-106.310289
2/21/2024,13:04:36,-11.97183,-106.310289
2/21/2024,13:04:36,-11.98183,-106.320289
2/21/2024,13:04:36,-11.97183,-106.310289
2/21/2024,13:04:36,-11.96183,-106.310289
2/21/2024,13:04:37,-11.96183,-106.300289
2/21/2024,13:04:37,-11.96183,-106.300289
2/21/2024,13:04:37,-11.96183,-106.300289
2/21/2024,13:04:37,-11.96183,-106.300289
2/21/2024,13:04:37,-11.96183,-106.300289
2/21/2024,13:04:38,-11.96183,-106.300289
2/21/2024,13:04:38,-11.96183,-106.290289
2/21/2024,13:04:38,-11.96183,-106.290289
2/21/2024,13:04:38,-11.96183,-106.290289
2/21/2024,13:04:38,-11.96183,-106.290289
2/21/2024,13:04:39,-11.95183,-106.280289
2/21/2024,13:04:39,-11.95183,-106.280289
2/21/2024,13:04:39,-11.96183,-106.280289
2/21/2024,13:04:39,-11.96183,-106.280289
2/21/2024,13:04:39,-11.96183,-106.280289
2/21/2024,13:04:40,-11.96183,-106.280289
2/21/2024,13:04:40,-11.96183,-106.280289
2/21/2024,13:04:40,-11.96183,-106.280289
2/21/2024,13:04:40,-11.96183,-106.270289
2/21/2024,13:04:40,-11.96183,-106.270289
2/21/2024,13:04:41,-12.00183,-106.260289
2/21/2024,13:04:41,-12.23183,-106.150289
2/21/2024,13:04:41,-12.58183,-106.070289
2/21/2024,13:04:41,-12.93183,-105.970289
2/21/2024,13:04:41,-13.07183,-105.910289
2/21/2024,13:04:42,-13.17183,-105.860289
2/21/2024,13:04:42,-13.29183,-105.830289
2/21/2024,13:04:42,-13.29183,-105.810289
2/21/2024,13:04:42,-13.23183,-105.790289
2/21/2024,13:04:42,-13.11183,-105.770289
2/21/2024,13:04:43,-12.92183,-105.760289
2/21/2024,13:04:43,-12.66183,-105.760289
2/21/2024,13:04:43,-13.43183,-105.830289
2/21/2024,13:04:43,-13.40183,-105.810289
2/21/2024,13:04:43,-13.33183,-105.820289
2/21/2024,13:04:44,-13.31183,-105.830289
2/21/2024,13:04:44,-13.29183,-105.820289
2/21/2024,13:04:44,-13.27183,-105.830289
2/21/2024,13:04:44,-13.24183,-105.860289
2/21/2024,13:04:44,-13.18183,-105.890289
2/21/2024,13:04:45,-13.12183,-105.960289
2/21/2024,13:04:45,-13.07183,-106.020289
2/21/2024,13:04:45,-13.05183,-106.030289
2/21/2024,13:04:45,-13.06183,-106.010289
2/21/2024,13:04:45,-13.07183,-106.030289
2/21/2024,13:04:46,-13.06183,-106.000289
2/21/2024,13:04:46,-13.05183,-105.900289
2/21/2024,13:04:46,-13.06183,-105.850289
2/21/2024,13:04:46,-13.07183,-105.890289
2/21/2024,13:04:46,-13.04183,-105.990289
2/21/2024,13:04:47,-13.02183,-106.000289
2/21/2024,13:04:47,-13.00183,-105.970289
2/21/2024,13:04:47,-13.02183,-105.930289
2/21/2024,13:04:47,-13.03183,-105.930289
2/21/2024,13:04:47,-13.02183,-105.930289
2/21/2024,13:04:48,-13.01183,-105.930289
2/21/2024,13:04:48,-13.00183,-105.930289
2/21/2024,13:04:48,-13.01183,-105.930289
2/21/2024,13:04:48,-13.02183,-105.930289
2/21/2024,13:04:48,-13.02183,-105.930289
2/21/2024,13:04:49,-13.01183,-105.920289
2/21/2024,13:04:49,-13.01183,-105.920289
2/21/2024,13:04:49,-13.02183,-105.910289
2/21/2024,13:04:49,-13.00183,-105.900289
2/21/2024,13:04:49,-12.98183,-105.910289
2/21/2024,13:04:50,-12.97183,-105.910289
2/21/2024,13:04:50,-12.96183,-105.910289
2/21/2024,13:04:50,-12.95183,-105.910289
2/21/2024,13:04:50,-12.95183,-105.900289
2/21/2024,13:04:50,-12.93183,-105.890289
2/21/2024,13:04:51,-12.92183,-105.860289
2/21/2024,13:04:51,-12.91183,-105.820289
2/21/2024,13:04:51,-12.94183,-105.790289
2/21/2024,13:04:51,-13.00183,-105.750289
2/21/2024,13:04:51,-13.07183,-105.710289
2/21/2024,13:04:52,-13.17183,-105.660289
2/21/2024,13:04:52,-13.20183,-105.610289
2/21/2024,13:04:52,-13.20183,-105.610289
2/21/2024,13:04:52,-13.17183,-105.640289
2/21/2024,13:04:52,-13.15183,-105.630289
2/21/2024,13:04:53,-13.15183,-105.590289
2/21/2024,13:04:53,-13.17183,-105.560289
2/21/2024,13:04:53,-13.19183,-105.570289
2/21/2024,13:04:53,-13.16183,-105.570289
2/21/2024,13:04:53,-13.17183,-105.540289
2/21/2024,13:04:54,-13.21183,-105.520289
2/21/2024,13:04:54,-13.25183,-105.490289
2/21/2024,13:04:54,-13.27183,-105.470289
2/21/2024,13:04:54,-13.27183,-105.440289
2/21/2024,13:04:54,-13.27183,-105.390289
2/21/2024,13:04:55,-13.26183,-105.350289
2/21/2024,13:04:55,-13.26183,-105.340289
2/21/2024,13:04:55,-13.25183,-105.340289
2/21/2024,13:04:55,-13.25183,-105.340289
2/21/2024,13:04:55,-13.26183,-105.330289
2/21/2024,13:04:56,-13.32183,-105.320289
2/21/2024,13:04:56,-13.37183,-105.330289
2/21/2024,13:04:56,-13.38183,-105.350289
2/21/2024,13:04:56,-13.42183,-105.390289
2/21/2024,13:04:56,-13.47183,-105.440289
2/21/2024,13:04:57,-13.54183,-105.480289
2/21/2024,13:04:57,-13.60183,-105.510289
2/21/2024,13:04:57,-13.62183,-105.510289
2/21/2024,13:04:57,-13.64183,-105.500289
2/21/2024,13:04:57,-13.68183,-105.510289
2/21/2024,13:04:58,-13.71183,-105.520289
2/21/2024,13:04:58,-13.73183,-105.510289
2/21/2024,13:04:58,-13.76183,-105.490289
2/21/2024,13:04:58,-13.79183,-105.500289
2/21/2024,13:04:58,-13.77183,-105.490289
2/21/2024,13:04:59,-13.77183,-105.520289
2/21/2024,13:04:59,-13.79183,-105.580289
2/21/2024,13:04:59,-13.84183,-105.650289
2/21/2024,13:04:59,-13.90183,-105.730289
2/21/2024,13:04:59,-13.94183,-105.780289
2/21/2024,13:05:00,-13.96183,-105.800289
2/21/2024,13:05:00,-13.96183,-105.790289
2/21/2024,13:05:00,-13.96183,-105.770289
2/21/2024,13:05:00,-13.98183,-105.750289
2/21/2024,13:05:00,-14.03183,-105.740289
2/21/2024,13:05:01,-14.06183,-105.730289
2/21/2024,13:05:01,-14.05183,-105.730289
2/21/2024,13:05:01,-14.02183,-105.730289
2/21/2024,13:05:01,-14.02183,-105.750289
2/21/2024,13:05:01,-14.01183,-105.760289
2/21/2024,13:05:02,-14.00183,-105.750289
2/21/2024,13:05:02,-14.00183,-105.750289
2/21/2024,13:05:02,-13.99183,-105.740289
2/21/2024,13:05:02,-13.98183,-105.750289
2/21/2024,13:05:02,-13.97183,-105.750289
2/21/2024,13:05:03,-13.97183,-105.760289
2/21/2024,13:05:03,-13.98183,-105.760289
2/21/2024,13:05:03,-13.99183,-105.760289
2/21/2024,13:05:03,-14.01183,-105.750289
2/21/2024,13:05:03,-14.03183,-105.740289
2/21/2024,13:05:04,-14.06183,-105.740289
2/21/2024,13:05:04,-14.07183,-105.730289
2/21/2024,13:05:04,-14.06183,-105.740289
2/21/2024,13:05:04,-14.05183,-105.740289
2/21/2024,13:05:04,-14.06183,-105.770289
2/21/2024,13:05:05,-14.05183,-105.780289
2/21/2024,13:05:05,-14.04183,-105.790289
2/21/2024,13:05:05,-14.04183,-105.790289
2/21/2024,13:05:05,-14.06183,-105.790289
2/21/2024,13:05:05,-14.07183,-105.780289
2/21/2024,13:05:06,-14.06183,-105.770289
2/21/2024,13:05:06,-14.05183,-105.770289
2/21/2024,13:05:06,-14.04183,-105.770289
2/21/2024,13:05:06,-14.04183,-105.780289
2/21/2024,13:05:06,-14.05183,-105.790289
2/21/2024,13:05:07,-14.05183,-105.790289
2/21/2024,13:05:07,-14.06183,-105.800289
2/21/2024,13:05:07,-14.06183,-105.810289
2/21/2024,13:05:07,-14.06183,-105.830289
2/21/2024,13:05:07,-14.05183,-105.830289
2/21/2024,13:05:08,-14.06183,-105.830289
2/21/2024,13:05:08,-14.08183,-105.820289
2/21/2024,13:05:08,-14.10183,-105.810289
2/21/2024,13:05:08,-14.11183,-105.800289
2/21/2024,13:05:08,-14.12183,-105.800289
2/21/2024,13:05:09,-14.11183,-105.810289
2/21/2024,13:05:09,-14.11183,-105.820289
2/21/2024,13:05:09,-14.11183,-105.830289
2/21/2024,13:05:09,-14.11183,-105.830289
2/21/2024,13:05:09,-14.12183,-105.850289
2/21/2024,13:05:10,-14.10183,-105.870289
2/21/2024,13:05:10,-14.11183,-105.880289
2/21/2024,13:05:10,-14.14183,-105.850289
2/21/2024,13:05:10,-14.18183,-105.830289
2/21/2024,13:05:10,-14.21183,-105.830289
2/21/2024,13:05:11,-14.22183,-105.840289
2/21/2024,13:05:11,-14.23183,-105.840289
2/21/2024,13:05:11,-14.25183,-105.840289
2/21/2024,13:05:11,-14.29183,-105.840289
2/21/2024,13:05:11,-14.30183,-105.830289
2/21/2024,13:05:12,-14.31183,-105.820289
2/21/2024,13:05:12,-14.31183,-105.830289
2/21/2024,13:05:12,-14.31183,-105.830289
2/21/2024,13:05:12,-14.29183,-105.840289
2/21/2024,13:05:12,-14.27183,-105.850289
2/21/2024,13:05:13,-14.26183,-105.860289
2/21/2024,13:05:13,-14.24183,-105.860289
2/21/2024,13:05:13,-14.23183,-105.880289
2/21/2024,13:05:13,-14.25183,-105.910289
2/21/2024,13:05:13,-14.30183,-105.950289
2/21/2024,13:05:14,-14.42183,-106.030289
2/21/2024,13:05:14,-14.55183,-106.130289
2/21/2024,13:05:14,-14.64183,-106.290289
2/21/2024,13:05:14,-14.70183,-106.510289
2/21/2024,13:05:14,-14.79183,-106.820289
2/21/2024,13:05:15,-14.83183,-107.070289
2/21/2024,13:05:15,-14.76183,-107.290289
2/21/2024,13:05:15,-14.64183,-107.450289
2/21/2024,13:05:15,-14.46183,-107.550289
2/21/2024,13:05:15,-14.21183,-107.640289
2/21/2024,13:05:16,-13.89183,-107.780289
2/21/2024,13:05:16,-13.62183,-107.850289
2/21/2024,13:05:16,-13.48183,-107.850289
2/21/2024,13:05:16,-13.35183,-107.880289
2/21/2024,13:05:16,-13.20183,-107.950289
2/21/2024,13:05:17,-13.04183,-108.020289
2/21/2024,13:05:17,-12.94183,-108.050289
2/21/2024,13:05:17,-12.88183,-108.100289
2/21/2024,13:05:17,-12.84183,-108.170289
2/21/2024,13:05:17,-12.77183,-108.210289
2/21/2024,13:05:18,-12.76183,-108.230289
2/21/2024,13:05:18,-12.75183,-108.320289
2/21/2024,13:05:18,-12.86183,-108.440289
2/21/2024,13:05:18,-12.97183,-108.500289
2/21/2024,13:05:18,-13.04183,-108.540289
2/21/2024,13:05:19,-13.05183,-108.570289
2/21/2024,13:05:19,-13.06183,-108.600289
2/21/2024,13:05:19,-13.04183,-108.610289
2/21/2024,13:05:19,-13.02183,-108.640289
2/21/2024,13:05:19,-13.00183,-108.670289
2/21/2024,13:05:20,-12.95183,-108.680289
2/21/2024,13:05:20,-12.91183,-108.670289
2/21/2024,13:05:20,-12.90183,-108.650289
2/21/2024,13:05:20,-12.91183,-108.630289
2/21/2024,13:05:20,-12.93183,-108.600289
2/21/2024,13:05:21,-13.00183,-108.560289
2/21/2024,13:05:21,-13.10183,-108.510289
2/21/2024,13:05:21,-13.17183,-108.470289
2/21/2024,13:05:21,-13.19183,-108.440289
2/21/2024,13:05:21,-13.17183,-108.420289
2/21/2024,13:05:22,-13.15183,-108.410289
2/21/2024,13:05:22,-13.13183,-108.410289
2/21/2024,13:05:22,-13.15183,-108.410289
2/21/2024,13:05:22,-13.15183,-108.440289
2/21/2024,13:05:22,-13.16183,-108.450289
2/21/2024,13:05:23,-13.17183,-108.440289
2/21/2024,13:05:23,-13.17183,-108.430289
2/21/2024,13:05:23,-13.14183,-108.430289
2/21/2024,13:05:23,-13.09183,-108.440289
2/21/2024,13:05:23,-12.97183,-108.470289
2/21/2024,13:05:24,-12.81183,-108.550289
2/21/2024,13:05:24,-12.52183,-108.620289
2/21/2024,13:05:24,-12.23183,-108.680289
2/21/2024,13:05:24,-12.03183,-108.750289
2/21/2024,13:05:24,-11.83183,-108.820289
2/21/2024,13:05:25,-11.66183,-108.820289
2/21/2024,13:05:25,-11.51183,-108.850289
2/21/2024,13:05:25,-11.29183,-108.930289
2/21/2024,13:05:25,-11.05183,-109.070289
2/21/2024,13:05:25,-10.80183,-109.240289
2/21/2024,13:05:26,-10.59183,-109.440289
2/21/2024,13:05:26,-10.37183,-109.600289
2/21/2024,13:05:26,-10.14183,-109.760289
2/21/2024,13:05:26,-9.871830001,-109.970289
2/21/2024,13:05:26,-9.67183,-110.200289
2/21/2024,13:05:27,-9.51183,-110.420289
2/21/2024,13:05:27,-9.361830001,-110.590289
2/21/2024,13:05:27,-9.201830001,-110.770289
2/21/2024,13:05:27,-8.981830001,-110.980289
2/21/2024,13:05:27,-8.831830001,-111.270289
2/21/2024,13:05:28,-8.72183,-111.580289
2/21/2024,13:05:28,-8.701830001,-111.840289
2/21/2024,13:05:28,-8.71183,-112.090289
2/21/2024,13:05:28,-8.80183,-112.320289
2/21/2024,13:05:28,-8.92183,-112.460289
2/21/2024,13:05:29,-9.14183,-112.520289
2/21/2024,13:05:29,-9.38183,-112.510289
2/21/2024,13:05:29,-9.581830001,-112.470289
2/21/2024,13:05:29,-9.76183,-112.430289
2/21/2024,13:05:29,-9.951830001,-112.390289
2/21/2024,13:05:30,-10.16183,-112.350289
2/21/2024,13:05:30,-10.35183,-112.290289
2/21/2024,13:05:30,-10.52183,-112.180289
2/21/2024,13:05:30,-10.68183,-112.160289
2/21/2024,13:05:30,-10.82183,-112.140289
2/21/2024,13:05:31,-11.01183,-112.060289
2/21/2024,13:05:31,-11.24183,-111.940289
2/21/2024,13:05:31,-11.43183,-111.850289
2/21/2024,13:05:31,-11.59183,-111.750289
2/21/2024,13:05:31,-11.73183,-111.690289
2/21/2024,13:05:32,-11.90183,-111.650289
2/21/2024,13:05:32,-12.09183,-111.580289
2/21/2024,13:05:32,-12.33183,-111.490289
2/21/2024,13:05:32,-12.55183,-111.370289
2/21/2024,13:05:32,-12.72183,-111.250289
2/21/2024,13:05:33,-12.85183,-111.200289
2/21/2024,13:05:33,-13.02183,-111.140289
2/21/2024,13:05:33,-13.24183,-111.070289
2/21/2024,13:05:33,-13.41183,-111.010289
2/21/2024,13:05:33,-13.54183,-110.940289
2/21/2024,13:05:34,-13.66183,-110.880289
2/21/2024,13:05:34,-13.75183,-110.850289
2/21/2024,13:05:34,-13.86183,-110.830289
2/21/2024,13:05:34,-14.03183,-110.790289
2/21/2024,13:05:34,-14.23183,-110.710289
2/21/2024,13:05:35,-14.38183,-110.640289
2/21/2024,13:05:35,-14.53183,-110.580289
2/21/2024,13:05:35,-14.66183,-110.550289
2/21/2024,13:05:35,-14.79183,-110.510289
2/21/2024,13:05:35,-14.98183,-110.490289
2/21/2024,13:05:36,-15.22183,-110.430289
2/21/2024,13:05:36,-15.43183,-110.360289
2/21/2024,13:05:36,-15.66183,-110.270289
2/21/2024,13:05:36,-15.86183,-110.170289
2/21/2024,13:05:36,-16.08183,-110.100289
2/21/2024,13:05:37,-16.35183,-110.010289
2/21/2024,13:05:37,-16.66183,-109.910289
2/21/2024,13:05:37,-16.94183,-109.790289
2/21/2024,13:05:37,-17.17183,-109.680289
2/21/2024,13:05:37,-17.40183,-109.600289
2/21/2024,13:05:38,-17.65183,-109.530289
2/21/2024,13:05:38,-17.95183,-109.430289
2/21/2024,13:05:38,-18.22183,-109.330289
2/21/2024,13:05:38,-18.48183,-109.220289
2/21/2024,13:05:38,-18.71183,-109.130289
2/21/2024,13:05:39,-18.95183,-109.080289
2/21/2024,13:05:39,-19.28183,-108.990289
2/21/2024,13:05:39,-19.56183,-108.870289
2/21/2024,13:05:39,-19.83183,-108.740289
2/21/2024,13:05:39,-20.04183,-108.640289
2/21/2024,13:05:40,-20.24183,-108.570289
2/21/2024,13:05:40,-20.51183,-108.500289
2/21/2024,13:05:40,-20.82183,-108.390289
2/21/2024,13:05:40,-21.15183,-108.190289
2/21/2024,13:05:40,-21.47183,-107.960289
2/21/2024,13:05:41,-21.69183,-107.800289
2/21/2024,13:05:41,-21.84183,-107.710289
2/21/2024,13:05:41,-22.00183,-107.630289
2/21/2024,13:05:41,-22.17183,-107.560289
2/21/2024,13:05:41,-22.31183,-107.500289
2/21/2024,13:05:42,-22.40183,-107.430289
2/21/2024,13:05:42,-22.48183,-107.330289
2/21/2024,13:05:42,-22.50183,-107.260289
2/21/2024,13:05:42,-22.50183,-107.230289
2/21/2024,13:05:42,-22.50183,-107.210289
2/21/2024,13:05:43,-22.53183,-107.200289
2/21/2024,13:05:43,-22.59183,-107.190289
2/21/2024,13:05:43,-22.63183,-107.220289
2/21/2024,13:05:43,-22.70183,-107.250289
2/21/2024,13:05:43,-22.75183,-107.300289
2/21/2024,13:05:44,-22.85183,-107.360289
2/21/2024,13:05:44,-22.92183,-107.400289
2/21/2024,13:05:44,-22.97183,-107.420289
2/21/2024,13:05:44,-22.99183,-107.440289
2/21/2024,13:05:44,-22.96183,-107.430289
2/21/2024,13:05:45,-22.95183,-107.410289
2/21/2024,13:05:45,-22.94183,-107.380289
2/21/2024,13:05:45,-22.90183,-107.380289
2/21/2024,13:05:45,-22.93183,-107.380289
2/21/2024,13:05:45,-22.95183,-107.400289
2/21/2024,13:05:46,-22.94183,-107.410289
2/21/2024,13:05:46,-22.95183,-107.410289
2/21/2024,13:05:46,-22.92183,-107.410289
2/21/2024,13:05:46,-22.92183,-107.400289
2/21/2024,13:05:46,-22.93183,-107.390289
2/21/2024,13:05:47,-23.00183,-107.360289
2/21/2024,13:05:47,-23.05183,-107.380289
2/21/2024,13:05:47,-23.14183,-107.540289
2/21/2024,13:05:47,-23.28183,-107.710289
2/21/2024,13:05:47,-23.42183,-107.860289
2/21/2024,13:05:48,-23.56183,-108.060289
2/21/2024,13:05:48,-23.67183,-108.290289
2/21/2024,13:05:48,-23.68183,-108.480289
2/21/2024,13:05:48,-23.64183,-108.620289
2/21/2024,13:05:48,-23.63183,-108.730289
2/21/2024,13:05:49,-23.69183,-108.920289
2/21/2024,13:05:49,-23.77183,-109.130289
2/21/2024,13:05:49,-23.90183,-109.350289
2/21/2024,13:05:49,-24.01183,-109.500289
2/21/2024,13:05:49,-23.97183,-109.690289
2/21/2024,13:05:50,-24.04183,-109.830289
2/21/2024,13:05:50,-24.15183,-109.970289
2/21/2024,13:05:50,-24.26183,-110.130289
2/21/2024,13:05:50,-24.40183,-110.270289
2/21/2024,13:05:50,-24.48183,-110.390289
2/21/2024,13:05:51,-24.55183,-110.470289
2/21/2024,13:05:51,-24.72183,-110.660289
2/21/2024,13:05:51,-24.76183,-110.800289
2/21/2024,13:05:51,-24.86183,-111.020289
2/21/2024,13:05:51,-24.87183,-111.140289
2/21/2024,13:05:52,-24.83183,-111.210289
2/21/2024,13:05:52,-24.72183,-111.310289
2/21/2024,13:05:52,-24.63183,-111.390289
2/21/2024,13:05:52,-24.50183,-111.490289
2/21/2024,13:05:52,-24.33183,-111.570289
2/21/2024,13:05:53,-24.04183,-111.490289
2/21/2024,13:05:53,-23.74183,-111.450289
2/21/2024,13:05:53,-23.40183,-111.480289
2/21/2024,13:05:53,-23.02183,-111.510289
2/21/2024,13:05:53,-22.60183,-111.480289
2/21/2024,13:05:54,-22.16183,-111.410289
2/21/2024,13:05:54,-22.10183,-111.510289
2/21/2024,13:05:54,-24.32183,-112.970289
2/21/2024,13:05:54,-24.37183,-113.250289
2/21/2024,13:05:54,-24.30183,-113.530289
2/21/2024,13:05:55,-24.28183,-113.770289
2/21/2024,13:05:55,-24.19183,-113.970289
2/21/2024,13:05:55,-24.08183,-114.100289
2/21/2024,13:05:55,-24.01183,-114.230289
2/21/2024,13:05:55,-23.74183,-114.370289
2/21/2024,13:05:56,-23.62183,-114.640289
2/21/2024,13:05:56,-23.54183,-114.870289
2/21/2024,13:05:56,-23.48183,-115.040289
2/21/2024,13:05:56,-23.42183,-115.190289
2/21/2024,13:05:56,-23.38183,-115.390289
2/21/2024,13:05:57,-23.34183,-115.610289
2/21/2024,13:05:57,-23.29183,-115.860289
2/21/2024,13:05:57,-23.25183,-116.090289
2/21/2024,13:05:57,-23.16183,-116.230289
2/21/2024,13:05:57,-23.09183,-116.370289
2/21/2024,13:05:58,-23.00183,-116.550289
2/21/2024,13:05:58,-22.94183,-116.730289
2/21/2024,13:05:58,-22.90183,-116.990289
2/21/2024,13:05:58,-22.85183,-117.200289
2/21/2024,13:05:58,-22.78183,-117.290289
2/21/2024,13:05:59,-22.69183,-117.350289
2/21/2024,13:05:59,-22.62183,-117.450289
2/21/2024,13:05:59,-22.84183,-117.730289
2/21/2024,13:05:59,-22.79183,-117.930289
2/21/2024,13:05:59,-22.44183,-117.950289
2/21/2024,13:06:00,-22.53183,-118.070289
2/21/2024,13:06:00,-22.47183,-118.030289
2/21/2024,13:06:00,-22.46183,-118.040289
2/21/2024,13:06:00,-22.47183,-118.040289
2/21/2024,13:06:00,-22.51183,-118.060289
2/21/2024,13:06:01,-22.55183,-118.020289
2/21/2024,13:06:01,-22.57183,-117.970289
2/21/2024,13:06:01,-22.61183,-117.930289
2/21/2024,13:06:01,-22.63183,-117.850289
2/21/2024,13:06:01,-22.69183,-117.790289
2/21/2024,13:06:02,-22.97183,-117.930289
2/21/2024,13:06:02,-22.99183,-118.000289
2/21/2024,13:06:02,-23.03183,-118.060289
2/21/2024,13:06:02,-23.08183,-118.040289
2/21/2024,13:06:02,-22.69183,-117.870289
2/21/2024,13:06:03,-22.70183,-117.850289
2/21/2024,13:06:03,-22.69183,-117.870289
2/21/2024,13:06:03,-22.70183,-117.900289
2/21/2024,13:06:03,-22.73183,-117.920289
2/21/2024,13:06:03,-22.77183,-117.940289
2/21/2024,13:06:04,-22.81183,-117.960289
2/21/2024,13:06:04,-22.83183,-117.960289
2/21/2024,13:06:04,-22.82183,-118.000289
2/21/2024,13:06:04,-22.74183,-118.150289
2/21/2024,13:06:04,-22.63183,-118.360289
2/21/2024,13:06:05,-22.52183,-118.510289
2/21/2024,13:06:05,-22.41183,-118.570289
2/21/2024,13:06:05,-22.33183,-118.570289
2/21/2024,13:06:05,-22.31183,-118.540289
2/21/2024,13:06:05,-22.34183,-118.530289
2/21/2024,13:06:06,-22.35183,-118.520289
2/21/2024,13:06:06,-22.36183,-118.480289
2/21/2024,13:06:06,-22.53183,-118.480289
2/21/2024,13:06:06,-22.66183,-118.510289
2/21/2024,13:06:06,-22.69183,-118.560289
2/21/2024,13:06:07,-22.70183,-118.640289
2/21/2024,13:06:07,-22.69183,-118.730289
2/21/2024,13:06:07,-22.71183,-118.770289
2/21/2024,13:06:07,-22.75183,-118.790289
2/21/2024,13:06:07,-22.82183,-118.800289
2/21/2024,13:06:08,-22.87183,-118.760289
2/21/2024,13:06:08,-22.90183,-118.730289
2/21/2024,13:06:08,-22.91183,-118.720289
2/21/2024,13:06:08,-22.91183,-118.710289
2/21/2024,13:06:08,-22.90183,-118.710289
2/21/2024,13:06:09,-22.90183,-118.720289
2/21/2024,13:06:09,-22.91183,-118.730289
2/21/2024,13:06:09,-22.91183,-118.730289
2/21/2024,13:06:09,-22.91183,-118.730289
2/21/2024,13:06:09,-22.89183,-118.700289
2/21/2024,13:06:10,-22.88183,-118.680289
2/21/2024,13:06:10,-22.87183,-118.670289
2/21/2024,13:06:10,-22.87183,-118.650289
2/21/2024,13:06:10,-22.86183,-118.610289
2/21/2024,13:06:10,-22.86183,-118.590289
2/21/2024,13:06:11,-22.86183,-118.610289
2/21/2024,13:06:11,-22.86183,-118.610289
2/21/2024,13:06:11,-22.87183,-118.610289
2/21/2024,13:06:11,-22.86183,-118.630289
2/21/2024,13:06:11,-22.86183,-118.650289
2/21/2024,13:06:12,-22.85183,-118.670289
2/21/2024,13:06:12,-22.83183,-118.690289
2/21/2024,13:06:12,-22.82183,-118.710289
2/21/2024,13:06:12,-22.80183,-118.720289
2/21/2024,13:06:12,-22.80183,-118.720289
2/21/2024,13:06:13,-22.81183,-118.720289
2/21/2024,13:06:13,-22.83183,-118.720289
2/21/2024,13:06:13,-22.84183,-118.720289
2/21/2024,13:06:13,-22.84183,-118.720289
2/21/2024,13:06:13,-22.82183,-118.720289
2/21/2024,13:06:14,-22.82183,-118.720289
2/21/2024,13:06:14,-22.83183,-118.720289
2/21/2024,13:06:14,-22.83183,-118.720289
2/21/2024,13:06:14,-22.83183,-118.720289
2/21/2024,13:06:14,-22.84183,-118.720289
2/21/2024,13:06:15,-22.83183,-118.720289
2/21/2024,13:06:15,-22.83183,-118.710289
2/21/2024,13:06:15,-22.83183,-118.720289
2/21/2024,13:06:15,-22.84183,-118.730289
2/21/2024,13:06:15,-22.84183,-118.740289
2/21/2024,13:06:16,-22.84183,-118.740289
2/21/2024,13:06:16,-22.84183,-118.730289
2/21/2024,13:06:16,-22.88183,-118.800289
2/21/2024,13:06:16,-22.91183,-118.880289
2/21/2024,13:06:16,-22.88183,-118.950289
2/21/2024,13:06:17,-22.84183,-119.020289
2/21/2024,13:06:17,-22.81183,-119.070289
2/21/2024,13:06:17,-22.80183,-119.090289
2/21/2024,13:06:17,-22.80183,-119.110289
2/21/2024,13:06:17,-22.75183,-119.150289
2/21/2024,13:06:18,-22.69183,-119.200289
2/21/2024,13:06:18,-22.66183,-119.240289
2/21/2024,13:06:18,-22.65183,-119.240289
2/21/2024,13:06:18,-22.63183,-119.240289
2/21/2024,13:06:18,-22.61183,-119.260289
2/21/2024,13:06:19,-22.60183,-119.270289
2/21/2024,13:06:19,-22.59183,-119.290289
2/21/2024,13:06:19,-22.59183,-119.290289
2/21/2024,13:06:19,-22.60183,-119.290289
2/21/2024,13:06:19,-22.61183,-119.300289
2/21/2024,13:06:20,-22.61183,-119.310289
2/21/2024,13:06:20,-22.65183,-119.380289
2/21/2024,13:06:20,-22.67183,-119.450289
2/21/2024,13:06:20,-22.70183,-119.510289
2/21/2024,13:06:20,-22.74183,-119.610289
2/21/2024,13:06:21,-22.76183,-119.730289
2/21/2024,13:06:21,-22.78183,-119.820289
2/21/2024,13:06:21,-22.74183,-119.870289
2/21/2024,13:06:21,-22.64183,-119.950289
2/21/2024,13:06:21,-22.54183,-120.040289
2/21/2024,13:06:22,-22.43183,-120.120289
2/21/2024,13:06:22,-22.33183,-120.230289
2/21/2024,13:06:22,-22.21183,-120.370289
2/21/2024,13:06:22,-22.08183,-120.460289
2/21/2024,13:06:22,-21.92183,-120.490289
2/21/2024,13:06:23,-21.84183,-120.500289
2/21/2024,13:06:23,-21.77183,-120.540289
2/21/2024,13:06:23,-21.65183,-120.560289
2/21/2024,13:06:23,-21.58183,-120.580289
2/21/2024,13:06:23,-21.56183,-120.610289
2/21/2024,13:06:24,-21.55183,-120.630289
2/21/2024,13:06:24,-21.56183,-120.640289
2/21/2024,13:06:24,-21.56183,-120.650289
2/21/2024,13:06:24,-21.58183,-120.650289
2/21/2024,13:06:24,-21.58183,-120.650289
2/21/2024,13:06:25,-21.58183,-120.650289
2/21/2024,13:06:25,-21.58183,-120.640289
2/21/2024,13:06:25,-21.58183,-120.640289
2/21/2024,13:06:25,-21.58183,-120.640289
2/21/2024,13:06:25,-21.57183,-120.640289
2/21/2024,13:06:26,-21.56183,-120.640289
2/21/2024,13:06:26,-21.56183,-120.640289
2/21/2024,13:06:26,-21.56183,-120.640289
2/21/2024,13:06:26,-21.56183,-120.650289
2/21/2024,13:06:26,-21.55183,-120.650289
2/21/2024,13:06:27,-21.55183,-120.640289
2/21/2024,13:06:27,-21.55183,-120.640289
2/21/2024,13:06:27,-21.55183,-120.630289
2/21/2024,13:06:27,-21.56183,-120.630289
2/21/2024,13:06:27,-21.56183,-120.630289
2/21/2024,13:06:28,-21.56183,-120.630289
2/21/2024,13:06:28,-21.56183,-120.640289
2/21/2024,13:06:28,-21.57183,-120.640289
2/21/2024,13:06:28,-21.57183,-120.640289
2/21/2024,13:06:28,-21.57183,-120.630289
2/21/2024,13:06:29,-21.57183,-120.630289
2/21/2024,13:06:29,-21.57183,-120.630289
2/21/2024,13:06:29,-21.57183,-120.630289
2/21/2024,13:06:29,-21.57183,-120.630289
2/21/2024,13:06:29,-21.58183,-120.630289
2/21/2024,13:06:30,-21.58183,-120.630289
2/21/2024,13:06:30,-21.57183,-120.630289
2/21/2024,13:06:30,-21.57183,-120.630289
2/21/2024,13:06:30,-21.57183,-120.630289
2/21/2024,13:06:30,-21.57183,-120.620289
2/21/2024,13:06:31,-21.57183,-120.630289
2/21/2024,13:06:31,-21.57183,-120.630289
2/21/2024,13:06:31,-21.57183,-120.630289
2/21/2024,13:06:31,-21.57183,-120.630289
2/21/2024,13:06:31,-21.58183,-120.620289
2/21/2024,13:06:32,-21.58183,-120.620289
2/21/2024,13:06:32,-21.58183,-120.620289
2/21/2024,13:06:32,-21.58183,-120.620289
2/21/2024,13:06:32,-21.58183,-120.620289
2/21/2024,13:06:32,-21.58183,-120.620289
2/21/2024,13:06:33,-21.58183,-120.610289
2/21/2024,13:06:33,-21.58183,-120.620289
2/21/2024,13:06:33,-21.58183,-120.620289
2/21/2024,13:06:33,-21.58183,-120.620289
2/21/2024,13:06:33,-21.58183,-120.620289
2/21/2024,13:06:34,-21.58183,-120.620289
2/21/2024,13:06:34,-21.58183,-120.610289
2/21/2024,13:06:34,-21.58183,-120.610289
2/21/2024,13:06:34,-21.58183,-120.610289
2/21/2024,13:06:34,-21.57183,-120.610289
2/21/2024,13:06:35,-21.57183,-120.600289
2/21/2024,13:06:35,-21.57183,-120.600289
2/21/2024,13:06:35,-21.59183,-120.600289
2/21/2024,13:06:35,-21.57183,-120.600289
2/21/2024,13:06:35,-21.59183,-120.600289
2/21/2024,13:06:36,-21.58183,-120.600289
2/21/2024,13:06:36,-21.59183,-120.600289
2/21/2024,13:06:36,-21.59183,-120.600289
2/21/2024,13:06:36,-21.59183,-120.610289
2/21/2024,13:06:36,-21.59183,-120.610289
2/21/2024,13:06:37,-21.59183,-120.610289
2/21/2024,13:06:37,-21.58183,-120.610289
2/21/2024,13:06:37,-21.58183,-120.610289
2/21/2024,13:06:37,-21.58183,-120.610289
2/21/2024,13:06:37,-21.58183,-120.610289
2/21/2024,13:06:38,-21.58183,-120.610289
2/21/2024,13:06:38,-21.58183,-120.610289
2/21/2024,13:06:38,-21.58183,-120.610289
2/21/2024,13:06:38,-21.58183,-120.610289
2/21/2024,13:06:38,-21.58183,-120.610289
2/21/2024,13:06:39,-21.58183,-120.610289
2/21/2024,13:06:39,-21.58183,-120.600289
2/21/2024,13:06:39,-21.58183,-120.600289
2/21/2024,13:06:39,-21.58183,-120.610289
2/21/2024,13:06:39,-21.58183,-120.610289
2/21/2024,13:06:40,-21.58183,-120.600289
2/21/2024,13:06:40,-21.58183,-120.600289
2/21/2024,13:06:40,-21.60183,-120.600289
2/21/2024,13:06:40,-21.62183,-120.580289
2/21/2024,13:06:40,-21.63183,-120.580289
2/21/2024,13:06:41,-21.63183,-120.570289
2/21/2024,13:06:41,-21.63183,-120.570289
2/21/2024,13:06:41,-21.63183,-120.560289
2/21/2024,13:06:41,-21.64183,-120.560289
2/21/2024,13:06:41,-21.64183,-120.560289
2/21/2024,13:06:42,-21.64183,-120.560289
2/21/2024,13:06:42,-21.64183,-120.570289
2/21/2024,13:06:42,-21.63183,-120.570289
2/21/2024,13:06:42,-21.63183,-120.570289
2/21/2024,13:06:42,-21.63183,-120.560289
2/21/2024,13:06:43,-21.63183,-120.560289
2/21/2024,13:06:43,-21.62183,-120.560289
2/21/2024,13:06:43,-21.63183,-120.570289
2/21/2024,13:06:43,-21.62183,-120.580289
2/21/2024,13:06:43,-21.59183,-120.610289
2/21/2024,13:06:44,-21.57183,-120.630289
2/21/2024,13:06:44,-21.56183,-120.630289
2/21/2024,13:06:44,-21.55183,-120.640289
2/21/2024,13:06:44,-21.51183,-120.650289
2/21/2024,13:06:44,-21.50183,-120.670289
2/21/2024,13:06:45,-21.51183,-120.660289
2/21/2024,13:06:45,-21.53183,-120.650289
2/21/2024,13:06:45,-21.53183,-120.630289
2/21/2024,13:06:45,-21.53183,-120.620289
2/21/2024,13:06:45,-21.53183,-120.620289
2/21/2024,13:06:46,-21.53183,-120.620289
2/21/2024,13:06:46,-21.53183,-120.630289
2/21/2024,13:06:46,-21.53183,-120.630289
2/21/2024,13:06:46,-21.52183,-120.630289
2/21/2024,13:06:46,-21.53183,-120.630289
2/21/2024,13:06:47,-21.53183,-120.620289
2/21/2024,13:06:47,-21.53183,-120.630289
2/21/2024,13:06:47,-21.53183,-120.630289
2/21/2024,13:06:47,-21.53183,-120.630289
2/21/2024,13:06:47,-21.53183,-120.640289
2/21/2024,13:06:48,-21.53183,-120.640289
2/21/2024,13:06:48,-21.53183,-120.640289
2/21/2024,13:06:48,-21.53183,-120.630289
2/21/2024,13:06:48,-21.53183,-120.640289
2/21/2024,13:06:48,-21.53183,-120.630289
2/21/2024,13:06:49,-21.53183,-120.630289
2/21/2024,13:06:49,-21.53183,-120.630289
2/21/2024,13:06:49,-21.53183,-120.630289
2/21/2024,13:06:49,-21.53183,-120.630289
2/21/2024,13:06:49,-21.53183,-120.630289
2/21/2024,13:06:50,-21.52183,-120.630289
2/21/2024,13:06:50,-21.52183,-120.630289
2/21/2024,13:06:50,-21.52183,-120.630289
2/21/2024,13:06:50,-21.52183,-120.630289
2/21/2024,13:06:50,-21.52183,-120.630289
2/21/2024,13:06:51,-21.52183,-120.630289
2/21/2024,13:06:51,-21.52183,-120.630289
2/21/2024,13:06:51,-21.53183,-120.630289
2/21/2024,13:06:51,-21.53183,-120.630289
2/21/2024,13:06:51,-21.53183,-120.630289
2/21/2024,13:06:52,-21.53183,-120.630289
2/21/2024,13:06:52,-21.53183,-120.630289
2/21/2024,13:06:52,-21.53183,-120.630289
2/21/2024,13:06:52,-21.53183,-120.630289
2/21/2024,13:06:52,-21.52183,-120.630289
2/21/2024,13:06:53,-21.53183,-120.630289
2/21/2024,13:06:53,-21.52183,-120.630289
2/21/2024,13:06:53,-21.52183,-120.630289
2/21/2024,13:06:53,-21.53183,-120.630289
2/21/2024,13:06:53,-21.52183,-120.630289
2/21/2024,13:06:54,-21.53183,-120.630289
2/21/2024,13:06:54,-21.52183,-120.630289
2/21/2024,13:06:54,-21.52183,-120.630289
2/21/2024,13:06:54,-21.52183,-120.630289
2/21/2024,13:06:54,-21.52183,-120.630289
2/21/2024,13:06:55,-21.52183,-120.630289
2/21/2024,13:06:55,-21.52183,-120.630289
2/21/2024,13:06:55,-21.52183,-120.620289
2/21/2024,13:06:55,-21.53183,-120.630289
2/21/2024,13:06:55,-21.52183,-120.630289
2/21/2024,13:06:56,-21.52183,-120.630289
2/21/2024,13:06:56,-21.52183,-120.630289
2/21/2024,13:06:56,-21.52183,-120.630289
2/21/2024,13:06:56,-21.52183,-120.620289
2/21/2024,13:06:56,-21.52183,-120.630289
2/21/2024,13:06:57,-21.53183,-120.620289
2/21/2024,13:06:57,-21.52183,-120.620289
2/21/2024,13:06:57,-21.52183,-120.620289
2/21/2024,13:06:57,-21.52183,-120.620289
